[
	{
		"codMec": "apic80800a",
		"tipo": "ISTITUTO COMPRENSIVO",
		"nome": "ACQUAVIVA P.  ISC \"DE CAROLIS\"",
		"indirizzo": "PIAZZALE CELSO ULPIANI 1",
		"cap": "63075",
		"comune": "ACQUAVIVA PICENA",
		"provincia": "AP"
	}
	,
	{
		"codMec": "apis004007",
		"tipo": "ISTITUTO SUPERIORE",
		"nome": "IST. OMNICOMPRENSIVO TEC.COMM. AMANDOLA",
		"indirizzo": "VIA FABIO FILZI, 10",
		"cap": "63857",
		"comune": "AMANDOLA",
		"provincia": "AP"
	}
	,
	{
		"codMec": "apis00600v",
		"tipo": "ISTITUTO SUPERIORE",
		"nome": "IS I.P.S.I.A.\"SACCONI\" ASCOLI PICENO",
		"indirizzo": "VIA D.ANGELINI 18",
		"cap": "63100",
		"comune": "ASCOLI PICENO",
		"provincia": "AP"
	}
	,
	{
		"codMec": "apis01100a",
		"tipo": "ISTITUTO SUPERIORE",
		"nome": "I.I.S.\"E. FERMI\" ASCOLI PICENO",
		"indirizzo": "VIALE      DELLA REPUBBLICA, 31",
		"cap": "63100",
		"comune": "ASCOLI PICENO",
		"provincia": "AP"
	}
	,
	{
		"codMec": "aptd030001",
		"tipo": "IST TEC COMMERCIALE E PER GEOMETRI",
		"nome": "\"UMBERTO I\"",
		"indirizzo": "VIA  DELLE TORRI 4",
		"cap": "63100",
		"comune": "ASCOLI PICENO",
		"provincia": "AP"
	}
	,
	{
		"codMec": "apic83000g",
		"tipo": "ISTITUTO COMPRENSIVO",
		"nome": "ISC ASCOLI CENTRO.D\\'AZEGLIO",
		"indirizzo": "VIA MALASPINA 2",
		"cap": "63100",
		"comune": "ASCOLI PICENO",
		"provincia": "AP"
	}
	,
	{
		"codMec": "apic82900b",
		"tipo": "ISTITUTO COMPRENSIVO",
		"nome": "ISC LUCIANI-S.FILIPPO",
		"indirizzo": "VIA TRE OTTOBRE 8/C",
		"cap": "63100",
		"comune": "ASCOLI PICENO",
		"provincia": "AP"
	}
	,
	{
		"codMec": "apis00800e",
		"tipo": "ISTITUTO SUPERIORE",
		"nome": "I.I.S. IST.TEC.AGR. \"ULPIANI\" ASCOLI P.",
		"indirizzo": "VIA DELLA REPUBBLICA 30",
		"cap": "63100",
		"comune": "ASCOLI PICENO",
		"provincia": "AP"
	}
	,
	{
		"codMec": "apic83100b",
		"tipo": "ISTITUTO COMPRENSIVO",
		"nome": "ISC BORGO SOLESTA\\'-CANTALAMESSA",
		"indirizzo": "VIA SAN SERAFINO DA MONTEGRANARO",
		"cap": "63100",
		"comune": "ASCOLI PICENO",
		"provincia": "AP"
	}
	,
	{
		"codMec": "apic832007",
		"tipo": "ISTITUTO COMPRENSIVO",
		"nome": "ISC DON GIUSSANI-MONTICELLI",
		"indirizzo": "VIA DEI NARCISI",
		"cap": "63100",
		"comune": "ASCOLI PICENO",
		"provincia": "AP"
	}
	,
	{
		"codMec": "apsd01000a",
		"tipo": "ISTITUTO D\\'ARTE",
		"nome": "LICEO ARTISTICO ASCOLI PICENO",
		"indirizzo": "VIA TRE OTTOBRE 18/A",
		"cap": "63100",
		"comune": "ASCOLI PICENO",
		"provincia": "AP"
	}
	,
	{
		"codMec": "appc02000b",
		"tipo": "LICEO CLASSICO",
		"nome": "\"FRANCESCO STABILI \"",
		"indirizzo": "VIALE VELLEI, 10",
		"cap": "63100",
		"comune": "ASCOLI PICENO",
		"provincia": "AP"
	}
	,
	{
		"codMec": "apps01000x",
		"tipo": "LICEO SCIENTIFICO",
		"nome": "\"ANTONIO ORSINI\"",
		"indirizzo": "VIA FALERIA  4",
		"cap": "63100",
		"comune": "ASCOLI PICENO",
		"provincia": "AP"
	}
	,
	{
		"codMec": "apte010007",
		"tipo": "ISTITUTO TECNICO PER ATTIVITA\\' SOCIALI (GIA\\' ITF)",
		"nome": "I.T.S.\"MAZZOCCHI\" ASCOLI PICENO",
		"indirizzo": "VIA MARCHE - PENNILE DI SOTTO",
		"cap": "63100",
		"comune": "ASCOLI PICENO",
		"provincia": "AP"
	}
	,
	{
		"codMec": "apic820001",
		"tipo": "ISTITUTO COMPRENSIVO",
		"nome": "CASTEL DI LAMA  ISC 1",
		"indirizzo": "VIA ROMA, 107",
		"cap": "63082",
		"comune": "CASTEL DI LAMA",
		"provincia": "AP"
	}
	,
	{
		"codMec": "apic82100r",
		"tipo": "ISTITUTO COMPRENSIVO",
		"nome": "FALCONE E BORSELLINO",
		"indirizzo": "VIA MONTE CATRIA 34",
		"cap": "63100",
		"comune": "CASTEL DI LAMA",
		"provincia": "AP"
	}
	,
	{
		"codMec": "apic81300t",
		"tipo": "ISTITUTO COMPRENSIVO",
		"nome": "INTERPROVINCIALE SIBILLINI ISC",
		"indirizzo": "VIA ERMANNO PASCALI, 81",
		"cap": "63087",
		"comune": "COMUNANZA",
		"provincia": "AP"
	}
	,
	{
		"codMec": "apic825004",
		"tipo": "ISTITUTO COMPRENSIVO",
		"nome": "FALERONE  ISC",
		"indirizzo": "PIAZZA DELLA LIBERTA\\'  N. 1",
		"cap": "63837",
		"comune": "FALERONE",
		"provincia": "AP"
	}
	,
	{
		"codMec": "apic81000a",
		"tipo": "ISTITUTO COMPRENSIVO",
		"nome": "FERMO  IC \"DA VINCI-UNGARETTI\"",
		"indirizzo": "VIA L.DA VINCI, 11",
		"cap": "63900",
		"comune": "FERMO",
		"provincia": "AP"
	}
	,
	{
		"codMec": "appc01000r",
		"tipo": "LICEO CLASSICO",
		"nome": "LIC. CL. \"A.CARO\" FERMO",
		"indirizzo": "VIA        LEOPARDI 2",
		"cap": "63900",
		"comune": "FERMO",
		"provincia": "AP"
	}
	,
	{
		"codMec": "aptd07000b",
		"tipo": "IST TEC COMMERCIALE E PER GEOMETRI",
		"nome": "I.T.E.T. \"CARDUCCI/GALILEI\" FERMO",
		"indirizzo": "VIALE TRENTO, 63",
		"cap": "63900",
		"comune": "FERMO",
		"provincia": "AP"
	}
	,
	{
		"codMec": "apis00100q",
		"tipo": "ISTITUTO SUPERIORE",
		"nome": "LICEO ARTISTICO \"PREZIOTTI-LICINI\"",
		"indirizzo": "VIA MARSALA",
		"cap": "63900",
		"comune": "FERMO",
		"provincia": "AP"
	}
	,
	{
		"codMec": "apic841002",
		"tipo": "ISTITUTO COMPRENSIVO",
		"nome": "ISC  \"FRACASSETTI-CAPODARCO DI",
		"indirizzo": "VIA VISCONTI D\\'OLEGGIO",
		"cap": "63023",
		"comune": "FERMO",
		"provincia": "AP"
	}
	,
	{
		"codMec": "apic840006",
		"tipo": "ISTITUTO COMPRENSIVO",
		"nome": "ISC FERMO \"BETTI\"",
		"indirizzo": "VIA PONCHIELLI, 9",
		"cap": "63900",
		"comune": "FERMO",
		"provincia": "AP"
	}
	,
	{
		"codMec": "aptf010002",
		"tipo": "ISTITUTO TECNICO INDUSTRIALE",
		"nome": "I.T.T. \"G. E M. MONTANI\" FERMO",
		"indirizzo": "VIA        MONTANI 7",
		"cap": "63900",
		"comune": "FERMO",
		"provincia": "AP"
	}
	,
	{
		"codMec": "apps030005",
		"tipo": "LICEO SCIENTIFICO",
		"nome": "LICEO SCIENTIFICO STATALE \"T. C. ONESTI\"",
		"indirizzo": "VIA  DEI MILLE, 2",
		"cap": "63900",
		"comune": "FERMO",
		"provincia": "AP"
	}
	,
	{
		"codMec": "apri02000q",
		"tipo": "IST PROF INDUSTRIA E ARTIGIANATO",
		"nome": "\"O. RICCI\"",
		"indirizzo": "VIA SALVO D\\'ACQUISTO, 71",
		"cap": "63023",
		"comune": "FERMO",
		"provincia": "AP"
	}
	,
	{
		"codMec": "apic817005",
		"tipo": "ISTITUTO COMPRENSIVO",
		"nome": "ISC FOLIGNANO - MALTIGNANO",
		"indirizzo": "VIA AREZZO",
		"cap": "63084",
		"comune": "FOLIGNANO",
		"provincia": "AP"
	}
	,
	{
		"codMec": "apis00700p",
		"tipo": "ISTITUTO SUPERIORE",
		"nome": "IIS FAZZINI/MERCANTINI",
		"indirizzo": "VIA SALVO D\\'ACQUISTO N.30",
		"cap": "63066",
		"comune": "GROTTAMMARE",
		"provincia": "AP"
	}
	,
	{
		"codMec": "apic818001",
		"tipo": "ISTITUTO COMPRENSIVO",
		"nome": "GROTTAMMARE ISC \"LEOPARDI G.\"",
		"indirizzo": "VIA TOSCANINI, 14",
		"cap": "63066",
		"comune": "GROTTAMMARE",
		"provincia": "AP"
	}
	,
	{
		"codMec": "aprh01000n",
		"tipo": "IST PROF  ALBERGHIERO",
		"nome": "I.P.S.S.E.O.A. \"BUSCEMI\" S.BENEDETTO TR",
		"indirizzo": "PIAZZA MONS. SCIOCCHETTI",
		"cap": "63074",
		"comune": "SAN BENEDETTO DEL TRONTO",
		"provincia": "AP"
	}
	,
	{
		"codMec": "apis00900a",
		"tipo": "ISTITUTO SUPERIORE",
		"nome": "ISTITUTO SUPERIORE \"A. CAPRIOTTI\"",
		"indirizzo": "VIA SGATTONI, 41",
		"cap": "63074",
		"comune": "SAN BENEDETTO DEL TRONTO",
		"provincia": "AP"
	}
	,
	{
		"codMec": "apri03000a",
		"tipo": "IST PROF INDUSTRIA E ARTIGIANATO",
		"nome": "I.P.S.I.A. SAN BENEDETTO TR. GUASTAFERRO",
		"indirizzo": "ZONA BRANCADORO-VIALE  DELLO SPORT, 60",
		"cap": "63074",
		"comune": "SAN BENEDETTO DEL TRONTO",
		"provincia": "AP"
	}
	,
	{
		"codMec": "apic833003",
		"tipo": "ISTITUTO COMPRENSIVO",
		"nome": "ISC NORD SAN BENEDETTO DEL TR.",
		"indirizzo": "VIA G. MORETTI   79",
		"cap": "63074",
		"comune": "SAN BENEDETTO DEL TRONTO",
		"provincia": "AP"
	}
	,
	{
		"codMec": "apps02000e",
		"tipo": "LICEO SCIENTIFICO",
		"nome": "\"B. ROSETTI\"",
		"indirizzo": "VIALE DE GASPERI  141",
		"cap": "63074",
		"comune": "SAN BENEDETTO DEL TRONTO",
		"provincia": "AP"
	}
	,
	{
		"codMec": "apis00300b",
		"tipo": "ISTITUTO SUPERIORE",
		"nome": "I.I.S. LIC. CL.\"LEOPARDI\" S.BENEDETTO TR",
		"indirizzo": "VIALE A.DE GASPERI 135",
		"cap": "63074",
		"comune": "SAN BENEDETTO DEL TRONTO",
		"provincia": "AP"
	}
	,
	{
		"codMec": "apic83400v",
		"tipo": "ISTITUTO COMPRENSIVO",
		"nome": "ISC SUD SAN BENEDETTO DEL TR.",
		"indirizzo": "PIAZZA E. SETTI CARRARO 5",
		"cap": "63074",
		"comune": "SAN BENEDETTO DEL TRONTO",
		"provincia": "AP"
	}
	,
	{
		"codMec": "apic839002",
		"tipo": "ISTITUTO COMPRENSIVO",
		"nome": "ISC SANT\\'ELPIDIO A MARE",
		"indirizzo": "VIA CARLO ALBERTO DALLA CHIESA 114",
		"cap": "63811",
		"comune": "SANT\\'ELPIDIO A MARE",
		"provincia": "AP"
	}
	,
	{
		"codMec": "apic80600p",
		"tipo": "ISTITUTO COMPRENSIVO",
		"nome": "SPINETOLI ISC",
		"indirizzo": "VIA GIOVANNI XXIII 13",
		"cap": "63078",
		"comune": "SPINETOLI",
		"provincia": "AP"
	}
	,
	{
		"codMec": "apic809006",
		"tipo": "ISTITUTO COMPRENSIVO",
		"nome": "IC ROTELLA",
		"indirizzo": "VIA PIANE",
		"cap": "63034",
		"comune": "MONTALTO DELLE MARCHE",
		"provincia": "AP"
	}
	,
	{
		"codMec": "apic838006",
		"tipo": "ISTITUTO COMPRENSIVO",
		"nome": "ISC MONTE URANO",
		"indirizzo": "VIA ALFIERI, 1",
		"cap": "63015",
		"comune": "MONTE URANO",
		"provincia": "AP"
	}
	,
	{
		"codMec": "apic82600x",
		"tipo": "ISTITUTO COMPRENSIVO",
		"nome": "MONTEGIORGIO  ISC",
		"indirizzo": "VIA        LEOPARDI  6",
		"cap": "63025",
		"comune": "MONTEGIORGIO",
		"provincia": "AP"
	}
	,
	{
		"codMec": "apic824008",
		"tipo": "ISTITUTO COMPRENSIVO",
		"nome": "MONTEGRANARO  ISC",
		"indirizzo": "VIA    MARTIRI D\\'UNGHERIA 98",
		"cap": "63812",
		"comune": "MONTEGRANARO",
		"provincia": "AP"
	}
	,
	{
		"codMec": "apic82800g",
		"tipo": "ISTITUTO COMPRENSIVO",
		"nome": "MONTEPRANDONE  ISC",
		"indirizzo": "VIA COLLE GIOIOSO  N. 2",
		"cap": "63076",
		"comune": "MONTEPRANDONE",
		"provincia": "AP"
	}
	,
	{
		"codMec": "apic82200l",
		"tipo": "ISTITUTO COMPRENSIVO",
		"nome": "MONTERUBBIANO VINCENZO PAGANI",
		"indirizzo": "VIA ORESTE MURANI, 4",
		"cap": "63825",
		"comune": "MONTERUBBIANO",
		"provincia": "AP"
	}
	,
	{
		"codMec": "apic81500d",
		"tipo": "ISTITUTO COMPRENSIVO",
		"nome": "OFFIDA   ISC",
		"indirizzo": "VIA CIABATTONI 12",
		"cap": "63073",
		"comune": "OFFIDA",
		"provincia": "AP"
	}
	,
	{
		"codMec": "apic82700q",
		"tipo": "ISTITUTO COMPRENSIVO",
		"nome": "PETRITOLI    ISC",
		"indirizzo": "VIA AGELLI 10",
		"cap": "63848",
		"comune": "PETRITOLI",
		"provincia": "AP"
	}
	,
	{
		"codMec": "apic82300c",
		"tipo": "ISTITUTO COMPRENSIVO",
		"nome": "P.S.GIORGIO   ISC \"NARDI\"",
		"indirizzo": "VIALE      DEI PINI NORD",
		"cap": "63822",
		"comune": "PORTO SAN GIORGIO",
		"provincia": "AP"
	}
	,
	{
		"codMec": "apis00200g",
		"tipo": "ISTITUTO SUPERIORE",
		"nome": "IST. ISTR. SEC. SUP. \"CARLO URBANI\"",
		"indirizzo": "VIA LEGNANO  17",
		"cap": "63811",
		"comune": "PORTO SANT\\'ELPIDIO",
		"provincia": "AP"
	}
	,
	{
		"codMec": "apic83700a",
		"tipo": "ISTITUTO COMPRENSIVO",
		"nome": "RODARI-MARCONI",
		"indirizzo": "VIA PATRIOTI DELLE MARCHE, 5",
		"cap": "63821",
		"comune": "PORTO SANT\\'ELPIDIO",
		"provincia": "AP"
	}
	,
	{
		"codMec": "apic83600e",
		"tipo": "ISTITUTO COMPRENSIVO",
		"nome": "I.S.C. \"RITA LEVI MONTALCINI\"",
		"indirizzo": "VIA FONTANELLA, 2",
		"cap": "63821",
		"comune": "PORTO SANT\\'ELPIDIO",
		"provincia": "AP"
	}
	,
	{
		"codMec": "apic804003",
		"tipo": "ISTITUTO COMPRENSIVO",
		"nome": "RIPATRANSONE   ISC",
		"indirizzo": "VIA DA SOLE, 1",
		"cap": "63065",
		"comune": "RIPATRANSONE",
		"provincia": "AP"
	}
	,
	{
		"codMec": "apic811006",
		"tipo": "ISTITUTO COMPRENSIVO",
		"nome": "ISC DEL TRONTO E VALFLUVIONE",
		"indirizzo": "VIA GIACOMO LEOPARDI 1",
		"cap": "63049",
		"comune": "ROCCAFLUVIONE",
		"provincia": "AP"
	}
	,
	{
		"codMec": "apic83500p",
		"tipo": "ISTITUTO COMPRENSIVO",
		"nome": "IC CENTRO SAN BENEDETTO DEL TR",
		"indirizzo": "VIA GIUSEPPE IMPASTATO 12",
		"cap": "63074",
		"comune": "SAN BENEDETTO DEL TRONTO",
		"provincia": "AP"
	}
]