[
	{
		"codMec": "aqic83400d",
		"tipo": "ISTITUTO COMPRENSIVO",
		"nome": "N. 1 \"MAZZINI - CAPOGRASSI\"",
		"indirizzo": "VIALE MAZZINI 2",
		"cap": "67039",
		"comune": "SULMONA",
		"provincia": "AQ"
	}
	,
	{
		"codMec": "aqmm060003",
		"tipo": "SCUOLA PRIMO GRADO",
		"nome": "IST. ONNICOMPRENSIVO  A. ARGOLI",
		"indirizzo": "VIA G. MARCONI N.51",
		"cap": "67069",
		"comune": "TAGLIACOZZO",
		"provincia": "AQ"
	}
	,
	{
		"codMec": "aqic831002",
		"tipo": "ISTITUTO COMPRENSIVO",
		"nome": "ISTITUTO COMPRENSIVO  TRASACCO",
		"indirizzo": "PIAZZA G. MATTEOTTI",
		"cap": "67059",
		"comune": "TRASACCO",
		"provincia": "AQ"
	}
	,
	{
		"codMec": "aqmm028007",
		"tipo": "SCUOLA PRIMO GRADO",
		"nome": "IST. ISTR. SEC. DI I GRADO",
		"indirizzo": "VIA FONTANELLE, 100",
		"cap": "67043",
		"comune": "CELANO",
		"provincia": "AQ"
	}
	,
	{
		"codMec": "aqee031004",
		"tipo": "CIRCOLO DIDATTICO",
		"nome": "CD CELANO",
		"indirizzo": "VIA MADONNA DELLE GRAZIE",
		"cap": "67043",
		"comune": "CELANO",
		"provincia": "AQ"
	}
	,
	{
		"codMec": "aqic83900l",
		"tipo": "ISTITUTO COMPRENSIVO",
		"nome": "ISTITUTO COMPRENSIVO \"E.MATTEI\"",
		"indirizzo": "VIA ROMA S.N.C",
		"cap": "67054",
		"comune": "CIVITELLA ROVETO",
		"provincia": "AQ"
	}
	,
	{
		"codMec": "aqic82500p",
		"tipo": "ISTITUTO COMPRENSIVO",
		"nome": "I.C. \"SAN GIOVANNI BOSCO\"",
		"indirizzo": "VIA LAMARMORA, 1",
		"cap": "67055",
		"comune": "GIOIA DEI MARSI",
		"provincia": "AQ"
	}
	,
	{
		"codMec": "aqic83300n",
		"tipo": "ISTITUTO COMPRENSIVO",
		"nome": "IST.COMPRENSIVO \"GIANNI RODARI\"",
		"indirizzo": "VIA SALARIA ANTICA EST N. 27/C",
		"cap": "67100",
		"comune": "L\\'AQUILA",
		"provincia": "AQ"
	}
	,
	{
		"codMec": "aqee00600b",
		"tipo": "CIRCOLO DIDATTICO",
		"nome": "CD  AMITERNUM",
		"indirizzo": "VIA P. FICARA MUSP. 10",
		"cap": "67100",
		"comune": "L\\'AQUILA",
		"provincia": "AQ"
	}
	,
	{
		"codMec": "aqvc050005",
		"tipo": "CONVITTO ANNESSO",
		"nome": "D. COTUGNO",
		"indirizzo": "VIA PASQUALE FICARA, 9",
		"cap": "67100",
		"comune": "L\\'AQUILA",
		"provincia": "AQ"
	}
	,
	{
		"codMec": "aqee002004",
		"tipo": "CIRCOLO DIDATTICO",
		"nome": "D.D. SILVESTRO DELL AQUILA",
		"indirizzo": "VIA DELLA POLVERIERA MUSP 13",
		"cap": "67100",
		"comune": "L\\'AQUILA",
		"provincia": "AQ"
	}
	,
	{
		"codMec": "aqee00400q",
		"tipo": "CIRCOLO DIDATTICO",
		"nome": "CD  GALILEO GALILEI",
		"indirizzo": "VIA DEL RIO",
		"cap": "67016",
		"comune": "L\\'AQUILA",
		"provincia": "AQ"
	}
	,
	{
		"codMec": "aqmm074001",
		"tipo": "SCUOLA PRIMO GRADO",
		"nome": "CPIA L\\'AQUILA",
		"indirizzo": "STRADA STAT. 80 N. 8/B",
		"cap": "67100",
		"comune": "L\\'AQUILA",
		"provincia": "AQ"
	}
	,
	{
		"codMec": "aqmm001007",
		"tipo": "SCUOLA PRIMO GRADO",
		"nome": "SCUOLA MEDIA D.ALIGHIERI",
		"indirizzo": "VIA ACQUASANTA, 4",
		"cap": "67100",
		"comune": "L\\'AQUILA",
		"provincia": "AQ"
	}
	,
	{
		"codMec": "aqis01800q",
		"tipo": "ISTITUTO SUPERIORE",
		"nome": "I.I.S  \"A. BAFILE\"",
		"indirizzo": "VIA ACQUASANTA N. 16",
		"cap": "67100",
		"comune": "L\\'AQUILA",
		"provincia": "AQ"
	}
	,
	{
		"codMec": "aqis016004",
		"tipo": "ISTITUTO SUPERIORE",
		"nome": "ISTITUTO SUPERIORE \"AMEDEO D AOSTA\"",
		"indirizzo": "VIA ACQUASANTA, 5",
		"cap": "67100",
		"comune": "L\\'AQUILA",
		"provincia": "AQ"
	}
	,
	{
		"codMec": "aqis007009",
		"tipo": "ISTITUTO SUPERIORE",
		"nome": "I.I.S. \" L. DA VINCI - O. COLECCHI\"",
		"indirizzo": "VIA MONTE SAN ROCCO  N.15  LOC.PINETA SIGNORINI",
		"cap": "67100",
		"comune": "L\\'AQUILA",
		"provincia": "AQ"
	}
	,
	{
		"codMec": "aqic844004",
		"tipo": "ISTITUTO COMPRENSIVO",
		"nome": "G.MAZZINI -T.PATINI-",
		"indirizzo": "VIA SALARIA ANTICA EST",
		"cap": "67100",
		"comune": "L\\'AQUILA",
		"provincia": "AQ"
	}
	,
	{
		"codMec": "aqpm01000g",
		"tipo": "ISTITUTO MAGISTRALE",
		"nome": "\"BENEDETTO CROCE\"",
		"indirizzo": "VIA CAVALIERI DI VITTORIO VENETO,9",
		"cap": "67051",
		"comune": "AVEZZANO",
		"provincia": "AQ"
	}
	,
	{
		"codMec": "aqis01200r",
		"tipo": "ISTITUTO SUPERIORE",
		"nome": "ISTITUTO SUPERIORE TORLONIA - BELLISARIO",
		"indirizzo": "VIA  G. MARCONI 37",
		"cap": "67051",
		"comune": "AVEZZANO",
		"provincia": "AQ"
	}
	,
	{
		"codMec": "aqis01400c",
		"tipo": "ISTITUTO SUPERIORE",
		"nome": "ISTITUTO SUPERIORE ETTORE MAJORANA",
		"indirizzo": "VIA A. MORO, 1",
		"cap": "67051",
		"comune": "AVEZZANO",
		"provincia": "AQ"
	}
	,
	{
		"codMec": "aqic84100l",
		"tipo": "ISTITUTO COMPRENSIVO",
		"nome": "I.C. CORRADINI -POMILIO",
		"indirizzo": "VIA CORRADINI N. 132",
		"cap": "67051",
		"comune": "AVEZZANO",
		"provincia": "AQ"
	}
	,
	{
		"codMec": "aqic84200c",
		"tipo": "ISTITUTO COMPRENSIVO",
		"nome": "I.C.  VIVENZA- GIOVANNI XXIII",
		"indirizzo": "VIA  MASSA D ALBE",
		"cap": "67051",
		"comune": "AVEZZANO",
		"provincia": "AQ"
	}
	,
	{
		"codMec": "aqic84000r",
		"tipo": "ISTITUTO COMPRENSIVO",
		"nome": "I.C. N. 1  G.MAZZINI-E.FERMI",
		"indirizzo": "VIA MAZZINI N. 68",
		"cap": "67051",
		"comune": "AVEZZANO",
		"provincia": "AQ"
	}
	,
	{
		"codMec": "aqps03000q",
		"tipo": "LICEO SCIENTIFICO",
		"nome": "\"VITRUVIO POLLIONE\"",
		"indirizzo": "VIA   ALDO MORO 1",
		"cap": "67051",
		"comune": "AVEZZANO",
		"provincia": "AQ"
	}
	,
	{
		"codMec": "aqis01300l",
		"tipo": "ISTITUTO SUPERIORE",
		"nome": "IST. D\\'ISTRUZIONE  SUPERIORE \"G.GALILEI\"",
		"indirizzo": "VIA M. DOMENICO VALERII N. 131",
		"cap": "67051",
		"comune": "AVEZZANO",
		"provincia": "AQ"
	}
	,
	{
		"codMec": "aqic843008",
		"tipo": "ISTITUTO COMPRENSIVO",
		"nome": "I.C. N. 4 \"C. COLLODI-L.MARINI\"",
		"indirizzo": "VIA FUCINO, 3",
		"cap": "67051",
		"comune": "AVEZZANO",
		"provincia": "AQ"
	}
	,
	{
		"codMec": "aqis01700x",
		"tipo": "ISTITUTO SUPERIORE",
		"nome": "I.P.A.A.  SERPIERI",
		"indirizzo": "VIA  BUONARROTI, 1",
		"cap": "67051",
		"comune": "AVEZZANO",
		"provincia": "AQ"
	}
	,
	{
		"codMec": "aqic81200l",
		"tipo": "ISTITUTO COMPRENSIVO",
		"nome": "IC BALSORANO",
		"indirizzo": "VIA MADONNA DELL ORTO S. N.",
		"cap": "67052",
		"comune": "BALSORANO",
		"provincia": "AQ"
	}
	,
	{
		"codMec": "aqic83800r",
		"tipo": "ISTITUTO COMPRENSIVO",
		"nome": "IST.COMPRENSIVO  A. B. SABIN",
		"indirizzo": "PIAZZA LUSI N. 41",
		"cap": "67053",
		"comune": "CAPISTRELLO",
		"provincia": "AQ"
	}
	,
	{
		"codMec": "aqmm02400x",
		"tipo": "SCUOLA PRIMO GRADO",
		"nome": "SCUOLA MEDIA CARSOLI",
		"indirizzo": "VIA 9? REGGIMENTO FANTERIA S.N.C",
		"cap": "67061",
		"comune": "CARSOLI",
		"provincia": "AQ"
	}
	,
	{
		"codMec": "aqic837001",
		"tipo": "ISTITUTO COMPRENSIVO",
		"nome": "CASTEL DI SANGRO",
		"indirizzo": "VIA NICOLA MANCINI,18",
		"cap": "67031",
		"comune": "CASTEL DI SANGRO",
		"provincia": "AQ"
	}
	,
	{
		"codMec": "aqis002006",
		"tipo": "ISTITUTO SUPERIORE",
		"nome": "ISTITUTO ISTRUZ. SUP.\"PATINI-LIBERATORE\"",
		"indirizzo": "VIA DEI CARACENI. 8",
		"cap": "67031",
		"comune": "CASTEL DI SANGRO",
		"provincia": "AQ"
	}
	,
	{
		"codMec": "aqic82100b",
		"tipo": "ISTITUTO COMPRENSIVO",
		"nome": "IC  IGNAZIO SILONE",
		"indirizzo": "VIA ALESSANDRO TORLONIA, 108/B",
		"cap": "67056",
		"comune": "LUCO DEI MARSI",
		"provincia": "AQ"
	}
	,
	{
		"codMec": "aqic82400v",
		"tipo": "ISTITUTO COMPRENSIVO",
		"nome": "IC \"G. DI GIROLAMO\" MAGLIANO M.",
		"indirizzo": "VIA TOMMASO DI LORENZO, 7",
		"cap": "67062",
		"comune": "MAGLIANO DE\\' MARSI",
		"provincia": "AQ"
	}
	,
	{
		"codMec": "aqic823003",
		"tipo": "ISTITUTO COMPRENSIVO",
		"nome": "IC NAVELLI",
		"indirizzo": "P.ZZA S. PELINO",
		"cap": "67020",
		"comune": "NAVELLI",
		"provincia": "AQ"
	}
	,
	{
		"codMec": "aqic82000g",
		"tipo": "ISTITUTO COMPRENSIVO",
		"nome": "IC  B.CROCE",
		"indirizzo": "VIA PRINCIPE DI NAPOLI N.13",
		"cap": "67032",
		"comune": "PESCASSEROLI",
		"provincia": "AQ"
	}
	,
	{
		"codMec": "aqic828006",
		"tipo": "ISTITUTO COMPRENSIVO",
		"nome": "IST. COMPRENSIVO  FONTAMARA",
		"indirizzo": "VIA MARTIRI DI ONNA",
		"cap": "67057",
		"comune": "PESCINA",
		"provincia": "AQ"
	}
	,
	{
		"codMec": "aqic815004",
		"tipo": "ISTITUTO COMPRENSIVO",
		"nome": "ISTITUTO COMPR.  DON  L. MILANI",
		"indirizzo": "VIA VILLA S.PIETRO",
		"cap": "67017",
		"comune": "PIZZOLI",
		"provincia": "AQ"
	}
	,
	{
		"codMec": "aqic81700q",
		"tipo": "ISTITUTO COMPRENSIVO",
		"nome": "IC  G.TEDESCHI PRATOLA P.",
		"indirizzo": "VIA F. COLELLA",
		"cap": "67035",
		"comune": "PRATOLA PELIGNA",
		"provincia": "AQ"
	}
	,
	{
		"codMec": "aqic82600e",
		"tipo": "ISTITUTO COMPRENSIVO",
		"nome": "IC UMBERTO POSTIGLIONE",
		"indirizzo": "VIALE TRATTURO N. 3",
		"cap": "67027",
		"comune": "RAIANO",
		"provincia": "AQ"
	}
	,
	{
		"codMec": "aqrh010008",
		"tipo": "IST PROF  ALBERGHIERO",
		"nome": "\"MONSIGNOR EDMONDO DE PANFILIS\"",
		"indirizzo": "STRADA STATALE 17",
		"cap": "67037",
		"comune": "ROCCARASO",
		"provincia": "AQ"
	}
	,
	{
		"codMec": "aqic82700a",
		"tipo": "ISTITUTO COMPRENSIVO",
		"nome": "IC  S.DEMETRIO NEI  VESTINI",
		"indirizzo": "VIA MADONNA DEI RACCOMANDATI",
		"cap": "67028",
		"comune": "SAN DEMETRIO NE\\' VESTINI",
		"provincia": "AQ"
	}
	,
	{
		"codMec": "aqic829002",
		"tipo": "ISTITUTO COMPRENSIVO",
		"nome": "ISTITUTO COMPRENSIVO  COMENIO",
		"indirizzo": "VIA MADONNA DELLA STRADA N. 240",
		"cap": "67019",
		"comune": "SCOPPITO",
		"provincia": "AQ"
	}
	,
	{
		"codMec": "aqic836005",
		"tipo": "ISTITUTO COMPRENSIVO",
		"nome": "I.C. \\'SERAFINI - L. DI STEFANO\\'",
		"indirizzo": "VIA VOLTA    9",
		"cap": "67039",
		"comune": "SULMONA",
		"provincia": "AQ"
	}
	,
	{
		"codMec": "aqis01900g",
		"tipo": "ISTITUTO SUPERIORE",
		"nome": "I.I.S. \"E. FERMI\"",
		"indirizzo": "VIA TOGLIATTI",
		"cap": "67039",
		"comune": "SULMONA",
		"provincia": "AQ"
	}
	,
	{
		"codMec": "aqis02100g",
		"tipo": "ISTITUTO SUPERIORE",
		"nome": "I.S.S. \"OVIDIO\"",
		"indirizzo": "V.LE PALMIRO TOGLIATTI",
		"cap": "67039",
		"comune": "SULMONA",
		"provincia": "AQ"
	}
	,
	{
		"codMec": "aqic835009",
		"tipo": "ISTITUTO COMPRENSIVO",
		"nome": "I.C.\"LOMBARDO RADICE\"-\"OVIDIO\"",
		"indirizzo": "VIA TOGLIATTI N.4",
		"cap": "67039",
		"comune": "SULMONA",
		"provincia": "AQ"
	}
]