[
	{
		"codMec": "aric83100l",
		"tipo": "ISTITUTO COMPRENSIVO",
		"nome": "ANGHIARI",
		"indirizzo": "VIA BOZIA, 2",
		"cap": "52031",
		"comune": "ANGHIARI",
		"provincia": "AR"
	}
	,
	{
		"codMec": "aric83600q",
		"tipo": "ISTITUTO COMPRENSIVO",
		"nome": "PIERO DELLA FRANCESCA",
		"indirizzo": "VIA MALPIGHI 20",
		"cap": "52100",
		"comune": "AREZZO",
		"provincia": "AR"
	}
	,
	{
		"codMec": "artf02000t",
		"tipo": "ISTITUTO TECNICO INDUSTRIALE",
		"nome": "\\'GALILEO GALILEI\\'",
		"indirizzo": "VIA     DINO MENCI 1",
		"cap": "52100",
		"comune": "AREZZO",
		"provincia": "AR"
	}
	,
	{
		"codMec": "arps02000q",
		"tipo": "LICEO SCIENTIFICO",
		"nome": "F. REDI",
		"indirizzo": "VIA        LEONE LEONI 38",
		"cap": "52100",
		"comune": "AREZZO",
		"provincia": "AR"
	}
	,
	{
		"codMec": "arpm03000b",
		"tipo": "ISTITUTO MAGISTRALE",
		"nome": "LICEO STATALE VITTORIA COLONNA",
		"indirizzo": "VIA        PORTA BUIA 6",
		"cap": "52100",
		"comune": "AREZZO",
		"provincia": "AR"
	}
	,
	{
		"codMec": "arpc010002",
		"tipo": "LICEO CLASSICO",
		"nome": "LICEO GINNASIO STATALE  \"F. PETRARCA\"",
		"indirizzo": "VIA CAVOUR 44",
		"cap": "52100",
		"comune": "AREZZO",
		"provincia": "AR"
	}
	,
	{
		"codMec": "armm06700c",
		"tipo": "SCUOLA PRIMO GRADO",
		"nome": "CPIA 1 AREZZO",
		"indirizzo": "PIAZZA DEL POPOLO, 6",
		"cap": "52100",
		"comune": "AREZZO",
		"provincia": "AR"
	}
	,
	{
		"codMec": "aris013007",
		"tipo": "ISTITUTO SUPERIORE",
		"nome": "I.S.I.S. \"BUONARROTI - FOSSOMBRONI\"",
		"indirizzo": "VIA   XXV APRILE, 86",
		"cap": "52100",
		"comune": "AREZZO",
		"provincia": "AR"
	}
	,
	{
		"codMec": "aris00700x",
		"tipo": "ISTITUTO SUPERIORE",
		"nome": "MARGARITONE",
		"indirizzo": "VIA        FIORENTINA 179",
		"cap": "52100",
		"comune": "AREZZO",
		"provincia": "AR"
	}
	,
	{
		"codMec": "aric839007",
		"tipo": "ISTITUTO COMPRENSIVO",
		"nome": "SEVERI",
		"indirizzo": "VIA ALFIERI N.26",
		"cap": "52100",
		"comune": "AREZZO",
		"provincia": "AR"
	}
	,
	{
		"codMec": "aric83800b",
		"tipo": "ISTITUTO COMPRENSIVO",
		"nome": "MARGARITONE",
		"indirizzo": "VIA ANGIOLO TRICCA N?19",
		"cap": "52100",
		"comune": "AREZZO",
		"provincia": "AR"
	}
	,
	{
		"codMec": "aric83700g",
		"tipo": "ISTITUTO COMPRENSIVO",
		"nome": "IV NOVEMBRE",
		"indirizzo": "VIA F. RISMONDO, 4",
		"cap": "52100",
		"comune": "AREZZO",
		"provincia": "AR"
	}
	,
	{
		"codMec": "arvc010009",
		"tipo": "CONVITTO ANNESSO",
		"nome": "V.EMANUELE II",
		"indirizzo": "VIA        CARDUCCI            5",
		"cap": "52100",
		"comune": "AREZZO",
		"provincia": "AR"
	}
	,
	{
		"codMec": "aric83500x",
		"tipo": "ISTITUTO COMPRENSIVO",
		"nome": "CESALPINO",
		"indirizzo": "VIA PORTA BUJA",
		"cap": "52100",
		"comune": "AREZZO",
		"provincia": "AR"
	}
	,
	{
		"codMec": "aric813003",
		"tipo": "ISTITUTO COMPRENSIVO",
		"nome": "VASARI",
		"indirizzo": "VIA  EMILIA N.10",
		"cap": "52100",
		"comune": "AREZZO",
		"provincia": "AR"
	}
	,
	{
		"codMec": "aric82200t",
		"tipo": "ISTITUTO COMPRENSIVO",
		"nome": "ISTITUTO COMPRENSIVO DI SOCI",
		"indirizzo": "VIA DELLA REPUBBLICA",
		"cap": "52010",
		"comune": "BIBBIENA",
		"provincia": "AR"
	}
	,
	{
		"codMec": "aric82800r",
		"tipo": "ISTITUTO COMPRENSIVO",
		"nome": "IC \"B.DOVIZI\" BIBBIENA",
		"indirizzo": "VIA F.TURATI, 1/R",
		"cap": "52011",
		"comune": "BIBBIENA",
		"provincia": "AR"
	}
	,
	{
		"codMec": "aris01200b",
		"tipo": "ISTITUTO SUPERIORE",
		"nome": "ENRICO FERMI",
		"indirizzo": "PIAZZA     MATTEOTTI 1",
		"cap": "52011",
		"comune": "BIBBIENA",
		"provincia": "AR"
	}
	,
	{
		"codMec": "aric825009",
		"tipo": "ISTITUTO COMPRENSIVO",
		"nome": "IC  BUCINE",
		"indirizzo": "VIA XXV APRILE 14",
		"cap": "52021",
		"comune": "BUCINE",
		"provincia": "AR"
	}
	,
	{
		"codMec": "aric82300n",
		"tipo": "ISTITUTO COMPRENSIVO",
		"nome": "\\'G. GARIBALDI\\'",
		"indirizzo": "VIALE  DANTE 76",
		"cap": "52010",
		"comune": "CAPOLONA",
		"provincia": "AR"
	}
	,
	{
		"codMec": "aric82900l",
		"tipo": "ISTITUTO COMPRENSIVO",
		"nome": "G. MONACO",
		"indirizzo": "LARGO CHAMPCEVINEL - RASSINA",
		"cap": "52016",
		"comune": "CASTEL FOCOGNANO",
		"provincia": "AR"
	}
	,
	{
		"codMec": "aric81700a",
		"tipo": "ISTITUTO COMPRENSIVO",
		"nome": "IC DON LORENZO MILANI",
		"indirizzo": "VIA        ROMA 193",
		"cap": "52026",
		"comune": "CASTELFRANCO PIANDISCO",
		"provincia": "AR"
	}
	,
	{
		"codMec": "aric819002",
		"tipo": "ISTITUTO COMPRENSIVO",
		"nome": "CITTA\\' DI CASTIGLION FIORENTINO",
		"indirizzo": "VIA GHIZZI, 5/A",
		"cap": "52043",
		"comune": "CASTIGLION FIORENTINO",
		"provincia": "AR"
	}
	,
	{
		"codMec": "aris00400c",
		"tipo": "ISTITUTO SUPERIORE",
		"nome": "GIOVANNI DA CASTIGLIONE",
		"indirizzo": "VIA        ROMA, N.2",
		"cap": "52043",
		"comune": "CASTIGLION FIORENTINO",
		"provincia": "AR"
	}
	,
	{
		"codMec": "aric81500p",
		"tipo": "ISTITUTO COMPRENSIVO",
		"nome": "\\'ALIGHIERI\\' C.SABBIONI",
		"indirizzo": "VIA        DELLA RESISTENZA",
		"cap": "52020",
		"comune": "CAVRIGLIA",
		"provincia": "AR"
	}
	,
	{
		"codMec": "aric81000g",
		"tipo": "ISTITUTO COMPRENSIVO",
		"nome": "MARTIRI DI CIVITELLA",
		"indirizzo": "VIA VERDI, 40",
		"cap": "52041",
		"comune": "CIVITELLA IN VAL DI CHIANA",
		"provincia": "AR"
	}
	,
	{
		"codMec": "aris01600p",
		"tipo": "ISTITUTO SUPERIORE",
		"nome": "ISIS \"ANGELO VEGNI\"- CAPEZZINE",
		"indirizzo": "CORTONA",
		"cap": "52044",
		"comune": "CORTONA",
		"provincia": "AR"
	}
	,
	{
		"codMec": "aris001001",
		"tipo": "ISTITUTO SUPERIORE",
		"nome": "LUCA SIGNORELLI",
		"indirizzo": "VICOLO     DEL TEATRO 4",
		"cap": "52044",
		"comune": "CORTONA",
		"provincia": "AR"
	}
	,
	{
		"codMec": "aric842003",
		"tipo": "ISTITUTO COMPRENSIVO",
		"nome": "CORTONA 1",
		"indirizzo": "VIA  DI   MURATA",
		"cap": "52044",
		"comune": "CORTONA",
		"provincia": "AR"
	}
	,
	{
		"codMec": "aric841007",
		"tipo": "ISTITUTO COMPRENSIVO",
		"nome": "CORTONA 2",
		"indirizzo": "VIA DEI COMBATTENTI",
		"cap": "52044",
		"comune": "CORTONA",
		"provincia": "AR"
	}
	,
	{
		"codMec": "aric818006",
		"tipo": "ISTITUTO COMPRENSIVO",
		"nome": "IO G. MARCELLI",
		"indirizzo": "PIAZZA NENCETTI N.3",
		"cap": "52045",
		"comune": "FOIANO DELLA CHIANA",
		"provincia": "AR"
	}
	,
	{
		"codMec": "aric826005",
		"tipo": "ISTITUTO COMPRENSIVO",
		"nome": "ISTITUTO COMP. LORO CIUFFENNA",
		"indirizzo": "VIA GENOVA 12",
		"cap": "52024",
		"comune": "LORO CIUFFENNA",
		"provincia": "AR"
	}
	,
	{
		"codMec": "aric833008",
		"tipo": "ISTITUTO COMPRENSIVO",
		"nome": "LUCIGNANO\"RITA LEVI-MONTALCINI\"",
		"indirizzo": "PIAZZA S. FRANCESCO 1",
		"cap": "52046",
		"comune": "LUCIGNANO",
		"provincia": "AR"
	}
	,
	{
		"codMec": "aric83200c",
		"tipo": "ISTITUTO COMPRENSIVO",
		"nome": "MONTE SAN SAVINO",
		"indirizzo": "VIA MODESTA ROSSI 4",
		"cap": "52048",
		"comune": "MONTE SAN SAVINO",
		"provincia": "AR"
	}
	,
	{
		"codMec": "aric820006",
		"tipo": "ISTITUTO COMPRENSIVO",
		"nome": "\"F.MOCHI\"  LEVANE",
		"indirizzo": "VIA MILANO 20",
		"cap": "52025",
		"comune": "MONTEVARCHI",
		"provincia": "AR"
	}
	,
	{
		"codMec": "aric834004",
		"tipo": "ISTITUTO COMPRENSIVO",
		"nome": "\"MAGIOTTI\"",
		"indirizzo": "VIA FRATELLI ROSSELLI",
		"cap": "52025",
		"comune": "MONTEVARCHI",
		"provincia": "AR"
	}
	,
	{
		"codMec": "aris019006",
		"tipo": "ISTITUTO SUPERIORE",
		"nome": "BENEDETTO VARCHI",
		"indirizzo": "VIALE G. MATTEOTTI N. 50",
		"cap": "52025",
		"comune": "MONTEVARCHI",
		"provincia": "AR"
	}
	,
	{
		"codMec": "aric81100b",
		"tipo": "ISTITUTO COMPRENSIVO",
		"nome": "PETRARCA",
		"indirizzo": "PIAZZA     BATTISTI            13",
		"cap": "52025",
		"comune": "MONTEVARCHI",
		"provincia": "AR"
	}
	,
	{
		"codMec": "aris01800a",
		"tipo": "ISTITUTO SUPERIORE",
		"nome": "ISTITUTO OMNICOMPRENSIVO FANFANI-CAMAITI",
		"indirizzo": "VIA SAN LORENZO N. 18",
		"cap": "52036",
		"comune": "PIEVE SANTO STEFANO",
		"provincia": "AR"
	}
	,
	{
		"codMec": "aric83000r",
		"tipo": "ISTITUTO COMPRENSIVO",
		"nome": "POPPI",
		"indirizzo": "VIA COLLE ASCENSIONE 3",
		"cap": "52014",
		"comune": "POPPI",
		"provincia": "AR"
	}
	,
	{
		"codMec": "aris021006",
		"tipo": "ISTITUTO SUPERIORE",
		"nome": "GALILEO GALILEI",
		"indirizzo": "PIAZZA BONILLI, N. 1",
		"cap": "52014",
		"comune": "POPPI",
		"provincia": "AR"
	}
	,
	{
		"codMec": "aric821002",
		"tipo": "ISTITUTO COMPRENSIVO",
		"nome": "\\'G.MARCONI\\'",
		"indirizzo": "VIA        VENTICINQUE APRILE  59",
		"cap": "52027",
		"comune": "SAN GIOVANNI VALDARNO",
		"provincia": "AR"
	}
	,
	{
		"codMec": "aris00800q",
		"tipo": "ISTITUTO SUPERIORE",
		"nome": "I.S.I.S. \"VALDARNO\"",
		"indirizzo": "VIA TRIESTE,20",
		"cap": "52027",
		"comune": "SAN GIOVANNI VALDARNO",
		"provincia": "AR"
	}
	,
	{
		"codMec": "arpm010006",
		"tipo": "ISTITUTO MAGISTRALE",
		"nome": "GIOVANNI DA SAN GIOVANNI",
		"indirizzo": "PIAZZA PALERMO, 1",
		"cap": "52027",
		"comune": "SAN GIOVANNI VALDARNO",
		"provincia": "AR"
	}
	,
	{
		"codMec": "aric827001",
		"tipo": "ISTITUTO COMPRENSIVO",
		"nome": "\\'MASACCIO\\'",
		"indirizzo": "VIALE GRAMSCI, 57",
		"cap": "52027",
		"comune": "SAN GIOVANNI VALDARNO",
		"provincia": "AR"
	}
	,
	{
		"codMec": "aric84000b",
		"tipo": "ISTITUTO COMPRENSIVO",
		"nome": "IST. COMPRENSIVO SANSEPOLCRO",
		"indirizzo": "VIA CAMPO SPORTIVO, 1",
		"cap": "52037",
		"comune": "SANSEPOLCRO",
		"provincia": "AR"
	}
	,
	{
		"codMec": "aris01700e",
		"tipo": "ISTITUTO SUPERIORE",
		"nome": "\\'G.GIOVAGNOLI\\'",
		"indirizzo": "PIAZZA     SAN FRANCESCO 8",
		"cap": "52037",
		"comune": "SANSEPOLCRO",
		"provincia": "AR"
	}
	,
	{
		"codMec": "aris00200r",
		"tipo": "ISTITUTO SUPERIORE",
		"nome": "LICEO \"CITTA\\' DI PIERO\"",
		"indirizzo": "LARGO MONSIGNOR LUIGI DI LIEGRO 3",
		"cap": "52037",
		"comune": "SANSEPOLCRO",
		"provincia": "AR"
	}
	,
	{
		"codMec": "aric81400v",
		"tipo": "ISTITUTO COMPRENSIVO",
		"nome": "\\'L.VOLUSENO\\'  SESTINO",
		"indirizzo": "VIALE      DEI TIGLI           7",
		"cap": "52038",
		"comune": "SESTINO",
		"provincia": "AR"
	}
	,
	{
		"codMec": "aric812007",
		"tipo": "ISTITUTO COMPRENSIVO",
		"nome": "ALTO CASENTINO - STIA",
		"indirizzo": "VIA RITA LEVI MONTALCINI 8/10",
		"cap": "52017",
		"comune": "STIA",
		"provincia": "AR"
	}
	,
	{
		"codMec": "aric81600e",
		"tipo": "ISTITUTO COMPRENSIVO",
		"nome": "IC GIOVANNI XXIII",
		"indirizzo": "VIA    ADIGE N.1",
		"cap": "52028",
		"comune": "TERRANUOVA BRACCIOLINI",
		"provincia": "AR"
	}
]