[
	{
		"codMec": "avic88300e",
		"tipo": "ISTITUTO COMPRENSIVO",
		"nome": "I.C. AIELLO DEL SABATO",
		"indirizzo": "VIA CROCE 1",
		"cap": "83020",
		"comune": "AIELLO DEL SABATO",
		"provincia": "AV"
	}
	,
	{
		"codMec": "avic848007",
		"tipo": "ISTITUTO COMPRENSIVO",
		"nome": "I.C. C.CARUSO",
		"indirizzo": "VIA EUROPA- ALTAVILLA IRPINA (AV)",
		"cap": "83011",
		"comune": "ALTAVILLA IRPINA",
		"provincia": "AV"
	}
	,
	{
		"codMec": "avis023003",
		"tipo": "ISTITUTO SUPERIORE",
		"nome": "ISTITUTO SUPERIORE \"RUGGERO II\"",
		"indirizzo": "VIA COVOTTI",
		"cap": "83031",
		"comune": "ARIANO IRPINO",
		"provincia": "AV"
	}
	,
	{
		"codMec": "avic849003",
		"tipo": "ISTITUTO COMPRENSIVO",
		"nome": "I.C. \"CALVARIO - COVOTTA\"",
		"indirizzo": "VIA G. MARCONI, 25",
		"cap": "83031",
		"comune": "ARIANO IRPINO",
		"provincia": "AV"
	}
	,
	{
		"codMec": "avic86200d",
		"tipo": "ISTITUTO COMPRENSIVO",
		"nome": "I. C. \"P.S. MANCINI\"",
		"indirizzo": "VIA CARDITO",
		"cap": "83031",
		"comune": "ARIANO IRPINO",
		"provincia": "AV"
	}
	,
	{
		"codMec": "avic863009",
		"tipo": "ISTITUTO COMPRENSIVO",
		"nome": "ISTITUTO COMPRENSIVO \"G. LUSI\"",
		"indirizzo": "VIA VILLA CARACCIOLO",
		"cap": "83031",
		"comune": "ARIANO IRPINO",
		"provincia": "AV"
	}
	,
	{
		"codMec": "avpc02000t",
		"tipo": "LICEO CLASSICO",
		"nome": "LICEO CLAS.\"PARZANESE\"ANNESSO LIC.SCIENT",
		"indirizzo": "VIA MATTEOTTI,7",
		"cap": "83031",
		"comune": "ARIANO IRPINO",
		"provincia": "AV"
	}
	,
	{
		"codMec": "avis01600x",
		"tipo": "ISTITUTO SUPERIORE",
		"nome": "ISTITUTO D\\'ISTRUZ. SUP. \"G. DE GRUTTOLA\"",
		"indirizzo": "VIA VILLA CARACCIOLO",
		"cap": "83031",
		"comune": "ARIANO IRPINO",
		"provincia": "AV"
	}
	,
	{
		"codMec": "avps06000b",
		"tipo": "LICEO SCIENTIFICO",
		"nome": "LICEO V. DE CAPRARIIS",
		"indirizzo": "VIA VITTORIO DE CAPRARIIS, 1",
		"cap": "83042",
		"comune": "ATRIPALDA",
		"provincia": "AV"
	}
	,
	{
		"codMec": "avic878003",
		"tipo": "ISTITUTO COMPRENSIVO",
		"nome": "I.C. ATRIPALDA DE AMICIS-MASI",
		"indirizzo": "PIAZZA VITTORIO VENETO-ATRIPALDA",
		"cap": "83042",
		"comune": "ATRIPALDA",
		"provincia": "AV"
	}
	,
	{
		"codMec": "avic842008",
		"tipo": "ISTITUTO COMPRENSIVO",
		"nome": "I.C. MONS.P.GUERRIERO",
		"indirizzo": "VIA DE SANCTIS",
		"cap": "83021",
		"comune": "AVELLA",
		"provincia": "AV"
	}
	,
	{
		"codMec": "avee00200x",
		"tipo": "CIRCOLO DIDATTICO",
		"nome": "2? CIRCOLO DIDATTICO -AVELLINO",
		"indirizzo": "VIA COLOMBO 74",
		"cap": "83100",
		"comune": "AVELLINO",
		"provincia": "AV"
	}
	,
	{
		"codMec": "avee00500b",
		"tipo": "CIRCOLO DIDATTICO",
		"nome": "5? CIRCOLO DI AVELLINO",
		"indirizzo": "VIA SCANDONE, 62-AVELLINO",
		"cap": "83100",
		"comune": "AVELLINO",
		"provincia": "AV"
	}
	,
	{
		"codMec": "avic81200c",
		"tipo": "ISTITUTO COMPRENSIVO",
		"nome": "I.C. S.TOMMASO -F.TEDESCO",
		"indirizzo": "P.ZZA L.STURZO, 52/53",
		"cap": "83100",
		"comune": "AVELLINO",
		"provincia": "AV"
	}
	,
	{
		"codMec": "avic865001",
		"tipo": "ISTITUTO COMPRENSIVO",
		"nome": "I.C. \"PERNA-DANTE \"",
		"indirizzo": "VIA A. MAFFUCCI N. 5",
		"cap": "83100",
		"comune": "AVELLINO",
		"provincia": "AV"
	}
	,
	{
		"codMec": "avic869008",
		"tipo": "ISTITUTO COMPRENSIVO",
		"nome": "I.C. R. MARGHERITA-L.VINCI",
		"indirizzo": "PIAZZA SOLIMENA,5",
		"cap": "83100",
		"comune": "AVELLINO",
		"provincia": "AV"
	}
	,
	{
		"codMec": "avic885006",
		"tipo": "ISTITUTO COMPRENSIVO",
		"nome": "E.COCCHIA - DALLA CHIESA",
		"indirizzo": "VIA TUORO CAPPUCCINI",
		"cap": "83100",
		"comune": "AVELLINO",
		"provincia": "AV"
	}
	,
	{
		"codMec": "avis02400v",
		"tipo": "ISTITUTO SUPERIORE",
		"nome": "I.S. PAOLO A. DE LUCA",
		"indirizzo": "VIA TUORO CAPPUCCINI",
		"cap": "83100",
		"comune": "AVELLINO",
		"provincia": "AV"
	}
	,
	{
		"codMec": "avis028006",
		"tipo": "ISTITUTO SUPERIORE",
		"nome": "DE SANCTIS - D\\'AGOSTINO",
		"indirizzo": "VIA    TUORO    CAPPUCCINI  44",
		"cap": "83100",
		"comune": "AVELLINO",
		"provincia": "AV"
	}
	,
	{
		"codMec": "avis029002",
		"tipo": "ISTITUTO SUPERIORE",
		"nome": "ISTITUTO SUPERIORE  \" A. AMATUCCI \"",
		"indirizzo": "VIALE      ITALIA,  18",
		"cap": "83100",
		"comune": "AVELLINO",
		"provincia": "AV"
	}
	,
	{
		"codMec": "avmm00500a",
		"tipo": "SCUOLA PRIMO GRADO",
		"nome": "S.M. F.  SOLIMENA",
		"indirizzo": "VIALE      ITALIA              2",
		"cap": "83100",
		"comune": "AVELLINO",
		"provincia": "AV"
	}
	,
	{
		"codMec": "avmm09700d",
		"tipo": "SCUOLA PRIMO GRADO",
		"nome": "CPIA AV+BN",
		"indirizzo": "VIA GIUSEPPE MAROTTA 14",
		"cap": "83100",
		"comune": "AVELLINO",
		"provincia": "AV"
	}
	,
	{
		"codMec": "avpc090004",
		"tipo": "LICEO CLASSICO",
		"nome": "LIC. CLASSICO PIETRO COLLETTA",
		"indirizzo": "VIA     F.   SCANDONE, 2",
		"cap": "83100",
		"comune": "AVELLINO",
		"provincia": "AV"
	}
	,
	{
		"codMec": "avpm040007",
		"tipo": "ISTITUTO MAGISTRALE",
		"nome": "LICEO \"PAOLO EMILIO IMBRIANI\"",
		"indirizzo": "VIA SALVATORE PESCATORI, 155",
		"cap": "83100",
		"comune": "AVELLINO",
		"provincia": "AV"
	}
	,
	{
		"codMec": "avpm06000c",
		"tipo": "ISTITUTO MAGISTRALE",
		"nome": "LICEO PUBLIO VIRGILIO MARONE",
		"indirizzo": "VIA TUORO CAPPUCCINI 75",
		"cap": "83100",
		"comune": "AVELLINO",
		"provincia": "AV"
	}
	,
	{
		"codMec": "avps12000t",
		"tipo": "LICEO SCIENTIFICO",
		"nome": "LICEO SCIENTIFICO P. S. MANCINI",
		"indirizzo": "VIA        DE CONCILIIS 1",
		"cap": "83100",
		"comune": "AVELLINO",
		"provincia": "AV"
	}
	,
	{
		"codMec": "avrh04000x",
		"tipo": "IST PROF  ALBERGHIERO",
		"nome": "I.P.S.S.E.O.A. \" MANLIO ROSSI  - DORIA\"",
		"indirizzo": "VIA FILIPPO VISCONTI         SNC",
		"cap": "83100",
		"comune": "AVELLINO",
		"provincia": "AV"
	}
	,
	{
		"codMec": "avtd03000b",
		"tipo": "IST TEC COMMERCIALE E PER GEOMETRI",
		"nome": "ITC L. AMABILE",
		"indirizzo": "VIA   DE CONCILII N.13",
		"cap": "83100",
		"comune": "AVELLINO",
		"provincia": "AV"
	}
	,
	{
		"codMec": "avtf070004",
		"tipo": "ISTITUTO TECNICO INDUSTRIALE",
		"nome": "ITIS GUIDO DORSO",
		"indirizzo": "VIA MORELLI E SILVATI 19",
		"cap": "83100",
		"comune": "AVELLINO",
		"provincia": "AV"
	}
	,
	{
		"codMec": "avvc01000e",
		"tipo": "CONVITTO ANNESSO",
		"nome": "P COLLETTA",
		"indirizzo": "CORSO VITTORIO EMANUELE 298",
		"cap": "83100",
		"comune": "AVELLINO",
		"provincia": "AV"
	}
	,
	{
		"codMec": "avic84600g",
		"tipo": "ISTITUTO COMPRENSIVO",
		"nome": "I.C. BENEDETTO CROCE",
		"indirizzo": "VIA PRINCIPE AMEDEO-LAURO",
		"cap": "83023",
		"comune": "LAURO",
		"provincia": "AV"
	}
	,
	{
		"codMec": "avis01800g",
		"tipo": "ISTITUTO SUPERIORE",
		"nome": "IST. SUP. \" BAIANESE - LAURO\"",
		"indirizzo": "VIA P. LANCELLOTTI, 99",
		"cap": "83023",
		"comune": "LAURO",
		"provincia": "AV"
	}
	,
	{
		"codMec": "avis01200l",
		"tipo": "ISTITUTO SUPERIORE",
		"nome": "IST. SUP. LUIGI VANVITELLI",
		"indirizzo": "VIA   RONCA",
		"cap": "83047",
		"comune": "LIONI",
		"provincia": "AV"
	}
	,
	{
		"codMec": "avic86000t",
		"tipo": "ISTITUTO COMPRENSIVO",
		"nome": "I.C. N. IANNACCONE",
		"indirizzo": "VIA  RONCA N? 11",
		"cap": "83047",
		"comune": "LIONI",
		"provincia": "AV"
	}
	,
	{
		"codMec": "avic843004",
		"tipo": "ISTITUTO COMPRENSIVO",
		"nome": "I. C. DON LORENZO MILANI",
		"indirizzo": "VIA UMBERTO I -",
		"cap": "83030",
		"comune": "MANOCALZATI",
		"provincia": "AV"
	}
	,
	{
		"codMec": "avic86100n",
		"tipo": "ISTITUTO COMPRENSIVO",
		"nome": "I.C. MERCOGLIANO",
		"indirizzo": "VIA        ROMA",
		"cap": "83013",
		"comune": "MERCOGLIANO",
		"provincia": "AV"
	}
	,
	{
		"codMec": "avic87000c",
		"tipo": "ISTITUTO COMPRENSIVO",
		"nome": "I.C. \"R. GUARINI\"",
		"indirizzo": "PIAZZA MANZONI",
		"cap": "83036",
		"comune": "MIRABELLA ECLANO",
		"provincia": "AV"
	}
	,
	{
		"codMec": "avis02700a",
		"tipo": "ISTITUTO SUPERIORE",
		"nome": "IST. SUP. AECLANUM",
		"indirizzo": "VIA        BOSCO ORTALE, 21",
		"cap": "83036",
		"comune": "MIRABELLA ECLANO",
		"provincia": "AV"
	}
	,
	{
		"codMec": "avic81600q",
		"tipo": "ISTITUTO COMPRENSIVO",
		"nome": "I.C. \"S. AURIGEMMA\"",
		"indirizzo": "VIA NAZIONALE,  13",
		"cap": "83024",
		"comune": "MONTEFORTE IRPINO",
		"provincia": "AV"
	}
	,
	{
		"codMec": "avis02100b",
		"tipo": "ISTITUTO SUPERIORE",
		"nome": "IST. SUP. \"RINALDO D\\'AQUINO\"",
		"indirizzo": "VIA F. SCANDONE",
		"cap": "83048",
		"comune": "MONTELLA",
		"provincia": "AV"
	}
	,
	{
		"codMec": "avic86800c",
		"tipo": "ISTITUTO COMPRENSIVO",
		"nome": "I.C. \"GIOVANNI PALATUCCI\"",
		"indirizzo": "VIA DON MINZONI",
		"cap": "83048",
		"comune": "MONTELLA",
		"provincia": "AV"
	}
	,
	{
		"codMec": "avic85800t",
		"tipo": "ISTITUTO COMPRENSIVO",
		"nome": "I.C. MONTEMILETTO",
		"indirizzo": "VIA F. DI BENEDETTO",
		"cap": "83038",
		"comune": "MONTEMILETTO",
		"provincia": "AV"
	}
	,
	{
		"codMec": "avic87900v",
		"tipo": "ISTITUTO COMPRENSIVO",
		"nome": "I.C. \"MICHELE PIRONTI\"",
		"indirizzo": "VIA DE AMICIS",
		"cap": "83025",
		"comune": "MONTORO",
		"provincia": "AV"
	}
	,
	{
		"codMec": "avic880003",
		"tipo": "ISTITUTO COMPRENSIVO",
		"nome": "I.C. \"A. F. GALIANI\"",
		"indirizzo": "VIA MUNICIPIO   N  1",
		"cap": "83025",
		"comune": "MONTORO",
		"provincia": "AV"
	}
	,
	{
		"codMec": "avic864005",
		"tipo": "ISTITUTO COMPRENSIVO",
		"nome": "I.C. \"A. MANZONI\"",
		"indirizzo": "VIA        MONTEVERGINE N. 22",
		"cap": "83027",
		"comune": "MUGNANO DEL CARDINALE",
		"provincia": "AV"
	}
	,
	{
		"codMec": "avic86600r",
		"tipo": "ISTITUTO COMPRENSIVO",
		"nome": "I.C. \"GIOVANNI XXIII\"",
		"indirizzo": "VIA ANGELO SCAFURI,9",
		"cap": "83022",
		"comune": "BAIANO",
		"provincia": "AV"
	}
	,
	{
		"codMec": "avic83200n",
		"tipo": "ISTITUTO COMPRENSIVO",
		"nome": "I.C. T.TASSO",
		"indirizzo": "VIA ROMA-BISACCIA",
		"cap": "83044",
		"comune": "BISACCIA",
		"provincia": "AV"
	}
	,
	{
		"codMec": "avic85400e",
		"tipo": "ISTITUTO COMPRENSIVO",
		"nome": "I.C. \"A. MANZI\" CALITRI",
		"indirizzo": "VIA PIETRO NENNI",
		"cap": "83045",
		"comune": "CALITRI",
		"provincia": "AV"
	}
	,
	{
		"codMec": "avis008001",
		"tipo": "ISTITUTO SUPERIORE",
		"nome": "IST. SUP. A. M. MAFFUCCI",
		"indirizzo": "VIA CIRCUMVALLAZIONE",
		"cap": "83045",
		"comune": "CALITRI",
		"provincia": "AV"
	}
	,
	{
		"codMec": "avic871008",
		"tipo": "ISTITUTO COMPRENSIVO",
		"nome": "ISTITUTO COMPR. \"F. DE SANCTIS\"",
		"indirizzo": "VIA PIANELLO, 54",
		"cap": "83040",
		"comune": "CAPOSELE",
		"provincia": "AV"
	}
	,
	{
		"codMec": "avic81500x",
		"tipo": "ISTITUTO COMPRENSIVO",
		"nome": "I.C. CASALBORE",
		"indirizzo": "VIA DELLA RIMEMBRANZA",
		"cap": "83034",
		"comune": "CASALBORE",
		"provincia": "AV"
	}
	,
	{
		"codMec": "avic86700l",
		"tipo": "ISTITUTO COMPRENSIVO",
		"nome": "I.C. \"F.DE SANCTIS\"",
		"indirizzo": "VIA RENAZZO",
		"cap": "83012",
		"comune": "CERVINARA",
		"provincia": "AV"
	}
	,
	{
		"codMec": "avis00900r",
		"tipo": "ISTITUTO SUPERIORE",
		"nome": "LUIGI EINAUDI",
		"indirizzo": "VIA A. MORO",
		"cap": "83012",
		"comune": "CERVINARA",
		"provincia": "AV"
	}
	,
	{
		"codMec": "avic851003",
		"tipo": "ISTITUTO COMPRENSIVO",
		"nome": "I.C. G.TENTINDO",
		"indirizzo": "VIA FORNO,5-CHIUSANO DI SAN DOMENICO",
		"cap": "83040",
		"comune": "CHIUSANO DI SAN DOMENICO",
		"provincia": "AV"
	}
	,
	{
		"codMec": "avic87300x",
		"tipo": "ISTITUTO COMPRENSIVO",
		"nome": "I.C. LUIGI DI PRISCO",
		"indirizzo": "P.ZZA CRISTO RE, 10",
		"cap": "83040",
		"comune": "FONTANAROSA",
		"provincia": "AV"
	}
	,
	{
		"codMec": "avic84100c",
		"tipo": "ISTITUTO COMPRENSIVO",
		"nome": "I. C. \"E. BOTTO PICELLA\"",
		"indirizzo": "VIA MARCONI, 94",
		"cap": "83020",
		"comune": "FORINO",
		"provincia": "AV"
	}
	,
	{
		"codMec": "avic83700r",
		"tipo": "ISTITUTO COMPRENSIVO",
		"nome": "I.C. G.PASCOLI",
		"indirizzo": "PIAZZA UMBERTO I, 28",
		"cap": "83040",
		"comune": "FRIGENTO",
		"provincia": "AV"
	}
	,
	{
		"codMec": "avis01300c",
		"tipo": "ISTITUTO SUPERIORE",
		"nome": "GROTTAMINARDA (ITIS-ITC-LA-LL-LSU)",
		"indirizzo": "VIA PERAZZO",
		"cap": "83035",
		"comune": "GROTTAMINARDA",
		"provincia": "AV"
	}
	,
	{
		"codMec": "avic88200p",
		"tipo": "ISTITUTO COMPRENSIVO",
		"nome": "I.C. SAN TOMMASO D\\'AQUINO",
		"indirizzo": "VIA  ALCIDE DE GASPERI,21",
		"cap": "83035",
		"comune": "GROTTAMINARDA",
		"provincia": "AV"
	}
	,
	{
		"codMec": "avis002002",
		"tipo": "ISTITUTO SUPERIORE",
		"nome": "ISTITUTO OMNICOMPRENSIVO - F. DE SANCTIS",
		"indirizzo": "VIA  TAGLIATA",
		"cap": "83046",
		"comune": "LACEDONIA",
		"provincia": "AV"
	}
	,
	{
		"codMec": "avic807001",
		"tipo": "ISTITUTO COMPRENSIVO",
		"nome": "I.C. F.DE SANCTIS",
		"indirizzo": "LARGO SPINA-VILLANOVA DEL B.",
		"cap": "83030",
		"comune": "VILLANOVA DEL BATTISTA",
		"provincia": "AV"
	}
	,
	{
		"codMec": "avic81000r",
		"tipo": "ISTITUTO COMPRENSIVO",
		"nome": "I.C. A.DI MEO",
		"indirizzo": "VIALE RIMEMBRANZA - VOLTURA IRP.",
		"cap": "83050",
		"comune": "VOLTURARA IRPINA",
		"provincia": "AV"
	}
	,
	{
		"codMec": "avic81700g",
		"tipo": "ISTITUTO COMPRENSIVO",
		"nome": "I.C. J F.KENNEDY",
		"indirizzo": "VIA FONTANELLE-NUSCO",
		"cap": "83051",
		"comune": "NUSCO",
		"provincia": "AV"
	}
	,
	{
		"codMec": "avic84400x",
		"tipo": "ISTITUTO COMPRENSIVO",
		"nome": "IC \"N. PECORELLI\"",
		"indirizzo": "VIALE PIAVE,10",
		"cap": "83020",
		"comune": "PAGO DEL VALLO DI LAURO",
		"provincia": "AV"
	}
	,
	{
		"codMec": "avic857002",
		"tipo": "ISTITUTO COMPRENSIVO",
		"nome": "I.C. DI PRATOLA SERRA",
		"indirizzo": "VIA SAUDELLE 24",
		"cap": "83039",
		"comune": "PRATOLA SERRA",
		"provincia": "AV"
	}
	,
	{
		"codMec": "avic81800b",
		"tipo": "ISTITUTO COMPRENSIVO",
		"nome": "I.C.  G.PASCOLI",
		"indirizzo": "VIA P. NENNI - ROTONDI",
		"cap": "83017",
		"comune": "ROTONDI",
		"provincia": "AV"
	}
	,
	{
		"codMec": "avic82000b",
		"tipo": "ISTITUTO COMPRENSIVO",
		"nome": "I.C. DON L. MILANI",
		"indirizzo": "C/SO VITT.EMANUELE 29-S.MARTINO V.C.",
		"cap": "83018",
		"comune": "SAN MARTINO VALLE CAUDINA",
		"provincia": "AV"
	}
	,
	{
		"codMec": "avic821007",
		"tipo": "ISTITUTO COMPRENSIVO",
		"nome": "PADRE PIO",
		"indirizzo": "VIA PADRE PIO-SAN SOSSIO BARONIA",
		"cap": "83050",
		"comune": "SAN SOSSIO BARONIA",
		"provincia": "AV"
	}
	,
	{
		"codMec": "avic87500g",
		"tipo": "ISTITUTO COMPRENSIVO",
		"nome": "I.C. CRISCUOLI",
		"indirizzo": "VIA S. IANNI",
		"cap": "83054",
		"comune": "SANT\\'ANGELO DEI LOMBARDI",
		"provincia": "AV"
	}
	,
	{
		"codMec": "avis014008",
		"tipo": "ISTITUTO SUPERIORE",
		"nome": "IST. SUP. FRANCESCO DE SANCTIS",
		"indirizzo": "VIA BOSCHETTO 1",
		"cap": "83054",
		"comune": "SANT\\'ANGELO DEI LOMBARDI",
		"provincia": "AV"
	}
	,
	{
		"codMec": "avic88100v",
		"tipo": "ISTITUTO COMPRENSIVO",
		"nome": "I.C. SERINO",
		"indirizzo": "P.ZA CICARELLI,16",
		"cap": "83028",
		"comune": "SERINO",
		"provincia": "AV"
	}
	,
	{
		"codMec": "avis01100r",
		"tipo": "ISTITUTO SUPERIORE",
		"nome": "IST. SUP. GREGORIO RONCA",
		"indirizzo": "V.MELITO,8/A",
		"cap": "83029",
		"comune": "SOLOFRA",
		"provincia": "AV"
	}
	,
	{
		"codMec": "avic88400a",
		"tipo": "ISTITUTO COMPRENSIVO",
		"nome": "ISTITUTO COMPRENSIVO\"F.GUARINI\"",
		"indirizzo": "VIA CASA PAPA N.13",
		"cap": "83029",
		"comune": "SOLOFRA",
		"provincia": "AV"
	}
	,
	{
		"codMec": "avee05900q",
		"tipo": "CIRCOLO DIDATTICO",
		"nome": "DIREZIONE DIDATTICA",
		"indirizzo": "VIA FRATTA-SOLOFRA",
		"cap": "83029",
		"comune": "SOLOFRA",
		"provincia": "AV"
	}
	,
	{
		"codMec": "avis00300t",
		"tipo": "ISTITUTO SUPERIORE",
		"nome": "ISTITUTO SUPERIORE \"E. FERMI\"",
		"indirizzo": "VIA FONTANA",
		"cap": "83059",
		"comune": "VALLATA",
		"provincia": "AV"
	}
	,
	{
		"codMec": "avic87400q",
		"tipo": "ISTITUTO COMPRENSIVO",
		"nome": "I.C. G. PASCOLI",
		"indirizzo": "VIA S.GIORGIO DI SOPRA  149",
		"cap": "83059",
		"comune": "VALLATA",
		"provincia": "AV"
	}
	,
	{
		"codMec": "avic85200v",
		"tipo": "ISTITUTO COMPRENSIVO",
		"nome": "I.C.  R.AMBROSINI",
		"indirizzo": "VIA  E.  FERMI",
		"cap": "83030",
		"comune": "VENTICANO",
		"provincia": "AV"
	}
]