[
	{
		"codMec": "fgic819005",
		"tipo": "ISTITUTO COMPRENSIVO",
		"nome": "VIA ROMA - ACCADIA",
		"indirizzo": "VIA        ROMA  24",
		"cap": "71021",
		"comune": "ACCADIA",
		"provincia": "FG"
	}
	,
	{
		"codMec": "fgic86800a",
		"tipo": "ISTITUTO COMPRENSIVO",
		"nome": "TORELLI - FIORITTI - APRICENA",
		"indirizzo": "PIAZZA DELLA REPUBBLICA N. 33",
		"cap": "71011",
		"comune": "APRICENA",
		"provincia": "FG"
	}
	,
	{
		"codMec": "fgis00300q",
		"tipo": "ISTITUTO SUPERIORE",
		"nome": "FEDERICO II",
		"indirizzo": "VIA POZZO SALSO, 41",
		"cap": "71011",
		"comune": "APRICENA",
		"provincia": "FG"
	}
	,
	{
		"codMec": "fgic818009",
		"tipo": "ISTITUTO COMPRENSIVO",
		"nome": "NICHOLAS GREEN -ASCOLI SATRIANO",
		"indirizzo": "VIA ABRUZZI, 1",
		"cap": "71022",
		"comune": "ASCOLI SATRIANO",
		"provincia": "FG"
	}
	,
	{
		"codMec": "fgic820009",
		"tipo": "ISTITUTO COMPRENSIVO",
		"nome": "ROSETI - BICCARI",
		"indirizzo": "VIA      GIARDINO, 131",
		"cap": "71032",
		"comune": "BICCARI",
		"provincia": "FG"
	}
	,
	{
		"codMec": "fgic81600n",
		"tipo": "ISTITUTO COMPRENSIVO",
		"nome": "VIA DEI MILLE - BOVINO",
		"indirizzo": "VIA DEI MILLE, 10",
		"cap": "71023",
		"comune": "BOVINO",
		"provincia": "FG"
	}
	,
	{
		"codMec": "fgic821005",
		"tipo": "ISTITUTO COMPRENSIVO",
		"nome": "D\\'APOLITO - CAGNANO VARANO",
		"indirizzo": "VIA        DANTE ALIGHIERI     33",
		"cap": "71010",
		"comune": "CAGNANO VARANO",
		"provincia": "FG"
	}
	,
	{
		"codMec": "fgic813006",
		"tipo": "ISTITUTO COMPRENSIVO",
		"nome": "PAPA GIOVANNI PAOLO II",
		"indirizzo": "VIALE XXIV MAGGIO 1",
		"cap": "71024",
		"comune": "CANDELA",
		"provincia": "FG"
	}
	,
	{
		"codMec": "fgic822001",
		"tipo": "ISTITUTO COMPRENSIVO",
		"nome": "ISTITUTO COMPRENSIVO CARAPELLE",
		"indirizzo": "VIA INDIPENDENZA 65",
		"cap": "71041",
		"comune": "CARAPELLE",
		"provincia": "FG"
	}
	,
	{
		"codMec": "fgic806003",
		"tipo": "ISTITUTO COMPRENSIVO",
		"nome": "PADRE GIULIO CASTELLI - CARPINO",
		"indirizzo": "VIA DELLA REPUBBLICA, 48",
		"cap": "71010",
		"comune": "CARPINO",
		"provincia": "FG"
	}
	,
	{
		"codMec": "fgic82400l",
		"tipo": "ISTITUTO COMPRENSIVO",
		"nome": "MONTI DAUNI",
		"indirizzo": "LARGO S. NICOLA 2",
		"cap": "71035",
		"comune": "CELENZA VALFORTORE",
		"provincia": "FG"
	}
	,
	{
		"codMec": "fgmm04100b",
		"tipo": "SCUOLA PRIMO GRADO",
		"nome": "\"G. PAVONCELLI\"",
		"indirizzo": "P.ZZA DELLA REPUBBLICA         SN",
		"cap": "71042",
		"comune": "CERIGNOLA",
		"provincia": "FG"
	}
	,
	{
		"codMec": "fgic84600d",
		"tipo": "ISTITUTO COMPRENSIVO",
		"nome": "CERIGNOLA DON BOSCO+BATTISTI",
		"indirizzo": "PIAZZA VENTIMIGLIA 6",
		"cap": "71042",
		"comune": "CERIGNOLA",
		"provincia": "FG"
	}
	,
	{
		"codMec": "fgee02900t",
		"tipo": "CIRCOLO DIDATTICO",
		"nome": "MARCONI - CERIGNOLA",
		"indirizzo": "VIALE G. DI VITTORIO 119",
		"cap": "71042",
		"comune": "CERIGNOLA",
		"provincia": "FG"
	}
	,
	{
		"codMec": "fgic87400n",
		"tipo": "ISTITUTO COMPRENSIVO",
		"nome": "DI VITTORIO - PADRE PIO",
		"indirizzo": "VIA DEGLI OLEANDRI 1",
		"cap": "71042",
		"comune": "CERIGNOLA",
		"provincia": "FG"
	}
	,
	{
		"codMec": "fgic87300t",
		"tipo": "ISTITUTO COMPRENSIVO",
		"nome": "CARDUCCI-PAOLILLO",
		"indirizzo": "EGMONT, 1",
		"cap": "71042",
		"comune": "CERIGNOLA",
		"provincia": "FG"
	}
	,
	{
		"codMec": "fgee03200n",
		"tipo": "CIRCOLO DIDATTICO",
		"nome": "VIA TERMINILLO - CERIGNOLA",
		"indirizzo": "VIA TERMINILLO",
		"cap": "71042",
		"comune": "CERIGNOLA",
		"provincia": "FG"
	}
	,
	{
		"codMec": "fgis01100p",
		"tipo": "ISTITUTO SUPERIORE",
		"nome": "G. PAVONCELLI",
		"indirizzo": "CORSO SCUOLA AGRARIA,2",
		"cap": "71042",
		"comune": "CERIGNOLA",
		"provincia": "FG"
	}
	,
	{
		"codMec": "fgps08000e",
		"tipo": "LICEO SCIENTIFICO",
		"nome": "ALBERT EINSTEIN",
		"indirizzo": "VIA        BENEDETTO CROCE,13",
		"cap": "71042",
		"comune": "CERIGNOLA",
		"provincia": "FG"
	}
	,
	{
		"codMec": "fgis048009",
		"tipo": "ISTITUTO SUPERIORE",
		"nome": "I.I.S.   \\'A  RIGHI\\'",
		"indirizzo": "VIA ANTONIETTA ROSATI, 3",
		"cap": "71042",
		"comune": "CERIGNOLA",
		"provincia": "FG"
	}
	,
	{
		"codMec": "fgis04700d",
		"tipo": "ISTITUTO SUPERIORE",
		"nome": "NICOLA ZINGARELLI",
		"indirizzo": "VIA RAOUL FOLLEREAU,N.6",
		"cap": "71042",
		"comune": "CERIGNOLA",
		"provincia": "FG"
	}
	,
	{
		"codMec": "fgtd02000p",
		"tipo": "IST TEC COMMERCIALE E PER GEOMETRI",
		"nome": "IST. TEC. COMM.LE \"DANTE ALIGHIERI\"",
		"indirizzo": "VIA        GIOVANNI GENTILE, 4",
		"cap": "71042",
		"comune": "CERIGNOLA",
		"provincia": "FG"
	}
	,
	{
		"codMec": "fgic814002",
		"tipo": "ISTITUTO COMPRENSIVO",
		"nome": "VICO 2 FONTANELLE - DELICETO",
		"indirizzo": "VIA BOVINO 1",
		"cap": "71026",
		"comune": "DELICETO",
		"provincia": "FG"
	}
	,
	{
		"codMec": "fgps040004",
		"tipo": "LICEO SCIENTIFICO",
		"nome": "GUGLIELMO MARCONI",
		"indirizzo": "VIA DANIMARCA 25",
		"cap": "71122",
		"comune": "FOGGIA",
		"provincia": "FG"
	}
	,
	{
		"codMec": "fgps010008",
		"tipo": "LICEO SCIENTIFICO",
		"nome": "ALESSANDRO VOLTA",
		"indirizzo": "VIA MARTIRI DI VIA FANI N. 1",
		"cap": "71122",
		"comune": "FOGGIA",
		"provincia": "FG"
	}
	,
	{
		"codMec": "fgpm03000e",
		"tipo": "ISTITUTO MAGISTRALE",
		"nome": "POERIO",
		"indirizzo": "CORSO      ROMA 1",
		"cap": "71100",
		"comune": "FOGGIA",
		"provincia": "FG"
	}
	,
	{
		"codMec": "fgmm15400a",
		"tipo": "SCUOLA PRIMO GRADO",
		"nome": "CPIA 1 FOGGIA",
		"indirizzo": "VIA  L. SBLANO  5 PALAZZINA C",
		"cap": "71122",
		"comune": "FOGGIA",
		"provincia": "FG"
	}
	,
	{
		"codMec": "fgmm00700x",
		"tipo": "SCUOLA PRIMO GRADO",
		"nome": "MURIALDO LEONARDO",
		"indirizzo": "VIA ORDONA LAVELLO S.N.",
		"cap": "71121",
		"comune": "FOGGIA",
		"provincia": "FG"
	}
	,
	{
		"codMec": "fgmm00400c",
		"tipo": "SCUOLA PRIMO GRADO",
		"nome": "BOVIO GIOVANNI",
		"indirizzo": "VIALE      COLOMBO, 202",
		"cap": "71121",
		"comune": "FOGGIA",
		"provincia": "FG"
	}
	,
	{
		"codMec": "fgis051005",
		"tipo": "ISTITUTO SUPERIORE",
		"nome": "I. I.S. \"P. GIANNONE -  E.MASI\"",
		"indirizzo": "VIA        L.SBANO 5",
		"cap": "71121",
		"comune": "FOGGIA",
		"provincia": "FG"
	}
	,
	{
		"codMec": "fgis03800p",
		"tipo": "ISTITUTO SUPERIORE",
		"nome": "LANZA - PERUGINI",
		"indirizzo": "PIAZZA   ITALIA 3",
		"cap": "71121",
		"comune": "FOGGIA",
		"provincia": "FG"
	}
	,
	{
		"codMec": "fgis03400b",
		"tipo": "ISTITUTO SUPERIORE",
		"nome": "I.I.S.S. \"NOTARANGELO - ROSATI\"",
		"indirizzo": "VIA NAPOLI, 101",
		"cap": "71122",
		"comune": "FOGGIA",
		"provincia": "FG"
	}
	,
	{
		"codMec": "fgis00800v",
		"tipo": "ISTITUTO SUPERIORE",
		"nome": "L.EINAUDI",
		"indirizzo": "VIA NAPOLI 103",
		"cap": "71121",
		"comune": "FOGGIA",
		"provincia": "FG"
	}
	,
	{
		"codMec": "fgic877005",
		"tipo": "ISTITUTO COMPRENSIVO",
		"nome": "S. CHIARA - PASCOLI - ALTAMURA",
		"indirizzo": "PIAZZA S.CHIARA N.9",
		"cap": "71121",
		"comune": "FOGGIA",
		"provincia": "FG"
	}
	,
	{
		"codMec": "fgic87000a",
		"tipo": "ISTITUTO COMPRENSIVO",
		"nome": "D. ALIGHIERI -CART. -SEG.INC.CE",
		"indirizzo": "VIA S.ALFONSO DE LIGUORI,    72",
		"cap": "71121",
		"comune": "FOGGIA",
		"provincia": "FG"
	}
	,
	{
		"codMec": "fgic86200b",
		"tipo": "ISTITUTO COMPRENSIVO",
		"nome": "G. CATALANO+MOSCATI-FOGGIA",
		"indirizzo": "VIA M. ALTAMURA - PARCO SAN FELICE",
		"cap": "71122",
		"comune": "FOGGIA",
		"provincia": "FG"
	}
	,
	{
		"codMec": "fgic86100g",
		"tipo": "ISTITUTO COMPRENSIVO",
		"nome": "FOSCOLO-GABELLI",
		"indirizzo": "VIA CARLO BAFFI 2/4",
		"cap": "71121",
		"comune": "FOGGIA",
		"provincia": "FG"
	}
	,
	{
		"codMec": "fgic86000q",
		"tipo": "ISTITUTO COMPRENSIVO",
		"nome": "DE AMICIS - PIO XII",
		"indirizzo": "VIA E. DE AMICIS, 50",
		"cap": "71100",
		"comune": "FOGGIA",
		"provincia": "FG"
	}
	,
	{
		"codMec": "fgic85900g",
		"tipo": "ISTITUTO COMPRENSIVO",
		"nome": "PARISI-DE SANCTIS",
		"indirizzo": "VIA MARCHESE DE ROSA 23",
		"cap": "71121",
		"comune": "FOGGIA",
		"provincia": "FG"
	}
	,
	{
		"codMec": "fgic85700x",
		"tipo": "ISTITUTO COMPRENSIVO",
		"nome": "V. DA FELTRE - N. ZINGARELLI",
		"indirizzo": "VIA SAN FRANCESCO FASANI",
		"cap": "71122",
		"comune": "FOGGIA",
		"provincia": "FG"
	}
	,
	{
		"codMec": "fgic856004",
		"tipo": "ISTITUTO COMPRENSIVO",
		"nome": "ALFIERI VITTORIO GARIBALDI",
		"indirizzo": "VIA      GALLIANI",
		"cap": "71100",
		"comune": "FOGGIA",
		"provincia": "FG"
	}
	,
	{
		"codMec": "fgee01200c",
		"tipo": "CIRCOLO DIDATTICO",
		"nome": "LEOPARDI - FOGGIA",
		"indirizzo": "VIA SELICATO, 1",
		"cap": "71122",
		"comune": "FOGGIA",
		"provincia": "FG"
	}
	,
	{
		"codMec": "fgee01100l",
		"tipo": "CIRCOLO DIDATTICO",
		"nome": "S. CIRO- FOGGIA",
		"indirizzo": "VIA LABRIOLA",
		"cap": "71122",
		"comune": "FOGGIA",
		"provincia": "FG"
	}
	,
	{
		"codMec": "fgee00900l",
		"tipo": "CIRCOLO DIDATTICO",
		"nome": "IX  C. \"A. MANZONI - FOGGIA",
		"indirizzo": "VIA NANNARONE",
		"cap": "71121",
		"comune": "FOGGIA",
		"provincia": "FG"
	}
	,
	{
		"codMec": "fgtf13000c",
		"tipo": "ISTITUTO TECNICO INDUSTRIALE",
		"nome": "ALTAMURA- DA VINCI",
		"indirizzo": "VIA    GENERALE FRANCESCO ROTUNDI N. 4",
		"cap": "71121",
		"comune": "FOGGIA",
		"provincia": "FG"
	}
	,
	{
		"codMec": "fgee005009",
		"tipo": "CIRCOLO DIDATTICO",
		"nome": "S. GIOVANNI BOSCO - FOGGIA",
		"indirizzo": "VIA ORDONA LAVELLO",
		"cap": "71121",
		"comune": "FOGGIA",
		"provincia": "FG"
	}
	,
	{
		"codMec": "fgee00800r",
		"tipo": "CIRCOLO DIDATTICO",
		"nome": "S. PIO DECIMO - FOGGIA",
		"indirizzo": "VIA MASTELLONI",
		"cap": "71100",
		"comune": "FOGGIA",
		"provincia": "FG"
	}
	,
	{
		"codMec": "fgtd08000a",
		"tipo": "IST TEC COMMERCIALE E PER GEOMETRI",
		"nome": "ISTITUTO TECNICO ECONOMICO BLAISE PASCAL",
		"indirizzo": "VIA  NAPOLI, KM 0,700",
		"cap": "71122",
		"comune": "FOGGIA",
		"provincia": "FG"
	}
	,
	{
		"codMec": "fgri020004",
		"tipo": "IST PROF INDUSTRIA E ARTIGIANATO",
		"nome": "IPSIA \"ANTONIO PACINOTTI\"",
		"indirizzo": "VIA MARIO NATOLA, 12",
		"cap": "71122",
		"comune": "FOGGIA",
		"provincia": "FG"
	}
	,
	{
		"codMec": "fgic80700v",
		"tipo": "ISTITUTO COMPRENSIVO",
		"nome": "GIANNONE PIETRO - ISCHITELLA",
		"indirizzo": "CORSO CESARE BATTISTI, 149",
		"cap": "71010",
		"comune": "ISCHITELLA",
		"provincia": "FG"
	}
	,
	{
		"codMec": "fgic82500c",
		"tipo": "ISTITUTO COMPRENSIVO",
		"nome": "I. C. VIA NAPOLI - LESINA",
		"indirizzo": "VIA OMERO",
		"cap": "71010",
		"comune": "LESINA",
		"provincia": "FG"
	}
	,
	{
		"codMec": "fgic827004",
		"tipo": "ISTITUTO COMPRENSIVO",
		"nome": "MANZONI - RADICE",
		"indirizzo": "PIAZZA DI VAGNO, N. 8",
		"cap": "71036",
		"comune": "LUCERA",
		"provincia": "FG"
	}
	,
	{
		"codMec": "fgic842006",
		"tipo": "ISTITUTO COMPRENSIVO",
		"nome": "I.C. BOZZINI - FASANI - LUCERA",
		"indirizzo": "VIA RAFFAELLO",
		"cap": "71036",
		"comune": "LUCERA",
		"provincia": "FG"
	}
	,
	{
		"codMec": "fgic876009",
		"tipo": "ISTITUTO COMPRENSIVO",
		"nome": "TOMMASONE - ALIGHIERI",
		"indirizzo": "PIAZZA MATTEOTTI 1",
		"cap": "71036",
		"comune": "LUCERA",
		"provincia": "FG"
	}
	,
	{
		"codMec": "fgis03900e",
		"tipo": "ISTITUTO SUPERIORE",
		"nome": "BONGHI - ROSMINI",
		"indirizzo": "VIALE FERROVIA, 19",
		"cap": "71036",
		"comune": "LUCERA",
		"provincia": "FG"
	}
	,
	{
		"codMec": "fgtd060005",
		"tipo": "IST TEC COMMERCIALE E PER GEOMETRI",
		"nome": "VITTORIO EMANUELE III",
		"indirizzo": "VIA        DANTE 12",
		"cap": "71036",
		"comune": "LUCERA",
		"provincia": "FG"
	}
	,
	{
		"codMec": "fgvc01000c",
		"tipo": "CONVITTO ANNESSO",
		"nome": "R. BONGHI",
		"indirizzo": "VIA        IV NOVEMBRE         38",
		"cap": "71036",
		"comune": "LUCERA",
		"provincia": "FG"
	}
	,
	{
		"codMec": "fgic82900q",
		"tipo": "ISTITUTO COMPRENSIVO",
		"nome": "DON MILANI UNO + MAIORANO",
		"indirizzo": "VIA COPPA DEL VENTO 3",
		"cap": "71043",
		"comune": "MANFREDONIA",
		"provincia": "FG"
	}
	,
	{
		"codMec": "fgpm010009",
		"tipo": "ISTITUTO MAGISTRALE",
		"nome": "A. G. RONCALLI",
		"indirizzo": "PIAZZA  EUROPA 1",
		"cap": "71043",
		"comune": "MANFREDONIA",
		"provincia": "FG"
	}
	,
	{
		"codMec": "fgis04200a",
		"tipo": "ISTITUTO SUPERIORE",
		"nome": "IST.ISTR. SEC. SUPERIORE \"GALILEI\"",
		"indirizzo": "VIA        DEI MANDORLI,29",
		"cap": "71043",
		"comune": "MANFREDONIA",
		"provincia": "FG"
	}
	,
	{
		"codMec": "fgis01700n",
		"tipo": "ISTITUTO SUPERIORE",
		"nome": "ITN ROTUNDI - ITI FERMI",
		"indirizzo": "VIA SOTTOTENENTE TROIANO",
		"cap": "71043",
		"comune": "MANFREDONIA",
		"provincia": "FG"
	}
	,
	{
		"codMec": "fgic872002",
		"tipo": "ISTITUTO COMPRENSIVO",
		"nome": "I.C. SAN GIOVANNI BOSCO",
		"indirizzo": "VIA CAVOLECCHIA 4",
		"cap": "71043",
		"comune": "MANFREDONIA",
		"provincia": "FG"
	}
	,
	{
		"codMec": "fgic86600p",
		"tipo": "ISTITUTO COMPRENSIVO",
		"nome": "UNGARETTI+M.TERESA DI CALCUTTA",
		"indirizzo": "VIA ALIGHIERI, 2",
		"cap": "71043",
		"comune": "MANFREDONIA",
		"provincia": "FG"
	}
	,
	{
		"codMec": "fgic86500v",
		"tipo": "ISTITUTO COMPRENSIVO",
		"nome": "CROCE - MOZZILLO MANFREDONIA",
		"indirizzo": "PIAZZA BOVIO",
		"cap": "71043",
		"comune": "MANFREDONIA",
		"provincia": "FG"
	}
	,
	{
		"codMec": "fgtd04000x",
		"tipo": "IST TEC COMMERCIALE E PER GEOMETRI",
		"nome": "ISTITUTO TECNICO ECONOMICO G. TONIOLO",
		"indirizzo": "VIA  BARLETTA, 1/A",
		"cap": "71043",
		"comune": "MANFREDONIA",
		"provincia": "FG"
	}
	,
	{
		"codMec": "fgic863007",
		"tipo": "ISTITUTO COMPRENSIVO",
		"nome": "PEROTTO-ORSINI",
		"indirizzo": "VIA  ANTONIO GRAMSCI  N. 12",
		"cap": "71043",
		"comune": "MANFREDONIA",
		"provincia": "FG"
	}
	,
	{
		"codMec": "fgic864003",
		"tipo": "ISTITUTO COMPRENSIVO",
		"nome": "GIORDANI-DE SANCTIS",
		"indirizzo": "VIA  S.GIOVANNI BOSCO  2",
		"cap": "71043",
		"comune": "MANFREDONIA",
		"provincia": "FG"
	}
	,
	{
		"codMec": "fgrh07000n",
		"tipo": "IST PROF  ALBERGHIERO",
		"nome": "IST.PROF.ST.SERV.ENOGASTR.OSPIT.ALBERGH.",
		"indirizzo": "VIA VANVITELLI, 1",
		"cap": "76016",
		"comune": "MARGHERITA DI SAVOIA",
		"provincia": "FG"
	}
	,
	{
		"codMec": "fgis049005",
		"tipo": "ISTITUTO SUPERIORE",
		"nome": "I.I.S. \"A. MORO\"",
		"indirizzo": "VIA VANVITELLI, 1",
		"cap": "76016",
		"comune": "MARGHERITA DI SAVOIA",
		"provincia": "FG"
	}
	,
	{
		"codMec": "fgic85400c",
		"tipo": "ISTITUTO COMPRENSIVO",
		"nome": "DIREZ. DIDATT.+I GRADO PASCOLI",
		"indirizzo": "VIA AFRICA ORIENTALE, 32",
		"cap": "76016",
		"comune": "MARGHERITA DI SAVOIA",
		"provincia": "FG"
	}
	,
	{
		"codMec": "fgic80800p",
		"tipo": "ISTITUTO COMPRENSIVO",
		"nome": "DOMENICO SAVIO - MATTINATA",
		"indirizzo": "VIA        M. D\\'AZEGLIO        1",
		"cap": "71030",
		"comune": "MATTINATA",
		"provincia": "FG"
	}
	,
	{
		"codMec": "fgic83100q",
		"tipo": "ISTITUTO COMPRENSIVO",
		"nome": "GIOVANNI XXIII-MONTE SANT\\'ANGEL",
		"indirizzo": "VIA S. ANTONIO ABATE 92",
		"cap": "71037",
		"comune": "MONTE SANT\\'ANGELO",
		"provincia": "FG"
	}
	,
	{
		"codMec": "fgic83000x",
		"tipo": "ISTITUTO COMPRENSIVO",
		"nome": "TANCREDI-AMICARELLI-MONTE S.A.",
		"indirizzo": "VIA G. TANCREDI 1",
		"cap": "71037",
		"comune": "MONTE SANT\\'ANGELO",
		"provincia": "FG"
	}
	,
	{
		"codMec": "fgis001004",
		"tipo": "ISTITUTO SUPERIORE",
		"nome": "GIAN TOMMASO GIORDANI",
		"indirizzo": "VIA ORTO CAPPUCCINI 1",
		"cap": "71037",
		"comune": "MONTE SANT\\'ANGELO",
		"provincia": "FG"
	}
	,
	{
		"codMec": "fgee06000t",
		"tipo": "CIRCOLO DIDATTICO",
		"nome": "VITTORIO VENETO - ORTA NOVA",
		"indirizzo": "VIA VITTORIO VENETO 1",
		"cap": "71045",
		"comune": "ORTA NOVA",
		"provincia": "FG"
	}
	,
	{
		"codMec": "fgmm134005",
		"tipo": "SCUOLA PRIMO GRADO",
		"nome": "SANDRO PERTINI",
		"indirizzo": "VIA  L. DA VINCI",
		"cap": "71045",
		"comune": "ORTA NOVA",
		"provincia": "FG"
	}
	,
	{
		"codMec": "fgis04600n",
		"tipo": "ISTITUTO SUPERIORE",
		"nome": "I.I.S.  \"ADRIANO OLIVETTI\"",
		"indirizzo": "VIA DUE GIUGNO",
		"cap": "71045",
		"comune": "ORTA NOVA",
		"provincia": "FG"
	}
	,
	{
		"codMec": "fgee06100n",
		"tipo": "CIRCOLO DIDATTICO",
		"nome": "VIA A. SCARABINO - ORTA NOVA",
		"indirizzo": "VIA A. SCARABINO",
		"cap": "71045",
		"comune": "ORTA NOVA",
		"provincia": "FG"
	}
	,
	{
		"codMec": "fgic83300b",
		"tipo": "ISTITUTO COMPRENSIVO",
		"nome": "LIBETTA - PESCHICI",
		"indirizzo": "VIA DELLA LIBERTA\\', 2",
		"cap": "71010",
		"comune": "PESCHICI",
		"provincia": "FG"
	}
	,
	{
		"codMec": "fgic82300r",
		"tipo": "ISTITUTO COMPRENSIVO",
		"nome": "MANDES",
		"indirizzo": "VIA A. DIAZ, 76",
		"cap": "71033",
		"comune": "PIETRAMONTECORVINO",
		"provincia": "FG"
	}
	,
	{
		"codMec": "fgis01300a",
		"tipo": "ISTITUTO SUPERIORE",
		"nome": "RODI GARGANICO",
		"indirizzo": "VIA        G. ALTOMARE 10",
		"cap": "71012",
		"comune": "RODI GARGANICO",
		"provincia": "FG"
	}
	,
	{
		"codMec": "fgis023001",
		"tipo": "ISTITUTO SUPERIORE",
		"nome": "PROF. MICHELE DELL\\'AQUILA",
		"indirizzo": "VIA A. GRAMSCI, 53",
		"cap": "76017",
		"comune": "SAN FERDINANDO DI PUGLIA",
		"provincia": "FG"
	}
	,
	{
		"codMec": "fgic871006",
		"tipo": "ISTITUTO COMPRENSIVO",
		"nome": "GIOVANNI XXIII",
		"indirizzo": "VIA OFANTO, N. 29",
		"cap": "76017",
		"comune": "SAN FERDINANDO DI PUGLIA",
		"provincia": "FG"
	}
	,
	{
		"codMec": "fgic855008",
		"tipo": "ISTITUTO COMPRENSIVO",
		"nome": "DE AMICIS-SMS 2 S.FERDINANDO P.",
		"indirizzo": "PIAZZA MONSIGNOR LOPEZ, 23",
		"cap": "71046",
		"comune": "SAN FERDINANDO DI PUGLIA",
		"provincia": "FG"
	}
	,
	{
		"codMec": "fgrh060003",
		"tipo": "IST PROF  ALBERGHIERO",
		"nome": "IST.PROF. SERV.ALB.E RIST.NE \"M.LECCE\"",
		"indirizzo": "VIA PALESTRO",
		"cap": "71013",
		"comune": "SAN GIOVANNI ROTONDO",
		"provincia": "FG"
	}
	,
	{
		"codMec": "fgpm05000q",
		"tipo": "ISTITUTO MAGISTRALE",
		"nome": "IM MARIA IMMACOLATA",
		"indirizzo": "PIAZZA     EUROPA, 37",
		"cap": "71013",
		"comune": "SAN GIOVANNI ROTONDO",
		"provincia": "FG"
	}
	,
	{
		"codMec": "fgis036003",
		"tipo": "ISTITUTO SUPERIORE",
		"nome": "I.S.I.S. LUIGI DI MAGGIO",
		"indirizzo": "CORSO      ROMA 119",
		"cap": "71013",
		"comune": "SAN GIOVANNI ROTONDO",
		"provincia": "FG"
	}
	,
	{
		"codMec": "fgic84500n",
		"tipo": "ISTITUTO COMPRENSIVO",
		"nome": "DANTE - GALIANI",
		"indirizzo": "VIA DANTE 2",
		"cap": "71013",
		"comune": "SAN GIOVANNI ROTONDO",
		"provincia": "FG"
	}
	,
	{
		"codMec": "fgic84400t",
		"tipo": "ISTITUTO COMPRENSIVO",
		"nome": "MELCHIONDA - DE BONIS",
		"indirizzo": "VIA KENNEDY 15",
		"cap": "71013",
		"comune": "SAN GIOVANNI ROTONDO",
		"provincia": "FG"
	}
	,
	{
		"codMec": "fgic843002",
		"tipo": "ISTITUTO COMPRENSIVO",
		"nome": "G. PASCOLI - FORGIONE",
		"indirizzo": "VIA        MEDI, 7",
		"cap": "71013",
		"comune": "SAN GIOVANNI ROTONDO",
		"provincia": "FG"
	}
	,
	{
		"codMec": "fgmm13700l",
		"tipo": "SCUOLA PRIMO GRADO",
		"nome": "D. ALIGHERI- A. SPALATRO",
		"indirizzo": "VIA        MADONNA DELLA LIBERA 44",
		"cap": "71019",
		"comune": "VIESTE",
		"provincia": "FG"
	}
	,
	{
		"codMec": "fgrh010002",
		"tipo": "IST PROF  ALBERGHIERO",
		"nome": "ENRICO MATTEI",
		"indirizzo": "LOC.       MACCHIA DI MAURO",
		"cap": "71019",
		"comune": "VIESTE",
		"provincia": "FG"
	}
	,
	{
		"codMec": "fgee105006",
		"tipo": "CIRCOLO DIDATTICO",
		"nome": "GIANNI RODARI - VIESTE",
		"indirizzo": "VIA SPINA 1",
		"cap": "71019",
		"comune": "VIESTE",
		"provincia": "FG"
	}
	,
	{
		"codMec": "fgis00400g",
		"tipo": "ISTITUTO SUPERIORE",
		"nome": "FAZZINI-GIULIANI",
		"indirizzo": "LOC. MACCHIA DI MAURO",
		"cap": "71019",
		"comune": "VIESTE",
		"provincia": "FG"
	}
	,
	{
		"codMec": "fgic82800x",
		"tipo": "ISTITUTO COMPRENSIVO",
		"nome": "ZAPPONETA",
		"indirizzo": "VIA NETTUNO 15",
		"cap": "71030",
		"comune": "ZAPPONETA",
		"provincia": "FG"
	}
	,
	{
		"codMec": "fgee112009",
		"tipo": "CIRCOLO DIDATTICO",
		"nome": "DE AMICIS - SAN SEVERO",
		"indirizzo": "PIAZZA CAVALLOTTI 16",
		"cap": "71016",
		"comune": "SAN SEVERO",
		"provincia": "FG"
	}
	,
	{
		"codMec": "fgmm148003",
		"tipo": "SCUOLA PRIMO GRADO",
		"nome": "PETRARCA-P.PIO",
		"indirizzo": "VIA TOGLIATTI 1",
		"cap": "71016",
		"comune": "SAN SEVERO",
		"provincia": "FG"
	}
	,
	{
		"codMec": "fgic83600v",
		"tipo": "ISTITUTO COMPRENSIVO",
		"nome": "GIOV. PAOLO II - SERRACAPRIOLA",
		"indirizzo": "VIA        PAOLO VI",
		"cap": "71010",
		"comune": "SERRACAPRIOLA",
		"provincia": "FG"
	}
	,
	{
		"codMec": "fgic83700p",
		"tipo": "ISTITUTO COMPRENSIVO",
		"nome": "IST. COMP.VO - STORNARA",
		"indirizzo": "VIA ROMA,39",
		"cap": "71047",
		"comune": "STORNARA",
		"provincia": "FG"
	}
	,
	{
		"codMec": "fgic83800e",
		"tipo": "ISTITUTO COMPRENSIVO",
		"nome": "ALDO MORO - STORNARELLA",
		"indirizzo": "VIALE DOTT. PAOLO CANTATORE N. 1",
		"cap": "71048",
		"comune": "STORNARELLA",
		"provincia": "FG"
	}
	,
	{
		"codMec": "fgee09600l",
		"tipo": "CIRCOLO DIDATTICO",
		"nome": "D.D. S.G.BOSCO - TORREMAGGIORE",
		"indirizzo": "VIA SACCO E VANZETTI, 19",
		"cap": "71017",
		"comune": "TORREMAGGIORE",
		"provincia": "FG"
	}
	,
	{
		"codMec": "fgee09700c",
		"tipo": "CIRCOLO DIDATTICO",
		"nome": "D.D. SECONDO - TORREMAGGIORE",
		"indirizzo": "VIA DE GASPERI",
		"cap": "71017",
		"comune": "TORREMAGGIORE",
		"provincia": "FG"
	}
	,
	{
		"codMec": "fgmm11100c",
		"tipo": "SCUOLA PRIMO GRADO",
		"nome": "PADRE PIO",
		"indirizzo": "VIA PIETRO NENNI, 13/15",
		"cap": "71017",
		"comune": "TORREMAGGIORE",
		"provincia": "FG"
	}
	,
	{
		"codMec": "fgis044002",
		"tipo": "ISTITUTO SUPERIORE",
		"nome": "F I A N I - LECCISOTTI",
		"indirizzo": "VIA ASPROMONTE -158",
		"cap": "71017",
		"comune": "TORREMAGGIORE",
		"provincia": "FG"
	}
	,
	{
		"codMec": "fgee099004",
		"tipo": "CIRCOLO DIDATTICO",
		"nome": "DON MILANI - TRINITAPOLI",
		"indirizzo": "VIA CAIROLI 78",
		"cap": "76015",
		"comune": "TRINITAPOLI",
		"provincia": "FG"
	}
	,
	{
		"codMec": "fgic87500d",
		"tipo": "ISTITUTO COMPRENSIVO",
		"nome": "GARIBALDI- LEONE",
		"indirizzo": "VIA PIRANDELLO 19",
		"cap": "76015",
		"comune": "TRINITAPOLI",
		"provincia": "FG"
	}
	,
	{
		"codMec": "fgis02600c",
		"tipo": "ISTITUTO SUPERIORE",
		"nome": "\"SCIPIONE STAFFA\"",
		"indirizzo": "VIA CAPPUCCINI, 23",
		"cap": "76015",
		"comune": "TRINITAPOLI",
		"provincia": "FG"
	}
	,
	{
		"codMec": "fgic85800q",
		"tipo": "ISTITUTO COMPRENSIVO",
		"nome": "VIRGILIO - SALANDRA",
		"indirizzo": "VIA        VILLA COMUNALE",
		"cap": "71029",
		"comune": "TROIA",
		"provincia": "FG"
	}
	,
	{
		"codMec": "fgic84100a",
		"tipo": "ISTITUTO COMPRENSIVO",
		"nome": "I.C. MANICONE -C.D FIORENTINO",
		"indirizzo": "VIA GIOVANNI VENTITRES. 45",
		"cap": "71018",
		"comune": "VICO DEL GARGANO",
		"provincia": "FG"
	}
	,
	{
		"codMec": "fgis052001",
		"tipo": "ISTITUTO SUPERIORE",
		"nome": "PUBLIO VIRGILIO MARONE",
		"indirizzo": "CONTRADA MADDALENA S.N.",
		"cap": "71018",
		"comune": "VICO DEL GARGANO",
		"provincia": "FG"
	}
	,
	{
		"codMec": "fgic848005",
		"tipo": "ISTITUTO COMPRENSIVO",
		"nome": "S.GIOVANNI BOSCO+DE CAROLIS",
		"indirizzo": "VIA    DANTE ALIGHIERI, 21",
		"cap": "71014",
		"comune": "SAN MARCO IN LAMIS",
		"provincia": "FG"
	}
	,
	{
		"codMec": "fgis021009",
		"tipo": "ISTITUTO SUPERIORE",
		"nome": "PIETRO GIANNONE",
		"indirizzo": "VIA P. G. FRASSATI,2",
		"cap": "71014",
		"comune": "SAN MARCO IN LAMIS",
		"provincia": "FG"
	}
	,
	{
		"codMec": "fgic847009",
		"tipo": "ISTITUTO COMPRENSIVO",
		"nome": "I.C.BALILLA COMPAGNONE RIGNANO",
		"indirizzo": "PIAZZA EUROPA, 3",
		"cap": "71014",
		"comune": "SAN MARCO IN LAMIS",
		"provincia": "FG"
	}
	,
	{
		"codMec": "fgis007003",
		"tipo": "ISTITUTO SUPERIORE",
		"nome": "DE ROGATIS - FIORITTO",
		"indirizzo": "STRADA STATALE N. 89",
		"cap": "71015",
		"comune": "SAN NICANDRO GARGANICO",
		"provincia": "FG"
	}
	,
	{
		"codMec": "fgmm141008",
		"tipo": "SCUOLA PRIMO GRADO",
		"nome": "D\\'ALESSANDRO-VOCINO",
		"indirizzo": "VIA DEI SANNITI, 12",
		"cap": "71015",
		"comune": "SAN NICANDRO GARGANICO",
		"provincia": "FG"
	}
	,
	{
		"codMec": "fgee080003",
		"tipo": "CIRCOLO DIDATTICO",
		"nome": "P.ZZA 4 NOVEM. - SANNICANDRO G.",
		"indirizzo": "PIAZZA QUATTRO NOVEMBRE",
		"cap": "71015",
		"comune": "SAN NICANDRO GARGANICO",
		"provincia": "FG"
	}
	,
	{
		"codMec": "fgic835003",
		"tipo": "ISTITUTO COMPRENSIVO",
		"nome": "GRIMALDI - S. PAOLO DI CIVITATE",
		"indirizzo": "LARGO      S. ANTONIO",
		"cap": "71010",
		"comune": "SAN PAOLO DI CIVITATE",
		"provincia": "FG"
	}
	,
	{
		"codMec": "fgtd010004",
		"tipo": "IST TEC COMMERCIALE E PER GEOMETRI",
		"nome": "A FRACCACRETA",
		"indirizzo": "VIA        ADDA 2",
		"cap": "71016",
		"comune": "SAN SEVERO",
		"provincia": "FG"
	}
	,
	{
		"codMec": "fgis03700v",
		"tipo": "ISTITUTO SUPERIORE",
		"nome": "A.MINUZIANO - DI SANGRO ALBERTI",
		"indirizzo": "VIA        APRICENA",
		"cap": "71016",
		"comune": "SAN SEVERO",
		"provincia": "FG"
	}
	,
	{
		"codMec": "fgis02900x",
		"tipo": "ISTITUTO SUPERIORE",
		"nome": "ENRICO PESTALOZZI",
		"indirizzo": "VIA ADDA, S N",
		"cap": "71016",
		"comune": "SAN SEVERO",
		"provincia": "FG"
	}
	,
	{
		"codMec": "fgis01800d",
		"tipo": "ISTITUTO SUPERIORE",
		"nome": "G. C. RISPOLI",
		"indirizzo": "V.LE   2 GIUGNO",
		"cap": "71016",
		"comune": "SAN SEVERO",
		"provincia": "FG"
	}
	,
	{
		"codMec": "fgee106002",
		"tipo": "CIRCOLO DIDATTICO",
		"nome": "CD SAN FRANCESCO -S.SEVERO",
		"indirizzo": "VIA CALABRIA 195",
		"cap": "71016",
		"comune": "SAN SEVERO",
		"provincia": "FG"
	}
	,
	{
		"codMec": "fgic869006",
		"tipo": "ISTITUTO COMPRENSIVO",
		"nome": "PALMIERI-S.GIOV.BOSCO-S.SEVERO",
		"indirizzo": "VIALE DUE GIUGNO",
		"cap": "71016",
		"comune": "SAN SEVERO",
		"provincia": "FG"
	}
	,
	{
		"codMec": "fgee11000n",
		"tipo": "CIRCOLO DIDATTICO",
		"nome": "SAN BENEDETTO",
		"indirizzo": "CORSO GARIBALDI 3",
		"cap": "71016",
		"comune": "SAN SEVERO",
		"provincia": "FG"
	}
	,
	{
		"codMec": "fgic851001",
		"tipo": "ISTITUTO COMPRENSIVO",
		"nome": "ZANNOTTI-FRACCACRETA",
		"indirizzo": "VIA G. GIUSTI N. 1",
		"cap": "71016",
		"comune": "SAN SEVERO",
		"provincia": "FG"
	}
]