[
	{
		"codMec": "mcvc010007",
		"tipo": "CONVITTO ANNESSO",
		"nome": "\"G. LEOPARDI\"  MACERATA",
		"indirizzo": "P/ZZA MARCONI, N. 3",
		"cap": "62100",
		"comune": "MACERATA",
		"provincia": "MC"
	}
	,
	{
		"codMec": "mcic833006",
		"tipo": "ISTITUTO COMPRENSIVO",
		"nome": "\"DANTE ALIGHIERI\" MACERATA",
		"indirizzo": "VIA GIULIOZZI 10",
		"cap": "62100",
		"comune": "MACERATA",
		"provincia": "MC"
	}
	,
	{
		"codMec": "mcri05000p",
		"tipo": "IST PROF INDUSTRIA E ARTIGIANATO",
		"nome": "\"DON E. POCOGNONI\"",
		"indirizzo": "VIA  BELLINI, 14",
		"cap": "62024",
		"comune": "MATELICA",
		"provincia": "MC"
	}
	,
	{
		"codMec": "mcic80700n",
		"tipo": "ISTITUTO COMPRENSIVO",
		"nome": "ENRICO MATTEI",
		"indirizzo": "VIALE ROMA 30",
		"cap": "62024",
		"comune": "MATELICA",
		"provincia": "MC"
	}
	,
	{
		"codMec": "mcic81900x",
		"tipo": "ISTITUTO COMPRENSIVO",
		"nome": "\"GIOVANNI XXIII\"  MOGLIANO",
		"indirizzo": "VIA ADRIANO ADRIANI 4",
		"cap": "62010",
		"comune": "MOGLIANO",
		"provincia": "MC"
	}
	,
	{
		"codMec": "mcic82100x",
		"tipo": "ISTITUTO COMPRENSIVO",
		"nome": "\"L. LOTTO\"  MONTE S. GIUSTO",
		"indirizzo": "VIA  MADONNA DI LORETO 2",
		"cap": "62015",
		"comune": "MONTE SAN GIUSTO",
		"provincia": "MC"
	}
	,
	{
		"codMec": "mcic826003",
		"tipo": "ISTITUTO COMPRENSIVO",
		"nome": "\"G. CINGOLANI\"  MONTECASSIANO",
		"indirizzo": "VICOLO DELLE SCUOLE,3-5",
		"cap": "62010",
		"comune": "MONTECASSIANO",
		"provincia": "MC"
	}
	,
	{
		"codMec": "mcic82200q",
		"tipo": "ISTITUTO COMPRENSIVO",
		"nome": "VIA PIAVE  MORROVALLE",
		"indirizzo": "VIA PIAVE 28",
		"cap": "62010",
		"comune": "MORROVALLE",
		"provincia": "MC"
	}
	,
	{
		"codMec": "mcic820004",
		"tipo": "ISTITUTO COMPRENSIVO",
		"nome": "\"MONS. PAOLETTI\"  PIEVE TORINA",
		"indirizzo": "VIA ALCIDE DE GASPERI 19",
		"cap": "62036",
		"comune": "PIEVE TORINA",
		"provincia": "MC"
	}
	,
	{
		"codMec": "mcic817008",
		"tipo": "ISTITUTO COMPRENSIVO",
		"nome": "\"VINCENZO MONTI\"  POLLENZA",
		"indirizzo": "VIA N.BOLDORINI, 2",
		"cap": "62010",
		"comune": "POLLENZA",
		"provincia": "MC"
	}
	,
	{
		"codMec": "mcic82900e",
		"tipo": "ISTITUTO COMPRENSIVO",
		"nome": "\"ENRICO MEDI\"  PORTO RECANATI",
		"indirizzo": "VIA ALIGHIERI 2",
		"cap": "62017",
		"comune": "PORTO RECANATI",
		"provincia": "MC"
	}
	,
	{
		"codMec": "mcic813001",
		"tipo": "ISTITUTO COMPRENSIVO",
		"nome": "IC R.SANZIO PORTO POTENZA PICEN",
		"indirizzo": "VIALE  PIEMONTE 19",
		"cap": "62018",
		"comune": "POTENZA PICENA",
		"provincia": "MC"
	}
	,
	{
		"codMec": "mcic81400r",
		"tipo": "ISTITUTO COMPRENSIVO",
		"nome": "\"G. LEOPARDI\"  POTENZA PICENA",
		"indirizzo": "VIA DELLO SPORT 2",
		"cap": "62018",
		"comune": "POTENZA PICENA",
		"provincia": "MC"
	}
	,
	{
		"codMec": "mcpc09000r",
		"tipo": "LICEO CLASSICO",
		"nome": "LICEO CLASSICO \"GIACOMO LEOPARDI\"",
		"indirizzo": "P.LE B.GIGLI, 2",
		"cap": "62019",
		"comune": "RECANATI",
		"provincia": "MC"
	}
	,
	{
		"codMec": "mcis00400a",
		"tipo": "ISTITUTO SUPERIORE",
		"nome": "\"ENRICO MATTEI\"",
		"indirizzo": "VIA BRODOLINI 14",
		"cap": "62019",
		"comune": "RECANATI",
		"provincia": "MC"
	}
	,
	{
		"codMec": "mcic83100e",
		"tipo": "ISTITUTO COMPRENSIVO",
		"nome": "NICOLA BADALONI",
		"indirizzo": "VIA LE GRAZIE, 1",
		"cap": "62019",
		"comune": "RECANATI",
		"provincia": "MC"
	}
	,
	{
		"codMec": "mcic83200a",
		"tipo": "ISTITUTO COMPRENSIVO",
		"nome": "BENIAMINO GIGLI",
		"indirizzo": "VIA ALDO MORO",
		"cap": "62019",
		"comune": "RECANATI",
		"provincia": "MC"
	}
	,
	{
		"codMec": "mcic80600t",
		"tipo": "ISTITUTO COMPRENSIVO",
		"nome": "\"VINCENZO TORTORETO\"",
		"indirizzo": "VIA ROMA 35",
		"cap": "62026",
		"comune": "SAN GINESIO",
		"provincia": "MC"
	}
	,
	{
		"codMec": "mcis00700t",
		"tipo": "ISTITUTO SUPERIORE",
		"nome": "\"ALBERICO GENTILI\"",
		"indirizzo": "VIA GIACOMO MATTEOTTI 18",
		"cap": "62026",
		"comune": "SAN GINESIO",
		"provincia": "MC"
	}
	,
	{
		"codMec": "mctf010005",
		"tipo": "ISTITUTO TECNICO INDUSTRIALE",
		"nome": "\"E. DIVINI\"",
		"indirizzo": "VIALE MAZZINI 31",
		"cap": "62027",
		"comune": "SAN SEVERINO MARCHE",
		"provincia": "MC"
	}
	,
	{
		"codMec": "mcic81000d",
		"tipo": "ISTITUTO COMPRENSIVO",
		"nome": "IC  P.TACCHI VENTURI",
		"indirizzo": "VIALE      BIGIOLI             126",
		"cap": "62027",
		"comune": "SAN SEVERINO MARCHE",
		"provincia": "MC"
	}
	,
	{
		"codMec": "mcic804006",
		"tipo": "ISTITUTO COMPRENSIVO",
		"nome": "GIACOMO LEOPARDI\"  SARNANO",
		"indirizzo": "LARGO CRIVELLI",
		"cap": "62028",
		"comune": "SARNANO",
		"provincia": "MC"
	}
	,
	{
		"codMec": "mcri040004",
		"tipo": "IST PROF INDUSTRIA E ARTIGIANATO",
		"nome": "\"RENZO FRAU\"",
		"indirizzo": "VIA A. MORO 3",
		"cap": "62028",
		"comune": "SARNANO",
		"provincia": "MC"
	}
	,
	{
		"codMec": "mcic81600c",
		"tipo": "ISTITUTO COMPRENSIVO",
		"nome": "DON BOSCO - TOLENTINO",
		"indirizzo": "PIAZZA DON BOSCO, 11",
		"cap": "62029",
		"comune": "TOLENTINO",
		"provincia": "MC"
	}
	,
	{
		"codMec": "mcis00300e",
		"tipo": "ISTITUTO SUPERIORE",
		"nome": "\"FRANCESCO FILELFO\"",
		"indirizzo": "PIAZZA DELL\\'UNITA\\' 3",
		"cap": "62029",
		"comune": "TOLENTINO",
		"provincia": "MC"
	}
	,
	{
		"codMec": "mcic81500l",
		"tipo": "ISTITUTO COMPRENSIVO",
		"nome": "IC \"G. LUCATELLI\"  TOLENTINO",
		"indirizzo": "VIALE G. BENADDUCI  23",
		"cap": "62029",
		"comune": "TOLENTINO",
		"provincia": "MC"
	}
	,
	{
		"codMec": "mcic82400b",
		"tipo": "ISTITUTO COMPRENSIVO",
		"nome": "\"EGISTO PALADINI\"  TREIA",
		"indirizzo": "VIA LANZI 1",
		"cap": "62010",
		"comune": "TREIA",
		"provincia": "MC"
	}
	,
	{
		"codMec": "mcic83000p",
		"tipo": "ISTITUTO COMPRENSIVO",
		"nome": "\"S. AGOSTINO\" CIVITANOVA MARCHE",
		"indirizzo": "VIA DEL PICENO 16/18",
		"cap": "62012",
		"comune": "CIVITANOVA MARCHE",
		"provincia": "MC"
	}
	,
	{
		"codMec": "mcic818004",
		"tipo": "ISTITUTO COMPRENSIVO",
		"nome": "ISTITUTO COMPRENSIVO COLMURANO",
		"indirizzo": "C.DA PIANO SNC",
		"cap": "62020",
		"comune": "COLMURANO",
		"provincia": "MC"
	}
	,
	{
		"codMec": "mcic83700d",
		"tipo": "ISTITUTO COMPRENSIVO",
		"nome": "LUIGI LANZI",
		"indirizzo": "VIA S.ANNA, 6",
		"cap": "62014",
		"comune": "CORRIDONIA",
		"provincia": "MC"
	}
	,
	{
		"codMec": "mcic812005",
		"tipo": "ISTITUTO COMPRENSIVO",
		"nome": "\"ALESSANDRO MANZONI\"",
		"indirizzo": "PIAZZA     F. CORRIDONI         2",
		"cap": "62014",
		"comune": "CORRIDONIA",
		"provincia": "MC"
	}
	,
	{
		"codMec": "mcri010008",
		"tipo": "IST PROF INDUSTRIA E ARTIGIANATO",
		"nome": "\"F. CORRIDONI\"",
		"indirizzo": "VIA  S. ANNA  9",
		"cap": "62014",
		"comune": "CORRIDONIA",
		"provincia": "MC"
	}
	,
	{
		"codMec": "mcsd01000d",
		"tipo": "ISTITUTO D\\'ARTE",
		"nome": "\"CANTALAMESSA\"",
		"indirizzo": "VIA P. E L. CIOCI 2",
		"cap": "62100",
		"comune": "MACERATA",
		"provincia": "MC"
	}
	,
	{
		"codMec": "mcmm05300c",
		"tipo": "SCUOLA PRIMO GRADO",
		"nome": "CPIA SEDE MACERATA",
		"indirizzo": "VIA CAPUZI N.40",
		"cap": "62100",
		"comune": "MACERATA",
		"provincia": "MC"
	}
	,
	{
		"codMec": "mcis012009",
		"tipo": "ISTITUTO SUPERIORE",
		"nome": "I.I.S. MATTEO RICCI",
		"indirizzo": "VIA GIOVANNI DI PIETRO, 12",
		"cap": "62100",
		"comune": "MACERATA",
		"provincia": "MC"
	}
	,
	{
		"codMec": "mcis00900d",
		"tipo": "ISTITUTO SUPERIORE",
		"nome": "\"GIUSEPPE GARIBALDI\" MACERATA",
		"indirizzo": "CONTRADA   LORNANO 6",
		"cap": "62100",
		"comune": "MACERATA",
		"provincia": "MC"
	}
	,
	{
		"codMec": "mcis00800n",
		"tipo": "ISTITUTO SUPERIORE",
		"nome": "\"BRAMANTE\"",
		"indirizzo": "MACERATA",
		"cap": "62100",
		"comune": "MACERATA",
		"provincia": "MC"
	}
	,
	{
		"codMec": "mcps02000n",
		"tipo": "LICEO SCIENTIFICO",
		"nome": "LICEO SCIENTIFICO \"G.GALILEI\"  MACERATA",
		"indirizzo": "VIA MANZONI, 95",
		"cap": "62100",
		"comune": "MACERATA",
		"provincia": "MC"
	}
	,
	{
		"codMec": "mcic82700v",
		"tipo": "ISTITUTO COMPRENSIVO",
		"nome": "\"ENRICO FERMI\"  MACERATA",
		"indirizzo": "VIA PACE 2",
		"cap": "62100",
		"comune": "MACERATA",
		"provincia": "MC"
	}
	,
	{
		"codMec": "mcic82800p",
		"tipo": "ISTITUTO COMPRENSIVO",
		"nome": "\"ENRICO MESTICA\" MACERATA",
		"indirizzo": "VIA DEI SIBILLINI              37",
		"cap": "62100",
		"comune": "MACERATA",
		"provincia": "MC"
	}
	,
	{
		"codMec": "mcpc04000q",
		"tipo": "LICEO CLASSICO",
		"nome": "\"GIACOMO LEOPARDI\" DI MACERATA",
		"indirizzo": "CORSO      CAVOUR",
		"cap": "62100",
		"comune": "MACERATA",
		"provincia": "MC"
	}
	,
	{
		"codMec": "mctd01000v",
		"tipo": "IST TEC COMMERCIALE E PER GEOMETRI",
		"nome": "\"A. GENTILI\"  MACERATA",
		"indirizzo": "VIA  CIOCI,6",
		"cap": "62100",
		"comune": "MACERATA",
		"provincia": "MC"
	}
	,
	{
		"codMec": "mcic805002",
		"tipo": "ISTITUTO COMPRENSIVO",
		"nome": "\"COLDIGIOCO\"",
		"indirizzo": "VIA MADONNA DELLA FIGURA, 14",
		"cap": "62021",
		"comune": "APIRO",
		"provincia": "MC"
	}
	,
	{
		"codMec": "mcic825007",
		"tipo": "ISTITUTO COMPRENSIVO",
		"nome": "IC LUCA DELLA ROBBIA",
		"indirizzo": "VIA        CARDUCCI            4",
		"cap": "62010",
		"comune": "APPIGNANO",
		"provincia": "MC"
	}
	,
	{
		"codMec": "mcic80300a",
		"tipo": "ISTITUTO COMPRENSIVO",
		"nome": "\"SIMONE DE MAGISTRIS\" CALDAROLA",
		"indirizzo": "VIALE UMBERTO I, 6",
		"cap": "62020",
		"comune": "CALDAROLA",
		"provincia": "MC"
	}
	,
	{
		"codMec": "mctd030004",
		"tipo": "IST TEC COMMERCIALE E PER GEOMETRI",
		"nome": "\"G. ANTINORI\"  CAMERINO",
		"indirizzo": "VIA MADONNA DELLE CARCERI SNC",
		"cap": "62032",
		"comune": "CAMERINO",
		"provincia": "MC"
	}
	,
	{
		"codMec": "mcic809009",
		"tipo": "ISTITUTO COMPRENSIVO",
		"nome": "\"UGO BETTI\"  CAMERINO",
		"indirizzo": "VIA PIERAGOSTINO 2",
		"cap": "62032",
		"comune": "CAMERINO",
		"provincia": "MC"
	}
	,
	{
		"codMec": "mcis00100v",
		"tipo": "ISTITUTO SUPERIORE",
		"nome": "COSTANZA VARANO  CAMERINO",
		"indirizzo": "VIA MADONNA DELLE CARCERI S.N.C.",
		"cap": "62032",
		"comune": "CAMERINO",
		"provincia": "MC"
	}
	,
	{
		"codMec": "mcic80200e",
		"tipo": "ISTITUTO COMPRENSIVO",
		"nome": "N. STRAMPELLI CASTELRAIMONDO",
		"indirizzo": "VIALE EUROPA 1",
		"cap": "62022",
		"comune": "CASTELRAIMONDO",
		"provincia": "MC"
	}
	,
	{
		"codMec": "mcic811009",
		"tipo": "ISTITUTO COMPRENSIVO",
		"nome": "ENRICO MESTICA CINGOLI",
		"indirizzo": "VIA SANT\\'ESUPERANZIO 2",
		"cap": "62011",
		"comune": "CINGOLI",
		"provincia": "MC"
	}
	,
	{
		"codMec": "mcrh01000r",
		"tipo": "IST PROF  ALBERGHIERO",
		"nome": "\"G. VARNELLI\"  CINGOLI",
		"indirizzo": "VIA MAZZINI 2",
		"cap": "62011",
		"comune": "CINGOLI",
		"provincia": "MC"
	}
	,
	{
		"codMec": "mctd02000d",
		"tipo": "IST TEC COMMERCIALE E PER GEOMETRI",
		"nome": "I.T.C.G.\"F.CORRIDONI\"CIVITANOVA M.",
		"indirizzo": "C/DA ASOLA S.N.C.",
		"cap": "62012",
		"comune": "CIVITANOVA MARCHE",
		"provincia": "MC"
	}
	,
	{
		"codMec": "mcis01100d",
		"tipo": "ISTITUTO SUPERIORE",
		"nome": "\"V.BONIFAZI\" CIVITANOVA MARCHE",
		"indirizzo": "VIA DUCA D\\'AOSTA 9",
		"cap": "62012",
		"comune": "CIVITANOVA MARCHE",
		"provincia": "MC"
	}
	,
	{
		"codMec": "mcis00200p",
		"tipo": "ISTITUTO SUPERIORE",
		"nome": "IS \"LEONARDO DA VINCI\" CIVITANOVA MARCHE",
		"indirizzo": "VIA NELSON MANDELA, S.N.C.",
		"cap": "62012",
		"comune": "CIVITANOVA MARCHE",
		"provincia": "MC"
	}
	,
	{
		"codMec": "mcic83600n",
		"tipo": "ISTITUTO COMPRENSIVO",
		"nome": "VIA UGO BASSI",
		"indirizzo": "VIA UGO BASSI 30",
		"cap": "62012",
		"comune": "CIVITANOVA MARCHE",
		"provincia": "MC"
	}
	,
	{
		"codMec": "mcic83500t",
		"tipo": "ISTITUTO COMPRENSIVO",
		"nome": "VIA TACITO",
		"indirizzo": "VIA QUASIMODO N.18",
		"cap": "62012",
		"comune": "CIVITANOVA MARCHE",
		"provincia": "MC"
	}
	,
	{
		"codMec": "mcic834002",
		"tipo": "ISTITUTO COMPRENSIVO",
		"nome": "VIA REGINA ELENA",
		"indirizzo": "VIA REGINA ELENA 5",
		"cap": "62012",
		"comune": "CIVITANOVA MARCHE",
		"provincia": "MC"
	}
]