[
	{
		"codMec": "meic826008",
		"tipo": "ISTITUTO COMPRENSIVO",
		"nome": "ACQUEDOLCI",
		"indirizzo": "VIA A. DIAZ, 66",
		"cap": "98070",
		"comune": "ACQUEDOLCI",
		"provincia": "ME"
	}
	,
	{
		"codMec": "meic83700p",
		"tipo": "ISTITUTO COMPRENSIVO",
		"nome": "ALI\\' TERME",
		"indirizzo": "VIA MARIA TERESA FEDERICO S.N.C.",
		"cap": "98021",
		"comune": "ALI\\' TERME",
		"provincia": "ME"
	}
	,
	{
		"codMec": "metd08000a",
		"tipo": "IST TEC COMMERCIALE E PER GEOMETRI",
		"nome": "ITET \"E. FERMI\" ECONOMICO E TECNOLOGICO",
		"indirizzo": "VIA        PITAGORA 42",
		"cap": "98051",
		"comune": "BARCELLONA POZZO DI GOTTO",
		"provincia": "ME"
	}
	,
	{
		"codMec": "metf03000g",
		"tipo": "ISTITUTO TECNICO INDUSTRIALE",
		"nome": "ITT-LSSA COPERNICO",
		"indirizzo": "VIA        ROMA 250",
		"cap": "98051",
		"comune": "BARCELLONA POZZO DI GOTTO",
		"provincia": "ME"
	}
	,
	{
		"codMec": "meis03400b",
		"tipo": "ISTITUTO SUPERIORE",
		"nome": "BARCELLONA MEDI",
		"indirizzo": "VIA DEGLI STUDI 74",
		"cap": "98051",
		"comune": "BARCELLONA POZZO DI GOTTO",
		"provincia": "ME"
	}
	,
	{
		"codMec": "meis01100p",
		"tipo": "ISTITUTO SUPERIORE",
		"nome": "I.S.BARCELLONA FERRARI",
		"indirizzo": "VICO PICARDI",
		"cap": "98051",
		"comune": "BARCELLONA POZZO DI GOTTO",
		"provincia": "ME"
	}
	,
	{
		"codMec": "meic899002",
		"tipo": "ISTITUTO COMPRENSIVO",
		"nome": "I.C. BALOTTA",
		"indirizzo": "VIA SALITA II DEL CARMINE, 19",
		"cap": "98051",
		"comune": "BARCELLONA POZZO DI GOTTO",
		"provincia": "ME"
	}
	,
	{
		"codMec": "meic898006",
		"tipo": "ISTITUTO COMPRENSIVO",
		"nome": "I.C. MILITI",
		"indirizzo": "P.ZZA M. MONTESSORI, 1",
		"cap": "98051",
		"comune": "BARCELLONA POZZO DI GOTTO",
		"provincia": "ME"
	}
	,
	{
		"codMec": "meic88100r",
		"tipo": "ISTITUTO COMPRENSIVO",
		"nome": "I.C. CAPUANA",
		"indirizzo": "VIA  DEGLI STUDI, 2",
		"cap": "98051",
		"comune": "BARCELLONA POZZO DI GOTTO",
		"provincia": "ME"
	}
	,
	{
		"codMec": "meic827004",
		"tipo": "ISTITUTO COMPRENSIVO",
		"nome": "I.C. B.GENOVESE",
		"indirizzo": "VIA IMMACOLATA 278",
		"cap": "98051",
		"comune": "BARCELLONA POZZO DI GOTTO",
		"provincia": "ME"
	}
	,
	{
		"codMec": "meic82500c",
		"tipo": "ISTITUTO COMPRENSIVO",
		"nome": "I.C. FOSCOLO",
		"indirizzo": "PIAZZA  S. ANTONINO",
		"cap": "98051",
		"comune": "BARCELLONA POZZO DI GOTTO",
		"provincia": "ME"
	}
	,
	{
		"codMec": "meic82400l",
		"tipo": "ISTITUTO COMPRENSIVO",
		"nome": "I.C. D\\'ALCONTRES",
		"indirizzo": "VIA  SAN VITO, 29",
		"cap": "98051",
		"comune": "BARCELLONA POZZO DI GOTTO",
		"provincia": "ME"
	}
	,
	{
		"codMec": "meic83900a",
		"tipo": "ISTITUTO COMPRENSIVO",
		"nome": "BROLO",
		"indirizzo": "VIA  ROMA",
		"cap": "98061",
		"comune": "BROLO",
		"provincia": "ME"
	}
	,
	{
		"codMec": "meic813006",
		"tipo": "ISTITUTO COMPRENSIVO",
		"nome": "\"L.SANZO\"- CAPIZZI",
		"indirizzo": "VIA  ROMA 10",
		"cap": "98031",
		"comune": "CAPIZZI",
		"provincia": "ME"
	}
	,
	{
		"codMec": "meis028004",
		"tipo": "ISTITUTO SUPERIORE",
		"nome": "ISTITUTO ISTRUZIONE SUPERIORE LS PICCOLO",
		"indirizzo": "VIA  CONSOLARE ANTICA",
		"cap": "98071",
		"comune": "CAPO D\\'ORLANDO",
		"provincia": "ME"
	}
	,
	{
		"codMec": "meic83000x",
		"tipo": "ISTITUTO COMPRENSIVO",
		"nome": "I. C.  N. 2 \"GIOVANNI PAOLO II\"",
		"indirizzo": "VIA TORRENTE FORNO",
		"cap": "98070",
		"comune": "CAPO D\\'ORLANDO",
		"provincia": "ME"
	}
	,
	{
		"codMec": "meic834007",
		"tipo": "ISTITUTO COMPRENSIVO",
		"nome": "IST. COMPR. N. 1 CAPO D\\'ORLANDO",
		"indirizzo": "VIA ROMA, 20/B",
		"cap": "98071",
		"comune": "CAPO D\\'ORLANDO",
		"provincia": "ME"
	}
	,
	{
		"codMec": "meis02400r",
		"tipo": "ISTITUTO SUPERIORE",
		"nome": "ITC CAPO D\\'ORLANDO MERENDINO",
		"indirizzo": "VIA ANDREA DORIA, 78",
		"cap": "98071",
		"comune": "CAPO D\\'ORLANDO",
		"provincia": "ME"
	}
	,
	{
		"codMec": "meic83800e",
		"tipo": "ISTITUTO COMPRENSIVO",
		"nome": "CASTELL\\'UMBERTO",
		"indirizzo": "VIA CRISPI",
		"cap": "98070",
		"comune": "CASTELL\\'UMBERTO",
		"provincia": "ME"
	}
	,
	{
		"codMec": "meic805007",
		"tipo": "ISTITUTO COMPRENSIVO",
		"nome": "CESARO\\'",
		"indirizzo": "VIA  STRADALE  S. ANTONIO",
		"cap": "98033",
		"comune": "CESARO\\'",
		"provincia": "ME"
	}
	,
	{
		"codMec": "meic835003",
		"tipo": "ISTITUTO COMPRENSIVO",
		"nome": "FRANCAVILLA SICILIA",
		"indirizzo": "VIA NAPOLI, 2",
		"cap": "98034",
		"comune": "FRANCAVILLA DI SICILIA",
		"provincia": "ME"
	}
	,
	{
		"codMec": "meic81600n",
		"tipo": "ISTITUTO COMPRENSIVO",
		"nome": "I. C. NOVARA DI SICILIA",
		"indirizzo": "VIA MICHELANGELO, 32",
		"cap": "98058",
		"comune": "FURNARI",
		"provincia": "ME"
	}
	,
	{
		"codMec": "meic83300b",
		"tipo": "ISTITUTO COMPRENSIVO",
		"nome": "I.C. GIARDINI",
		"indirizzo": "VIA LUIGI RIZZO, 26",
		"cap": "98035",
		"comune": "GIARDINI",
		"provincia": "ME"
	}
	,
	{
		"codMec": "meic84400t",
		"tipo": "ISTITUTO COMPRENSIVO",
		"nome": "ISTITUTO COMPRENSIVO",
		"indirizzo": "VIA CALVARIO",
		"cap": "98063",
		"comune": "GIOIOSA MAREA",
		"provincia": "ME"
	}
	,
	{
		"codMec": "meis00800v",
		"tipo": "ISTITUTO SUPERIORE",
		"nome": "IS ISA CONTI ELLER VAINICHER",
		"indirizzo": "VIA        TORRENTE S.LUCIA",
		"cap": "98055",
		"comune": "LIPARI",
		"provincia": "ME"
	}
	,
	{
		"codMec": "meic818009",
		"tipo": "ISTITUTO COMPRENSIVO",
		"nome": "N.1 LIPARI",
		"indirizzo": "VIA STRADALE",
		"cap": "98055",
		"comune": "LIPARI",
		"provincia": "ME"
	}
	,
	{
		"codMec": "meic81700d",
		"tipo": "ISTITUTO COMPRENSIVO",
		"nome": "LIPARI",
		"indirizzo": "VIA  CARNEVALE",
		"cap": "98055",
		"comune": "LIPARI",
		"provincia": "ME"
	}
	,
	{
		"codMec": "meic847009",
		"tipo": "ISTITUTO COMPRENSIVO",
		"nome": "LONGI",
		"indirizzo": "VIA  VITTORIO VENETO, S.N.C.",
		"cap": "98070",
		"comune": "LONGI",
		"provincia": "ME"
	}
	,
	{
		"codMec": "meic822001",
		"tipo": "ISTITUTO COMPRENSIVO",
		"nome": "N.15 ME \"VITTORINI\"",
		"indirizzo": "VIA  COMUNALE - SS. ANNUNZIATA",
		"cap": "98168",
		"comune": "MESSINA",
		"provincia": "ME"
	}
	,
	{
		"codMec": "meic851001",
		"tipo": "ISTITUTO COMPRENSIVO",
		"nome": "IC N.2 D\\'ACQUISTO",
		"indirizzo": "VIA CALISPERA",
		"cap": "98125",
		"comune": "MESSINA",
		"provincia": "ME"
	}
	,
	{
		"codMec": "meic85900g",
		"tipo": "ISTITUTO COMPRENSIVO",
		"nome": "GIOVANNI XXIII VILL. ALDISIO",
		"indirizzo": "VIA TAORMINA",
		"cap": "98124",
		"comune": "MESSINA",
		"provincia": "ME"
	}
	,
	{
		"codMec": "meic86100g",
		"tipo": "ISTITUTO COMPRENSIVO",
		"nome": "N.13\"A.LUCIANI\"ME",
		"indirizzo": "RIONE  GAZZI  FUCILE",
		"cap": "98147",
		"comune": "MESSINA",
		"provincia": "ME"
	}
	,
	{
		"codMec": "meic86200b",
		"tipo": "ISTITUTO COMPRENSIVO",
		"nome": "N.4 \"G.LEOPARDI\"ME",
		"indirizzo": "PIAZZA  STELLA MARIS",
		"cap": "98125",
		"comune": "MESSINA",
		"provincia": "ME"
	}
	,
	{
		"codMec": "meic864003",
		"tipo": "ISTITUTO COMPRENSIVO",
		"nome": "I.C. \"LA PIRA - GENTILUOMO\" ME",
		"indirizzo": "VIA GEROBINO PILLI CAMARO",
		"cap": "98149",
		"comune": "MESSINA",
		"provincia": "ME"
	}
	,
	{
		"codMec": "meic86500v",
		"tipo": "ISTITUTO COMPRENSIVO",
		"nome": "IST.COM.N.14\"S.FRANC.DI PAOLA\"",
		"indirizzo": "VIA OLIMPIA - SAN LICANDRO",
		"cap": "98168",
		"comune": "MESSINA",
		"provincia": "ME"
	}
	,
	{
		"codMec": "meic86600p",
		"tipo": "ISTITUTO COMPRENSIVO",
		"nome": "IC \"CANNIZZARO-GALATTI\"ME",
		"indirizzo": "VIA  MARIO GIURBA 2",
		"cap": "98123",
		"comune": "MESSINA",
		"provincia": "ME"
	}
	,
	{
		"codMec": "meic86700e",
		"tipo": "ISTITUTO COMPRENSIVO",
		"nome": "\"MANZONI - DINA E CLARENZA\" ME",
		"indirizzo": "VIA GHIBELLINA, 211",
		"cap": "98123",
		"comune": "MESSINA",
		"provincia": "ME"
	}
	,
	{
		"codMec": "meic869006",
		"tipo": "ISTITUTO COMPRENSIVO",
		"nome": "N.11\"PAINO-GRAV.\"ME",
		"indirizzo": "PIAZZA VERSACI",
		"cap": "98122",
		"comune": "MESSINA",
		"provincia": "ME"
	}
	,
	{
		"codMec": "meic871006",
		"tipo": "ISTITUTO COMPRENSIVO",
		"nome": "I.C. VILLA LINA-RITIRO\"ME",
		"indirizzo": "VIA  SILA 29",
		"cap": "98121",
		"comune": "MESSINA",
		"provincia": "ME"
	}
	,
	{
		"codMec": "meic872002",
		"tipo": "ISTITUTO COMPRENSIVO",
		"nome": "N.19\"E.DA MESSINA\"ME",
		"indirizzo": "VIA FRANCESCO DENARO, 15",
		"cap": "98165",
		"comune": "MESSINA",
		"provincia": "ME"
	}
	,
	{
		"codMec": "meic87300t",
		"tipo": "ISTITUTO COMPRENSIVO",
		"nome": "I.C. PASCOLI-CRISPI",
		"indirizzo": "VIA  GRAN PRIORATO, 11",
		"cap": "98121",
		"comune": "MESSINA",
		"provincia": "ME"
	}
	,
	{
		"codMec": "meic88200l",
		"tipo": "ISTITUTO COMPRENSIVO",
		"nome": "I.C. N.12\"BATTISTI - FOSCOLO\"",
		"indirizzo": "VIA MANZONI, 66",
		"cap": "98121",
		"comune": "MESSINA",
		"provincia": "ME"
	}
	,
	{
		"codMec": "meic88700q",
		"tipo": "ISTITUTO COMPRENSIVO",
		"nome": "I.C.S.  N. 7 \"ENZO DRAGO\"  ME",
		"indirizzo": "VIA CATANIA 103 IS. 26/C",
		"cap": "98124",
		"comune": "MESSINA",
		"provincia": "ME"
	}
	,
	{
		"codMec": "meic893003",
		"tipo": "ISTITUTO COMPRENSIVO",
		"nome": "I.C. \"BOER-VERONA TRENTO\" ME",
		"indirizzo": "VIA XXIV MAGGIO, 84",
		"cap": "98122",
		"comune": "MESSINA",
		"provincia": "ME"
	}
	,
	{
		"codMec": "meic89400v",
		"tipo": "ISTITUTO COMPRENSIVO",
		"nome": "I.C.\"MAZZINI\" MESSINA",
		"indirizzo": "VIA        ORATORIO S.FRANCESCO",
		"cap": "98122",
		"comune": "MESSINA",
		"provincia": "ME"
	}
	,
	{
		"codMec": "meic87400n",
		"tipo": "ISTITUTO COMPRENSIVO",
		"nome": "ISTITUTO COMPRENSIVO - SAPONARA",
		"indirizzo": "VIA FIRENZE",
		"cap": "98047",
		"comune": "SAPONARA",
		"provincia": "ME"
	}
	,
	{
		"codMec": "meis03300g",
		"tipo": "ISTITUTO SUPERIORE",
		"nome": "I.I.S.S. \"PUGLIATTI \" TAORMINA",
		"indirizzo": "CONTRADA  ARANCIO SNC",
		"cap": "98039",
		"comune": "TAORMINA",
		"provincia": "ME"
	}
	,
	{
		"codMec": "meic88600x",
		"tipo": "ISTITUTO COMPRENSIVO",
		"nome": "N.1\"FOSCOLO\"TAORMINA",
		"indirizzo": "VIA DIETRO CAPPUCCINI",
		"cap": "98039",
		"comune": "TAORMINA",
		"provincia": "ME"
	}
	,
	{
		"codMec": "meic85700x",
		"tipo": "ISTITUTO COMPRENSIVO",
		"nome": "TERME VIGLIATORE",
		"indirizzo": "VIALE DELLE TERME,5",
		"cap": "98050",
		"comune": "TERME VIGLIATORE",
		"provincia": "ME"
	}
	,
	{
		"codMec": "meic876009",
		"tipo": "ISTITUTO COMPRENSIVO",
		"nome": "I.C. DI TORREGROTTA",
		"indirizzo": "VIA  CROCIERI",
		"cap": "98040",
		"comune": "TORREGROTTA",
		"provincia": "ME"
	}
	,
	{
		"codMec": "meic877005",
		"tipo": "ISTITUTO COMPRENSIVO",
		"nome": "TORRENOVA",
		"indirizzo": "VIA G. MARCONI S.N.",
		"cap": "98070",
		"comune": "TORRENOVA",
		"provincia": "ME"
	}
	,
	{
		"codMec": "meic89100b",
		"tipo": "ISTITUTO COMPRENSIVO",
		"nome": "I.C. N. 1 TORTORICI",
		"indirizzo": "VIA ZAPPULLA  88",
		"cap": "98078",
		"comune": "TORTORICI",
		"provincia": "ME"
	}
	,
	{
		"codMec": "meic814002",
		"tipo": "ISTITUTO COMPRENSIVO",
		"nome": "TUSA",
		"indirizzo": "VIA ROMA N. 1",
		"cap": "98079",
		"comune": "TUSA",
		"provincia": "ME"
	}
	,
	{
		"codMec": "meic820009",
		"tipo": "ISTITUTO COMPRENSIVO",
		"nome": "I.C.\"STEFANO D\\'ARRIGO\" VENETICO",
		"indirizzo": "VIA  NAZIONALE",
		"cap": "98040",
		"comune": "VENETICO",
		"provincia": "ME"
	}
	,
	{
		"codMec": "meic819005",
		"tipo": "ISTITUTO COMPRENSIVO",
		"nome": "IC VILLAFRANCA TIRRENA",
		"indirizzo": "VIA  SAN GIUSEPPE CALASANZIO, 17",
		"cap": "98049",
		"comune": "VILLAFRANCA TIRRENA",
		"provincia": "ME"
	}
	,
	{
		"codMec": "meic89600e",
		"tipo": "ISTITUTO COMPRENSIVO",
		"nome": "I.C.  MAZZINI-GALLO",
		"indirizzo": "VIA NATOLI",
		"cap": "98123",
		"comune": "MESSINA",
		"provincia": "ME"
	}
	,
	{
		"codMec": "meic89700a",
		"tipo": "ISTITUTO COMPRENSIVO",
		"nome": "GIUSEPPE CATALFAMO",
		"indirizzo": "VIA DEI GELSOMINI, 9",
		"cap": "98125",
		"comune": "MESSINA",
		"provincia": "ME"
	}
	,
	{
		"codMec": "meic8ac006",
		"tipo": "ISTITUTO COMPRENSIVO",
		"nome": "I.C.TREMESTIERI",
		"indirizzo": "S.S.114 KM 5,600",
		"cap": "98128",
		"comune": "MESSINA",
		"provincia": "ME"
	}
	,
	{
		"codMec": "meic8ad002",
		"tipo": "ISTITUTO COMPRENSIVO",
		"nome": "I.C. S.MARGHERITA MESSINA",
		"indirizzo": "PIAZZA POZZO",
		"cap": "98142",
		"comune": "MESSINA",
		"provincia": "ME"
	}
	,
	{
		"codMec": "meic8ae00t",
		"tipo": "ISTITUTO COMPRENSIVO",
		"nome": "ISTITUTO COMPRENSIVO PARADISO",
		"indirizzo": "VIA DEL FANTE N. 18 SS. ANNUNZIATA",
		"cap": "98168",
		"comune": "MESSINA",
		"provincia": "ME"
	}
	,
	{
		"codMec": "meis00900p",
		"tipo": "ISTITUTO SUPERIORE",
		"nome": "I.S.MINUTOLI MESSINA",
		"indirizzo": "CONTRADA GAZZI FUCILE",
		"cap": "98147",
		"comune": "MESSINA",
		"provincia": "ME"
	}
	,
	{
		"codMec": "meis01300a",
		"tipo": "ISTITUTO SUPERIORE",
		"nome": "I.S.\"BISAZZA\" ME",
		"indirizzo": "VIALE ANNUNZIATA N.10/A",
		"cap": "98168",
		"comune": "MESSINA",
		"provincia": "ME"
	}
	,
	{
		"codMec": "meis019009",
		"tipo": "ISTITUTO SUPERIORE",
		"nome": "IST.ISTR.SUP. \"ANTONELLO\" MESSINA",
		"indirizzo": "V.LE GIOSTRA  N.2",
		"cap": "98121",
		"comune": "MESSINA",
		"provincia": "ME"
	}
	,
	{
		"codMec": "meis027008",
		"tipo": "ISTITUTO SUPERIORE",
		"nome": "I.I.S. \"VERONA TRENTO\" MESSINA",
		"indirizzo": "VIA UGO BASSI IS. 148",
		"cap": "98122",
		"comune": "MESSINA",
		"provincia": "ME"
	}
	,
	{
		"codMec": "meis02900x",
		"tipo": "ISTITUTO SUPERIORE",
		"nome": "\"MAUROLICO\" MESSINA",
		"indirizzo": "VIA        CAVOUR 63",
		"cap": "98122",
		"comune": "MESSINA",
		"provincia": "ME"
	}
	,
	{
		"codMec": "meis03100x",
		"tipo": "ISTITUTO SUPERIORE",
		"nome": "\"LA FARINA - BASILE\"",
		"indirizzo": "VIA ORATORIO DELLA PACE 5",
		"cap": "98122",
		"comune": "MESSINA",
		"provincia": "ME"
	}
	,
	{
		"codMec": "memm574003",
		"tipo": "SCUOLA PRIMO GRADO",
		"nome": "CPIA - MESSINA",
		"indirizzo": "VIA UNIVERSITA\\'",
		"cap": "98122",
		"comune": "MESSINA",
		"provincia": "ME"
	}
	,
	{
		"codMec": "mepm010009",
		"tipo": "ISTITUTO MAGISTRALE",
		"nome": "\" AINIS \" MESSINA",
		"indirizzo": "VIA        ANTONELLO FRERI",
		"cap": "98124",
		"comune": "MESSINA",
		"provincia": "ME"
	}
	,
	{
		"codMec": "meps010008",
		"tipo": "LICEO SCIENTIFICO",
		"nome": "\"ARCHIMEDE\" MESSINA",
		"indirizzo": "V.LE       REG. MARGHERITA 3",
		"cap": "98121",
		"comune": "MESSINA",
		"provincia": "ME"
	}
	,
	{
		"codMec": "meps03000d",
		"tipo": "LICEO SCIENTIFICO",
		"nome": "\"SEGUENZA\" MESSINA",
		"indirizzo": "VIA   S. AGOSTINO N.1",
		"cap": "98122",
		"comune": "MESSINA",
		"provincia": "ME"
	}
	,
	{
		"codMec": "metd04000x",
		"tipo": "IST TEC COMMERCIALE E PER GEOMETRI",
		"nome": "IST. TEC. ECONOMICO \"A.M.JACI\"",
		"indirizzo": "VIA  CESARE BATTISTI 88",
		"cap": "98122",
		"comune": "MESSINA",
		"provincia": "ME"
	}
	,
	{
		"codMec": "meth01000t",
		"tipo": "ISTITUTO TECNICO NAUTICO",
		"nome": "I.T.T.L.  \"CAIO DUILIO\"",
		"indirizzo": "VIA GIUSEPPE LA FARINA N.70",
		"cap": "98123",
		"comune": "MESSINA",
		"provincia": "ME"
	}
	,
	{
		"codMec": "metf020001",
		"tipo": "ISTITUTO TECNICO INDUSTRIALE",
		"nome": "ISTITUTO TECNICO TECNOLOGICO E.MAJORANA",
		"indirizzo": "VIA        TRE MONTI , 4",
		"cap": "98057",
		"comune": "MILAZZO",
		"provincia": "ME"
	}
	,
	{
		"codMec": "metd05000e",
		"tipo": "IST TEC COMMERCIALE E PER GEOMETRI",
		"nome": "I.T. L.DA VINCI ECONOMICO TECNOLOGICO",
		"indirizzo": "VIA COLONNELLO MAGISTRI",
		"cap": "98057",
		"comune": "MILAZZO",
		"provincia": "ME"
	}
	,
	{
		"codMec": "meic88300c",
		"tipo": "ISTITUTO COMPRENSIVO",
		"nome": "I.C. PRIMO MILAZZO",
		"indirizzo": "VIA DEL QUARTIERE, 26",
		"cap": "98057",
		"comune": "MILAZZO",
		"provincia": "ME"
	}
	,
	{
		"codMec": "meic8aa00e",
		"tipo": "ISTITUTO COMPRENSIVO",
		"nome": "I.C. SECONDO MILAZZO",
		"indirizzo": "VIA RISORGIMENTO, 65",
		"cap": "98057",
		"comune": "MILAZZO",
		"provincia": "ME"
	}
	,
	{
		"codMec": "meic8ab00a",
		"tipo": "ISTITUTO COMPRENSIVO",
		"nome": "I.C. TERZO  MILAZZO",
		"indirizzo": "VIA CARRUBARO, 5",
		"cap": "98057",
		"comune": "MILAZZO",
		"provincia": "ME"
	}
	,
	{
		"codMec": "meis00200x",
		"tipo": "ISTITUTO SUPERIORE",
		"nome": "I.S.\"G.B. IMPALLOMENI\"",
		"indirizzo": "VIA RISORGIMENTO, 67",
		"cap": "98057",
		"comune": "MILAZZO",
		"provincia": "ME"
	}
	,
	{
		"codMec": "meis01600t",
		"tipo": "ISTITUTO SUPERIORE",
		"nome": "I.I.S. \"RENATO GUTTUSO\"",
		"indirizzo": "VIA XX LUGLIO",
		"cap": "98057",
		"comune": "MILAZZO",
		"provincia": "ME"
	}
	,
	{
		"codMec": "meic84600d",
		"tipo": "ISTITUTO COMPRENSIVO",
		"nome": "TOMMASO AVERSA",
		"indirizzo": "PIAZZA VITTORIO VENETO,  N.6",
		"cap": "98073",
		"comune": "MISTRETTA",
		"provincia": "ME"
	}
	,
	{
		"codMec": "meis001004",
		"tipo": "ISTITUTO SUPERIORE",
		"nome": "I.S.MISTRETTA MANZONI",
		"indirizzo": "VIA NAZIONALE N. 182",
		"cap": "98073",
		"comune": "MISTRETTA",
		"provincia": "ME"
	}
	,
	{
		"codMec": "meic842006",
		"tipo": "ISTITUTO COMPRENSIVO",
		"nome": "PACE DEL MELA",
		"indirizzo": "VIA  G. DI VITTORIO 34",
		"cap": "98042",
		"comune": "PACE DEL MELA",
		"provincia": "ME"
	}
	,
	{
		"codMec": "mepc060006",
		"tipo": "LICEO CLASSICO",
		"nome": "PATTI V.EMANUELE III",
		"indirizzo": "VIA  TRIESTE 43",
		"cap": "98066",
		"comune": "PATTI",
		"provincia": "ME"
	}
	,
	{
		"codMec": "meic848005",
		"tipo": "ISTITUTO COMPRENSIVO",
		"nome": "N.2 PATTI",
		"indirizzo": "PIAZZA  XXV APRILE",
		"cap": "98066",
		"comune": "PATTI",
		"provincia": "ME"
	}
	,
	{
		"codMec": "meis023001",
		"tipo": "ISTITUTO SUPERIORE",
		"nome": "IIS  BORGHESE - FARANDA - PATTI",
		"indirizzo": "VIA MONSIGNORE A.FICARRA",
		"cap": "98066",
		"comune": "PATTI",
		"provincia": "ME"
	}
	,
	{
		"codMec": "meic849001",
		"tipo": "ISTITUTO COMPRENSIVO",
		"nome": "N.3 PATTI",
		"indirizzo": "PIAZZA XXV APRILE, 1",
		"cap": "98066",
		"comune": "PATTI",
		"provincia": "ME"
	}
	,
	{
		"codMec": "meic83200g",
		"tipo": "ISTITUTO COMPRENSIVO",
		"nome": "I.C. ROCCALUMERA",
		"indirizzo": "VIA CAMINITI A.",
		"cap": "98027",
		"comune": "ROCCALUMERA",
		"provincia": "ME"
	}
	,
	{
		"codMec": "meic85200r",
		"tipo": "ISTITUTO COMPRENSIVO",
		"nome": "SAN FILIPPO DEL MELA",
		"indirizzo": "VIA ROMA 16",
		"cap": "98044",
		"comune": "SAN FILIPPO DEL MELA",
		"provincia": "ME"
	}
	,
	{
		"codMec": "meic85300l",
		"tipo": "ISTITUTO COMPRENSIVO",
		"nome": "S.PIER NICETO",
		"indirizzo": "VIA ROSA ILACQUA, 12",
		"cap": "98045",
		"comune": "SAN PIER NICETO",
		"provincia": "ME"
	}
	,
	{
		"codMec": "meic878001",
		"tipo": "ISTITUTO COMPRENSIVO",
		"nome": "S.PIERO PATTI",
		"indirizzo": "VIA PROFETA, 27",
		"cap": "98068",
		"comune": "SAN PIERO PATTI",
		"provincia": "ME"
	}
	,
	{
		"codMec": "metf040006",
		"tipo": "ISTITUTO TECNICO INDUSTRIALE",
		"nome": "ITI S.AGATA M.LLO TORRICELLI",
		"indirizzo": "VIA        VALLONE POSTA",
		"cap": "98076",
		"comune": "SANT\\'AGATA DI MILITELLO",
		"provincia": "ME"
	}
	,
	{
		"codMec": "meic87900r",
		"tipo": "ISTITUTO COMPRENSIVO",
		"nome": "N.1 \"CESAREO\"S.AGATA MILITELLO",
		"indirizzo": "VIA VITTORIO VENETO, 103",
		"cap": "98076",
		"comune": "SANT\\'AGATA DI MILITELLO",
		"provincia": "ME"
	}
	,
	{
		"codMec": "metd110001",
		"tipo": "IST TEC COMMERCIALE E PER GEOMETRI",
		"nome": "ITET  \" G. TOMASI DI LAMPEDUSA\"",
		"indirizzo": "VIA PARCO DEGLI ULIVI",
		"cap": "98076",
		"comune": "SANT\\'AGATA DI MILITELLO",
		"provincia": "ME"
	}
	,
	{
		"codMec": "meis00300q",
		"tipo": "ISTITUTO SUPERIORE",
		"nome": "I.I.S. SANT\\'AGATA DI M.LLO \" L.SCIASCIA\"",
		"indirizzo": "C/DA MUTI",
		"cap": "98076",
		"comune": "SANT\\'AGATA DI MILITELLO",
		"provincia": "ME"
	}
	,
	{
		"codMec": "meic885004",
		"tipo": "ISTITUTO COMPRENSIVO",
		"nome": "N.2\"MARCONI\"S.AGATA MILIT.",
		"indirizzo": "VIA DON BOSCO, 8",
		"cap": "98076",
		"comune": "SANT\\'AGATA DI MILITELLO",
		"provincia": "ME"
	}
	,
	{
		"codMec": "meic855008",
		"tipo": "ISTITUTO COMPRENSIVO",
		"nome": "S.LUCIA DEL MELA",
		"indirizzo": "VIA STEFANO CATTAFI",
		"cap": "98046",
		"comune": "SANTA LUCIA DEL MELA",
		"provincia": "ME"
	}
	,
	{
		"codMec": "meee06000t",
		"tipo": "CIRCOLO DIDATTICO",
		"nome": "DIR.DID.S.TERESA RIVA",
		"indirizzo": "VIA F. CRISPI 435",
		"cap": "98028",
		"comune": "SANTA TERESA DI RIVA",
		"provincia": "ME"
	}
	,
	{
		"codMec": "meis03200q",
		"tipo": "ISTITUTO SUPERIORE",
		"nome": "ISTITUTO SUPERIORE CAMINITI-TRIMARCHI",
		"indirizzo": "VIA LUNGOMARE CENTRO",
		"cap": "98028",
		"comune": "SANTA TERESA DI RIVA",
		"provincia": "ME"
	}
	,
	{
		"codMec": "meic88900b",
		"tipo": "ISTITUTO COMPRENSIVO",
		"nome": "I.C.S.TERESA DI RIVA",
		"indirizzo": "VIA  DELLE COLLINE",
		"cap": "98028",
		"comune": "SANTA TERESA DI RIVA",
		"provincia": "ME"
	}
	,
	{
		"codMec": "meic856004",
		"tipo": "ISTITUTO COMPRENSIVO",
		"nome": "I.C. SANTO STEFANO CAMASTRA",
		"indirizzo": "VIA LIBERTA\\' , 1",
		"cap": "98077",
		"comune": "SANTO STEFANO DI CAMASTRA",
		"provincia": "ME"
	}
]