[
	{
		"codMec": "raic82500x",
		"tipo": "ISTITUTO COMPRENSIVO",
		"nome": "I.C. \"RICCI-MURATORI\"  RAVENNA",
		"indirizzo": "P.ZZA UGO LA MALFA, 1",
		"cap": "48121",
		"comune": "RAVENNA",
		"provincia": "RA"
	}
	,
	{
		"codMec": "ratl02000l",
		"tipo": "ISTITUTO TECNICO PER GEOMETRI",
		"nome": "ITG \"C. MORIGIA\" - ITAS \"L. PERDISA\"",
		"indirizzo": "VIA MARCONI, 6",
		"cap": "48124",
		"comune": "RAVENNA",
		"provincia": "RA"
	}
	,
	{
		"codMec": "raic82000r",
		"tipo": "ISTITUTO COMPRENSIVO",
		"nome": "I.C.  \"SAN BIAGIO\" RAVENNA",
		"indirizzo": "VIA C. CICOGNANI N. 8",
		"cap": "48123",
		"comune": "RAVENNA",
		"provincia": "RA"
	}
	,
	{
		"codMec": "raic81900l",
		"tipo": "ISTITUTO COMPRENSIVO",
		"nome": "I.C. \"M.VALGIMIGLI\" - MEZZANO",
		"indirizzo": "VIA  REALE ,   280",
		"cap": "48123",
		"comune": "RAVENNA",
		"provincia": "RA"
	}
	,
	{
		"codMec": "raic811002",
		"tipo": "ISTITUTO COMPRENSIVO",
		"nome": "I.C. \"D A R S E N A\" - RAVENNA",
		"indirizzo": "VIA   AQUILEIA  ,   31",
		"cap": "48122",
		"comune": "RAVENNA",
		"provincia": "RA"
	}
	,
	{
		"codMec": "raic810006",
		"tipo": "ISTITUTO COMPRENSIVO",
		"nome": "IC DEL MARE - MARINA DI RAVENNA",
		"indirizzo": "VIA TRIESTE,  438",
		"cap": "48122",
		"comune": "RAVENNA",
		"provincia": "RA"
	}
	,
	{
		"codMec": "raic802007",
		"tipo": "ISTITUTO COMPRENSIVO",
		"nome": "I.C.   S. PIETRO IN VINCOLI",
		"indirizzo": "VIA LEONARDO DA VINCI N. 8",
		"cap": "48125",
		"comune": "RAVENNA",
		"provincia": "RA"
	}
	,
	{
		"codMec": "raic824004",
		"tipo": "ISTITUTO COMPRENSIVO",
		"nome": "I.C. \"S.P. DAMIANO\"   RAVENNA",
		"indirizzo": "VIALE  LUIGI CILLA, 8",
		"cap": "48123",
		"comune": "RAVENNA",
		"provincia": "RA"
	}
	,
	{
		"codMec": "ratf01000t",
		"tipo": "ISTITUTO TECNICO INDUSTRIALE",
		"nome": "NULLO BALDINI",
		"indirizzo": "VIA     G.  MARCONI, 2",
		"cap": "48124",
		"comune": "RAVENNA",
		"provincia": "RA"
	}
	,
	{
		"codMec": "ratd03000r",
		"tipo": "IST TEC COMMERCIALE E PER GEOMETRI",
		"nome": "G.GINANNI",
		"indirizzo": "VIA        CARDUCCI 11",
		"cap": "48121",
		"comune": "RAVENNA",
		"provincia": "RA"
	}
	,
	{
		"codMec": "rasl020007",
		"tipo": "LICEO ARTISTICO",
		"nome": "LICEO ARTISTICO NERVI - SEVERINI",
		"indirizzo": "VIA TOMBESI DALL\\'OVA,14",
		"cap": "48121",
		"comune": "RAVENNA",
		"provincia": "RA"
	}
	,
	{
		"codMec": "rarh020004",
		"tipo": "IST PROF  ALBERGHIERO",
		"nome": "IST. PROF.LE ALBERGHIERO \"P. ARTUSI\"",
		"indirizzo": "VIA TARLOMBANI, 7",
		"cap": "48025",
		"comune": "RIOLO TERME",
		"provincia": "RA"
	}
	,
	{
		"codMec": "raic816005",
		"tipo": "ISTITUTO COMPRENSIVO",
		"nome": "I.C. \"G. PASCOLI\" - RIOLO TERME",
		"indirizzo": "VIA GRAMSCI,  18",
		"cap": "48025",
		"comune": "RIOLO TERME",
		"provincia": "RA"
	}
	,
	{
		"codMec": "raic80500p",
		"tipo": "ISTITUTO COMPRENSIVO",
		"nome": "I.C. \"A. BACCARINI\"   RUSSI",
		"indirizzo": "LARGO PATUELLI, 1",
		"cap": "48026",
		"comune": "RUSSI",
		"provincia": "RA"
	}
	,
	{
		"codMec": "raic81200t",
		"tipo": "ISTITUTO COMPRENSIVO",
		"nome": "I.C. CORSO MATTEOTTI ALFONSINE",
		"indirizzo": "VIA MURRI 26",
		"cap": "48011",
		"comune": "ALFONSINE",
		"provincia": "RA"
	}
	,
	{
		"codMec": "raic80400v",
		"tipo": "ISTITUTO COMPRENSIVO",
		"nome": "I.C. \"BERTI F.\"  - BAGNACAVALLO",
		"indirizzo": "VIA CAVOUR,  5",
		"cap": "48012",
		"comune": "BAGNACAVALLO",
		"provincia": "RA"
	}
	,
	{
		"codMec": "raic80700a",
		"tipo": "ISTITUTO COMPRENSIVO",
		"nome": "I.C. \"O.PAZZI\"  BRISIGHELLA",
		"indirizzo": "PIAZZETTA G.PIANORI, 4",
		"cap": "48013",
		"comune": "BRISIGHELLA",
		"provincia": "RA"
	}
	,
	{
		"codMec": "raic81800r",
		"tipo": "ISTITUTO COMPRENSIVO",
		"nome": "I.C \"BASSI C.\"- CASTELBOLOGNESE",
		"indirizzo": "VIA GIOVANNI XXIII, 86",
		"cap": "48014",
		"comune": "CASTEL BOLOGNESE",
		"provincia": "RA"
	}
	,
	{
		"codMec": "raic829007",
		"tipo": "ISTITUTO COMPRENSIVO",
		"nome": "I.C. CERVIA 2",
		"indirizzo": "VIA CADUTI PER LA LIBERTA\\'  16",
		"cap": "48015",
		"comune": "CERVIA",
		"provincia": "RA"
	}
	,
	{
		"codMec": "raic83000b",
		"tipo": "ISTITUTO COMPRENSIVO",
		"nome": "I.C. CERVIA 3",
		"indirizzo": "VIA JELENIA GORA, 2/R",
		"cap": "48015",
		"comune": "CERVIA",
		"provincia": "RA"
	}
	,
	{
		"codMec": "rarh01000d",
		"tipo": "IST PROF  ALBERGHIERO",
		"nome": "I.P.S.E.O.A. - CERVIA",
		"indirizzo": "PIAZZALE ARTUSI, 7",
		"cap": "48015",
		"comune": "CERVIA",
		"provincia": "RA"
	}
	,
	{
		"codMec": "raic808006",
		"tipo": "ISTITUTO COMPRENSIVO",
		"nome": "I.C. \"FORESTI F.\" CONSELICE",
		"indirizzo": "VIA G. DI VITTORIO, 1",
		"cap": "48017",
		"comune": "CONSELICE",
		"provincia": "RA"
	}
	,
	{
		"codMec": "raic81300n",
		"tipo": "ISTITUTO COMPRENSIVO",
		"nome": "I.C. \"DON STEFANO CASADIO\"",
		"indirizzo": "VIA DANTE ALIGHIERI, 8",
		"cap": "48033",
		"comune": "COTIGNOLA",
		"provincia": "RA"
	}
	,
	{
		"codMec": "rais00700e",
		"tipo": "ISTITUTO SUPERIORE",
		"nome": "I.T.I.P. L.BUCCI",
		"indirizzo": "VIA      NUOVA 45",
		"cap": "48018",
		"comune": "FAENZA",
		"provincia": "RA"
	}
	,
	{
		"codMec": "rapc04000c",
		"tipo": "LICEO CLASSICO",
		"nome": "LICEO TORRICELLI - BALLARDINI",
		"indirizzo": "VIA        S. MARIA DELL\\'ANGELO 48",
		"cap": "48018",
		"comune": "FAENZA",
		"provincia": "RA"
	}
	,
	{
		"codMec": "rarc060009",
		"tipo": "IST  PROF  PER I SERVIZI COMM , TUR  E DELLA PUBB",
		"nome": "I.P. \"PERSOLINO-STROCCHI\"",
		"indirizzo": "VIA MEDAGLIE D\\'ORO N.92",
		"cap": "48018",
		"comune": "FAENZA",
		"provincia": "RA"
	}
	,
	{
		"codMec": "raic809002",
		"tipo": "ISTITUTO COMPRENSIVO",
		"nome": "I.C.  \"EUROPA\"   FAENZA",
		"indirizzo": "VIA  DEGLI INSORTI , 2",
		"cap": "48018",
		"comune": "FAENZA",
		"provincia": "RA"
	}
	,
	{
		"codMec": "raic823008",
		"tipo": "ISTITUTO COMPRENSIVO",
		"nome": "I.C. FAENZA SAN ROCCO",
		"indirizzo": "VIA GRANANROLO 26",
		"cap": "48018",
		"comune": "FAENZA",
		"provincia": "RA"
	}
	,
	{
		"codMec": "raic82200c",
		"tipo": "ISTITUTO COMPRENSIVO",
		"nome": "I.C. D. MATTEUCCI FAENZA CENTRO",
		"indirizzo": "VIA  MARTIRI UNGHERESI, 7",
		"cap": "48018",
		"comune": "FAENZA",
		"provincia": "RA"
	}
	,
	{
		"codMec": "raic817001",
		"tipo": "ISTITUTO COMPRENSIVO",
		"nome": "I.C.  \"CARCHIDIO-STROCCHI\"",
		"indirizzo": "VIA FORLIVESE, 7",
		"cap": "48018",
		"comune": "FAENZA",
		"provincia": "RA"
	}
	,
	{
		"codMec": "ratd01000g",
		"tipo": "IST TEC COMMERCIALE E PER GEOMETRI",
		"nome": "\"A. ORIANI\"",
		"indirizzo": "VIA MANZONI 6",
		"cap": "48018",
		"comune": "FAENZA",
		"provincia": "RA"
	}
	,
	{
		"codMec": "raic82100l",
		"tipo": "ISTITUTO COMPRENSIVO",
		"nome": "I.C.\"BATTAGLIA LUIGI\"-FUSIGNANO",
		"indirizzo": "VIA VITTORIO VENETO, 36",
		"cap": "48010",
		"comune": "FUSIGNANO",
		"provincia": "RA"
	}
	,
	{
		"codMec": "raps030001",
		"tipo": "LICEO SCIENTIFICO",
		"nome": "LICEO LUGO \"G. RICCI CURBASTRO\"",
		"indirizzo": "VIALE      ORSINI 6",
		"cap": "48022",
		"comune": "LUGO",
		"provincia": "RA"
	}
	,
	{
		"codMec": "raic81400d",
		"tipo": "ISTITUTO COMPRENSIVO",
		"nome": "I.C. \"S. GHERARDI\" - LUGO 2",
		"indirizzo": "VIALE  TARONI ,  4",
		"cap": "48022",
		"comune": "LUGO",
		"provincia": "RA"
	}
	,
	{
		"codMec": "raic815009",
		"tipo": "ISTITUTO COMPRENSIVO",
		"nome": "I.C. \"F. BARACCA\" - LUGO1",
		"indirizzo": "VIA  EMALDI  N.1",
		"cap": "48022",
		"comune": "LUGO",
		"provincia": "RA"
	}
	,
	{
		"codMec": "ramm059004",
		"tipo": "SCUOLA PRIMO GRADO",
		"nome": "CPIA 1 RAVENNA",
		"indirizzo": "CORSO MATTEOTTI 55",
		"cap": "48022",
		"comune": "LUGO",
		"provincia": "RA"
	}
	,
	{
		"codMec": "rais003007",
		"tipo": "ISTITUTO SUPERIORE",
		"nome": "POLO TECNICO PROFESSIONALE DI LUGO",
		"indirizzo": "VIA LUMAGNI, 26",
		"cap": "48022",
		"comune": "LUGO",
		"provincia": "RA"
	}
	,
	{
		"codMec": "raic80600e",
		"tipo": "ISTITUTO COMPRENSIVO",
		"nome": "I.C.\"FRANCESCO D\\'ESTE\"-MASSA L.",
		"indirizzo": "VIA ROMA, 17",
		"cap": "48024",
		"comune": "MASSA LOMBARDA",
		"provincia": "RA"
	}
	,
	{
		"codMec": "rarc07000x",
		"tipo": "IST  PROF  PER I SERVIZI COMM , TUR  E DELLA PUBB",
		"nome": "I.P.S. \"A.OLIVETTI - C. CALLEGARI\"",
		"indirizzo": "VIA N. BIXIO 25",
		"cap": "48121",
		"comune": "RAVENNA",
		"provincia": "RA"
	}
	,
	{
		"codMec": "raps01000q",
		"tipo": "LICEO SCIENTIFICO",
		"nome": "A. ORIANI",
		"indirizzo": "VIA        C. BATTISTI 2",
		"cap": "48121",
		"comune": "RAVENNA",
		"provincia": "RA"
	}
	,
	{
		"codMec": "rapc01000l",
		"tipo": "LICEO CLASSICO",
		"nome": "DANTE ALIGHIERI",
		"indirizzo": "PIAZZA     ANITA GARIBALDI 2",
		"cap": "48121",
		"comune": "RAVENNA",
		"provincia": "RA"
	}
	,
	{
		"codMec": "raic82800b",
		"tipo": "ISTITUTO COMPRENSIVO",
		"nome": "I.C. 1 INTERCOMUNALE RA/CERVIA",
		"indirizzo": "VIA MARTIRI FANTINI, 46",
		"cap": "48100",
		"comune": "RAVENNA",
		"provincia": "RA"
	}
	,
	{
		"codMec": "raic82700g",
		"tipo": "ISTITUTO COMPRENSIVO",
		"nome": "I.C. \"GUIDO NOVELLO\"  RAVENNA",
		"indirizzo": "PIAZZA CADUTI PER LA LIBERTA\\', 15",
		"cap": "48121",
		"comune": "RAVENNA",
		"provincia": "RA"
	}
	,
	{
		"codMec": "raic82600q",
		"tipo": "ISTITUTO COMPRENSIVO",
		"nome": "I.C. \"V. RANDI\"  RAVENNA",
		"indirizzo": "VIA MARCONI, 15",
		"cap": "48124",
		"comune": "RAVENNA",
		"provincia": "RA"
	}
]