[
	{
		"codMec": "saic8a4009",
		"tipo": "ISTITUTO COMPRENSIVO",
		"nome": "IST.COMPR. AGROPOLI S.MARCO",
		"indirizzo": "VIA G.VERGA",
		"cap": "84043",
		"comune": "AGROPOLI",
		"provincia": "SA"
	}
	,
	{
		"codMec": "saps11000c",
		"tipo": "LICEO SCIENTIFICO",
		"nome": "\"A.GATTO\"",
		"indirizzo": "VIA     DANTE ALIGHIERI",
		"cap": "84043",
		"comune": "AGROPOLI",
		"provincia": "SA"
	}
	,
	{
		"codMec": "sais07100n",
		"tipo": "ISTITUTO SUPERIORE",
		"nome": "\"VICO - DE VIVO \"",
		"indirizzo": "VIA F.S. NITTI",
		"cap": "84043",
		"comune": "AGROPOLI",
		"provincia": "SA"
	}
	,
	{
		"codMec": "saee09900b",
		"tipo": "CIRCOLO DIDATTICO",
		"nome": "D.D. I CIRCOLO AGROPOLI",
		"indirizzo": "PIAZZA DELLA REPUBBLICA",
		"cap": "84043",
		"comune": "AGROPOLI",
		"provincia": "SA"
	}
	,
	{
		"codMec": "saic887003",
		"tipo": "ISTITUTO COMPRENSIVO",
		"nome": "IST.COMPR. ALBANELLA",
		"indirizzo": "VIA ROMA",
		"cap": "84044",
		"comune": "ALBANELLA",
		"provincia": "SA"
	}
	,
	{
		"codMec": "saic83300p",
		"tipo": "ISTITUTO COMPRENSIVO",
		"nome": "I.C. ALTAVILLA S.GIOVANNI XXIII",
		"indirizzo": "PIAZZA DON GIUSTINO RUSSOLILLO",
		"cap": "84045",
		"comune": "ALTAVILLA SILENTINA",
		"provincia": "SA"
	}
	,
	{
		"codMec": "saic83400e",
		"tipo": "ISTITUTO COMPRENSIVO",
		"nome": "IST.COMPR. AMALFI",
		"indirizzo": "PIAZZA SPIRITO SANTO, 9",
		"cap": "84011",
		"comune": "AMALFI",
		"provincia": "SA"
	}
	,
	{
		"codMec": "sais05600g",
		"tipo": "ISTITUTO SUPERIORE",
		"nome": "\"MARINI - GIOIA\"",
		"indirizzo": "VIA   GRADE  LUNGHE",
		"cap": "84011",
		"comune": "AMALFI",
		"provincia": "SA"
	}
	,
	{
		"codMec": "saee010004",
		"tipo": "CIRCOLO DIDATTICO",
		"nome": "ANGRI I \"BEATO A. M.FUSCO\"",
		"indirizzo": "VIA ADRIANA",
		"cap": "84012",
		"comune": "ANGRI",
		"provincia": "SA"
	}
	,
	{
		"codMec": "saic8bn00q",
		"tipo": "ISTITUTO COMPRENSIVO",
		"nome": "IST.COMPR. ANGRI \"DON SMALDONE\"",
		"indirizzo": "VIA STABIA 1",
		"cap": "84012",
		"comune": "ANGRI",
		"provincia": "SA"
	}
	,
	{
		"codMec": "samm29100d",
		"tipo": "SCUOLA PRIMO GRADO",
		"nome": "ANGRI GALVANI-OPROMOLLA",
		"indirizzo": "VIA  STABIA 1",
		"cap": "84012",
		"comune": "ANGRI",
		"provincia": "SA"
	}
	,
	{
		"codMec": "sais04300d",
		"tipo": "ISTITUTO SUPERIORE",
		"nome": "\"G. FORTUNATO\"",
		"indirizzo": "VIA CUPARELLA,1",
		"cap": "84012",
		"comune": "ANGRI",
		"provincia": "SA"
	}
	,
	{
		"codMec": "saps170004",
		"tipo": "LICEO SCIENTIFICO",
		"nome": "\"DON C. LA MURA\"",
		"indirizzo": "VIA MONTE TACCARO",
		"cap": "84012",
		"comune": "ANGRI",
		"provincia": "SA"
	}
	,
	{
		"codMec": "saee18300p",
		"tipo": "CIRCOLO DIDATTICO",
		"nome": "ANGRI III CIRCOLO",
		"indirizzo": "VIA DANTE ALIGHIERI  N.15",
		"cap": "84012",
		"comune": "ANGRI",
		"provincia": "SA"
	}
	,
	{
		"codMec": "saic85500g",
		"tipo": "ISTITUTO COMPRENSIVO",
		"nome": "IST. COMPR. ASCEA \"PARMENIDE\"",
		"indirizzo": "VIA        ELEA",
		"cap": "84046",
		"comune": "ASCEA",
		"provincia": "SA"
	}
	,
	{
		"codMec": "sais044009",
		"tipo": "ISTITUTO SUPERIORE",
		"nome": "ISTITUTO ISTRUZIONE SUPERIORE  BARONISSI",
		"indirizzo": "VIA MATTEO GALDI,26",
		"cap": "84081",
		"comune": "BARONISSI",
		"provincia": "SA"
	}
	,
	{
		"codMec": "saic836006",
		"tipo": "ISTITUTO COMPRENSIVO",
		"nome": "IST.COMPR. BARONISSI",
		"indirizzo": "VIA  UNITA D\\'ITALIA  19",
		"cap": "84081",
		"comune": "BARONISSI",
		"provincia": "SA"
	}
	,
	{
		"codMec": "saee01400b",
		"tipo": "CIRCOLO DIDATTICO",
		"nome": "BARONISSI",
		"indirizzo": "VIALE SANDRO PERTINI 2",
		"cap": "84081",
		"comune": "BARONISSI",
		"provincia": "SA"
	}
	,
	{
		"codMec": "sais03400p",
		"tipo": "ISTITUTO SUPERIORE",
		"nome": "\" BESTA - GLORIOSI\"",
		"indirizzo": "VIA GEN.GONZAGA,94",
		"cap": "84091",
		"comune": "BATTIPAGLIA",
		"provincia": "SA"
	}
	,
	{
		"codMec": "sais029007",
		"tipo": "ISTITUTO SUPERIORE",
		"nome": "\"E. FERRARI\"",
		"indirizzo": "VIA ROSA IEMMA, 301",
		"cap": "84091",
		"comune": "BATTIPAGLIA",
		"provincia": "SA"
	}
	,
	{
		"codMec": "saic8as00n",
		"tipo": "ISTITUTO COMPRENSIVO",
		"nome": "IST. C. BATTIPAGLIA \"SALVEMINI\"",
		"indirizzo": "VIA RAVENNA",
		"cap": "84091",
		"comune": "BATTIPAGLIA",
		"provincia": "SA"
	}
	,
	{
		"codMec": "saic8ae005",
		"tipo": "ISTITUTO COMPRENSIVO",
		"nome": "IST. C. FIORENTINO BATTIPAGLIA",
		"indirizzo": "VIA PASCOLI, 39",
		"cap": "84091",
		"comune": "BATTIPAGLIA",
		"provincia": "SA"
	}
	,
	{
		"codMec": "saic8ad009",
		"tipo": "ISTITUTO COMPRENSIVO",
		"nome": "IST. C. BATTIPAGLIA \"G.MARCONI\"",
		"indirizzo": "VIA IONIO SNC",
		"cap": "84091",
		"comune": "BATTIPAGLIA",
		"provincia": "SA"
	}
	,
	{
		"codMec": "saic83900n",
		"tipo": "ISTITUTO COMPRENSIVO",
		"nome": "IST.COMPR. BATTIPAGLIA - PENNA",
		"indirizzo": "VIA SALVATOR ROSA",
		"cap": "84091",
		"comune": "BATTIPAGLIA",
		"provincia": "SA"
	}
	,
	{
		"codMec": "saic83800t",
		"tipo": "ISTITUTO COMPRENSIVO",
		"nome": "IST.COMPR. BATTIPAGLIA \"GATTO\"",
		"indirizzo": "VIA CAPONE, 2",
		"cap": "84091",
		"comune": "BATTIPAGLIA",
		"provincia": "SA"
	}
	,
	{
		"codMec": "saps120003",
		"tipo": "LICEO SCIENTIFICO",
		"nome": "\"E.  MEDI\"",
		"indirizzo": "VIA DOMODOSSOLA",
		"cap": "84091",
		"comune": "BATTIPAGLIA",
		"provincia": "SA"
	}
	,
	{
		"codMec": "saic8ax00r",
		"tipo": "ISTITUTO COMPRENSIVO",
		"nome": "IST. COMPR. BELLIZZI",
		"indirizzo": "P.ZZA ANTONIO DE CURTIS, 4",
		"cap": "84092",
		"comune": "BELLIZZI",
		"provincia": "SA"
	}
	,
	{
		"codMec": "saic80600a",
		"tipo": "ISTITUTO COMPRENSIVO",
		"nome": "IST.COMPR. BRACIGLIANO",
		"indirizzo": "VIA    CECCONI, 55",
		"cap": "84082",
		"comune": "BRACIGLIANO",
		"provincia": "SA"
	}
	,
	{
		"codMec": "saic8be00q",
		"tipo": "ISTITUTO COMPRENSIVO",
		"nome": "IST. COMPR. BUCCINO",
		"indirizzo": "VIA VITTIME 16 SETTEMBRE",
		"cap": "84021",
		"comune": "BUCCINO",
		"provincia": "SA"
	}
	,
	{
		"codMec": "sais02700g",
		"tipo": "ISTITUTO SUPERIORE",
		"nome": "LICEO SCIENTIFICO \"ASSTEAS\"",
		"indirizzo": "VIA PASTENI SNC",
		"cap": "84021",
		"comune": "BUCCINO",
		"provincia": "SA"
	}
	,
	{
		"codMec": "saic8ak00n",
		"tipo": "ISTITUTO COMPRENSIVO",
		"nome": "IST. COMPR. BUONABITACOLO",
		"indirizzo": "VIA BRANDILEONE",
		"cap": "84032",
		"comune": "BUONABITACOLO",
		"provincia": "SA"
	}
	,
	{
		"codMec": "saic8aj00t",
		"tipo": "ISTITUTO COMPRENSIVO",
		"nome": "IST. COMPR. CAGGIANO",
		"indirizzo": "VIA CAFARO FORTUNATO, 3",
		"cap": "84030",
		"comune": "CAGGIANO",
		"provincia": "SA"
	}
	,
	{
		"codMec": "saic80900t",
		"tipo": "ISTITUTO COMPRENSIVO",
		"nome": "IST.COMPR. CAMEROTA",
		"indirizzo": "VIA CONVENTO DEI CAPPUCCINI",
		"cap": "84040",
		"comune": "CAMEROTA",
		"provincia": "SA"
	}
	,
	{
		"codMec": "sais053004",
		"tipo": "ISTITUTO SUPERIORE",
		"nome": "I.I.S. \"T.CONFALONIERI\"",
		"indirizzo": "LARGO G.C.CAPACCIO, 2",
		"cap": "84022",
		"comune": "CAMPAGNA",
		"provincia": "SA"
	}
	,
	{
		"codMec": "saic84100n",
		"tipo": "ISTITUTO COMPRENSIVO",
		"nome": "\" G. PALATUCCI\"",
		"indirizzo": "VIA PIANTITO, 72",
		"cap": "84022",
		"comune": "CAMPAGNA",
		"provincia": "SA"
	}
	,
	{
		"codMec": "saic8bj00c",
		"tipo": "ISTITUTO COMPRENSIVO",
		"nome": "IST.COMPR. CAMPAGNA CAP.",
		"indirizzo": "VIA PROVINCIALE PER ACERNO,39",
		"cap": "84022",
		"comune": "CAMPAGNA",
		"provincia": "SA"
	}
	,
	{
		"codMec": "saic8az00c",
		"tipo": "ISTITUTO COMPRENSIVO",
		"nome": "IST. COMPR. CAPACCIO PAESTUM",
		"indirizzo": "VIALE PADRE PIO, SNC",
		"cap": "84047",
		"comune": "CAPACCIO",
		"provincia": "SA"
	}
	,
	{
		"codMec": "sais05700b",
		"tipo": "ISTITUTO SUPERIORE",
		"nome": "IIS - IPSAR \"G.B. PIRANESI\"",
		"indirizzo": "VIA MAGNA GRAECIA",
		"cap": "84047",
		"comune": "CAPACCIO",
		"provincia": "SA"
	}
	,
	{
		"codMec": "saic8ay00l",
		"tipo": "ISTITUTO COMPRENSIVO",
		"nome": "IST. COMPR. CAPACCIO C.CARDUCCI",
		"indirizzo": "PIAZZA OROLOGIO",
		"cap": "84047",
		"comune": "CAPACCIO",
		"provincia": "SA"
	}
	,
	{
		"codMec": "saic8an005",
		"tipo": "ISTITUTO COMPRENSIVO",
		"nome": "IST.COMPR. CASALVELINO",
		"indirizzo": "VIA QUATTRO PONTI",
		"cap": "84040",
		"comune": "CASAL VELINO",
		"provincia": "SA"
	}
	,
	{
		"codMec": "saic8bf00g",
		"tipo": "ISTITUTO COMPRENSIVO",
		"nome": "IST. COMPR. SANTA MARINA POLICA",
		"indirizzo": "VIA GIOVANNI XXIII",
		"cap": "84067",
		"comune": "CASALETTO SPARTANO",
		"provincia": "SA"
	}
	,
	{
		"codMec": "saic84700l",
		"tipo": "ISTITUTO COMPRENSIVO",
		"nome": "IST.COMPR. CASTEL SAN GIORGIO",
		"indirizzo": "VIA A. CAPUANO",
		"cap": "84083",
		"comune": "CASTEL SAN GIORGIO",
		"provincia": "SA"
	}
	,
	{
		"codMec": "saic84600r",
		"tipo": "ISTITUTO COMPRENSIVO",
		"nome": "IST.COMPR. CASTEL S.G.- LANZARA",
		"indirizzo": "VIA V.CALVANESE , 22",
		"cap": "84083",
		"comune": "CASTEL SAN GIORGIO",
		"provincia": "SA"
	}
	,
	{
		"codMec": "saic830007",
		"tipo": "ISTITUTO COMPRENSIVO",
		"nome": "IST.COMPR. CASTEL SAN LORENZO",
		"indirizzo": "VIA G.TOMMASINI     S.N.C.",
		"cap": "84049",
		"comune": "CASTEL SAN LORENZO",
		"provincia": "SA"
	}
	,
	{
		"codMec": "saic8bp00b",
		"tipo": "ISTITUTO COMPRENSIVO",
		"nome": "IST.COMPR. CASTELCIVITA",
		"indirizzo": "VIA S.FRANCESCO, 31",
		"cap": "84020",
		"comune": "CASTELCIVITA",
		"provincia": "SA"
	}
	,
	{
		"codMec": "saic85000c",
		"tipo": "ISTITUTO COMPRENSIVO",
		"nome": "IST.COMPR. CONTURSI",
		"indirizzo": "VIA SERG. A. MAROLDA",
		"cap": "84024",
		"comune": "CONTURSI",
		"provincia": "SA"
	}
	,
	{
		"codMec": "sais02200c",
		"tipo": "ISTITUTO SUPERIORE",
		"nome": "\"EPICARMO CORBINO\"",
		"indirizzo": "VIA SALVATORE VALITUTTI",
		"cap": "84024",
		"comune": "CONTURSI",
		"provincia": "SA"
	}
	,
	{
		"codMec": "saee053002",
		"tipo": "CIRCOLO DIDATTICO",
		"nome": "EBOLI I",
		"indirizzo": "P.ZZA DELLA REPUBBLICA",
		"cap": "84025",
		"comune": "EBOLI",
		"provincia": "SA"
	}
	,
	{
		"codMec": "saic81900c",
		"tipo": "ISTITUTO COMPRENSIVO",
		"nome": "IST.COMPR. EBOLI III S.CECILIA",
		"indirizzo": "PIAZZA FRATELLI CIANCO",
		"cap": "84025",
		"comune": "EBOLI",
		"provincia": "SA"
	}
	,
	{
		"codMec": "saic852004",
		"tipo": "ISTITUTO COMPRENSIVO",
		"nome": "IST.COMPR. EBOLI - ROMANO",
		"indirizzo": "VIA V.VENETO, 42",
		"cap": "84025",
		"comune": "EBOLI",
		"provincia": "SA"
	}
	,
	{
		"codMec": "saps01000g",
		"tipo": "LICEO SCIENTIFICO",
		"nome": "\"A.GALLOTTA\"",
		"indirizzo": "VIA CADUTI DI BRUXELLES, 26",
		"cap": "84025",
		"comune": "EBOLI",
		"provincia": "SA"
	}
	,
	{
		"codMec": "saic8bg00b",
		"tipo": "ISTITUTO COMPRENSIVO",
		"nome": "IST.COMPR EBOLI G. GONZAGA",
		"indirizzo": "VIA CADUTI DI BRUXELLES",
		"cap": "84025",
		"comune": "EBOLI",
		"provincia": "SA"
	}
	,
	{
		"codMec": "sais059003",
		"tipo": "ISTITUTO SUPERIORE",
		"nome": "\"PERITO - LEVI\"",
		"indirizzo": "VIALE ENRICO PERITO",
		"cap": "84025",
		"comune": "EBOLI",
		"provincia": "SA"
	}
	,
	{
		"codMec": "sais067002",
		"tipo": "ISTITUTO SUPERIORE",
		"nome": "\"MATTEI - FORTUNATO\"",
		"indirizzo": "VIA SERRACAPILLI, 28/A",
		"cap": "84025",
		"comune": "EBOLI",
		"provincia": "SA"
	}
	,
	{
		"codMec": "saic88900p",
		"tipo": "ISTITUTO COMPRENSIVO",
		"nome": "IST.COMPR. EBOLI - MATTEO RIPA",
		"indirizzo": "PIAZZA MATTEO RIPA, 1",
		"cap": "84025",
		"comune": "EBOLI",
		"provincia": "SA"
	}
	,
	{
		"codMec": "saic89000v",
		"tipo": "ISTITUTO COMPRENSIVO",
		"nome": "IST.COMPR. FISCIANO",
		"indirizzo": "VIA        ROMA                47",
		"cap": "84084",
		"comune": "FISCIANO",
		"provincia": "SA"
	}
	,
	{
		"codMec": "saic89200e",
		"tipo": "ISTITUTO COMPRENSIVO",
		"nome": "I.C. FISCIANO LANCUSI \"DE CARO\"",
		"indirizzo": "VIA DON ALFONSO DE CARO",
		"cap": "84084",
		"comune": "FISCIANO",
		"provincia": "SA"
	}
	,
	{
		"codMec": "saic8av005",
		"tipo": "ISTITUTO COMPRENSIVO",
		"nome": "IST. COMPR. FUTANI",
		"indirizzo": "V.CORSO UMBERTO I",
		"cap": "84050",
		"comune": "FUTANI",
		"provincia": "SA"
	}
	,
	{
		"codMec": "saic8bc004",
		"tipo": "ISTITUTO COMPRENSIVO",
		"nome": "IST COMPR GIFFONI SEI CASALI",
		"indirizzo": "VIA SCIONDA",
		"cap": "84090",
		"comune": "GIFFONI SEI CASALI",
		"provincia": "SA"
	}
	,
	{
		"codMec": "saee06200r",
		"tipo": "CIRCOLO DIDATTICO",
		"nome": "GIFFONI VALLE PIANA",
		"indirizzo": "PIAZZA GIOVANNI XXIII N. 3",
		"cap": "84095",
		"comune": "GIFFONI VALLE PIANA",
		"provincia": "SA"
	}
	,
	{
		"codMec": "saic8a0002",
		"tipo": "ISTITUTO COMPRENSIVO",
		"nome": "IST. COMPR. CASTELLABATE",
		"indirizzo": "VIA FEDERICO COPPOLA",
		"cap": "84048",
		"comune": "CASTELLABATE",
		"provincia": "SA"
	}
	,
	{
		"codMec": "sais032003",
		"tipo": "ISTITUTO SUPERIORE",
		"nome": "ISTITUTO DI ISTRUZIONE SUPERIORE",
		"indirizzo": "VIA NAZIONALE LOC. PANTANA",
		"cap": "84040",
		"comune": "CASTELNUOVO CILENTO",
		"provincia": "SA"
	}
	,
	{
		"codMec": "saic8a300d",
		"tipo": "ISTITUTO COMPRENSIVO",
		"nome": "CAVA T. TREZZA-CARDUCCI",
		"indirizzo": "VIA CARLO SANTORO",
		"cap": "84013",
		"comune": "CAVA DE\\' TIRRENI",
		"provincia": "SA"
	}
	,
	{
		"codMec": "saic8a100t",
		"tipo": "ISTITUTO COMPRENSIVO",
		"nome": "I.C. CAVA TIRR. GIOVANNI XXIII",
		"indirizzo": "VIA R. SENATORE,64",
		"cap": "84013",
		"comune": "CAVA DE\\' TIRRENI",
		"provincia": "SA"
	}
	,
	{
		"codMec": "saee045003",
		"tipo": "CIRCOLO DIDATTICO",
		"nome": "CAVA DEI TIRRENI II",
		"indirizzo": "VIA ALESSANDRO DELLA CORTE 5",
		"cap": "84013",
		"comune": "CAVA DE\\' TIRRENI",
		"provincia": "SA"
	}
	,
	{
		"codMec": "saee044007",
		"tipo": "CIRCOLO DIDATTICO",
		"nome": "CAVA DEI TIRRENI IV CIRCOLO",
		"indirizzo": "P. ZZA F. BALDI",
		"cap": "84013",
		"comune": "CAVA DE\\' TIRRENI",
		"provincia": "SA"
	}
	,
	{
		"codMec": "saps09000c",
		"tipo": "LICEO SCIENTIFICO",
		"nome": "\"GENOINO\"",
		"indirizzo": "VIA        ERNESTO DI MARINO 12",
		"cap": "84013",
		"comune": "CAVA DE\\' TIRRENI",
		"provincia": "SA"
	}
	,
	{
		"codMec": "saee04100q",
		"tipo": "CIRCOLO DIDATTICO",
		"nome": "CAVA DEI TIRRENI I",
		"indirizzo": "C. SO MAZZINI",
		"cap": "84013",
		"comune": "CAVA DE\\' TIRRENI",
		"provincia": "SA"
	}
	,
	{
		"codMec": "saee04300b",
		"tipo": "CIRCOLO DIDATTICO",
		"nome": "CAVA DEI TIRRENI III",
		"indirizzo": "VIA ANIELLO SALSANO",
		"cap": "84013",
		"comune": "CAVA DE\\' TIRRENI",
		"provincia": "SA"
	}
	,
	{
		"codMec": "samm285006",
		"tipo": "SCUOLA PRIMO GRADO",
		"nome": "CAVA DE\\'TIRRENI \"BALZICO\"",
		"indirizzo": "VIALE      MARCONI  N.38",
		"cap": "84013",
		"comune": "CAVA DE\\' TIRRENI",
		"provincia": "SA"
	}
	,
	{
		"codMec": "sais066006",
		"tipo": "ISTITUTO SUPERIORE",
		"nome": "\"DELLA CORTE - VANVITELLI\"",
		"indirizzo": "VIA PROLUNGAMENTO MARCONI",
		"cap": "84013",
		"comune": "CAVA DE\\' TIRRENI",
		"provincia": "SA"
	}
	,
	{
		"codMec": "sais058007",
		"tipo": "ISTITUTO SUPERIORE",
		"nome": "\"DE FILIPPIS - GALDI\"",
		"indirizzo": "VIA FILANGIERI",
		"cap": "84013",
		"comune": "CAVA DE\\' TIRRENI",
		"provincia": "SA"
	}
	,
	{
		"codMec": "sais031007",
		"tipo": "ISTITUTO SUPERIORE",
		"nome": "I.I.S. \"G. FILANGIERI\"",
		"indirizzo": "VIA XXIV MAGGIO, 2",
		"cap": "84013",
		"comune": "CAVA DE\\' TIRRENI",
		"provincia": "SA"
	}
	,
	{
		"codMec": "saic8ap00r",
		"tipo": "ISTITUTO COMPRENSIVO",
		"nome": "IST. COMPR. CENTOLA",
		"indirizzo": "VIA R. TALAMO",
		"cap": "84051",
		"comune": "CENTOLA",
		"provincia": "SA"
	}
	,
	{
		"codMec": "saic8a200n",
		"tipo": "ISTITUTO COMPRENSIVO",
		"nome": "COLLIANO",
		"indirizzo": "VIA LUIGI CARDONE",
		"cap": "84020",
		"comune": "COLLIANO",
		"provincia": "SA"
	}
	,
	{
		"codMec": "saic857007",
		"tipo": "ISTITUTO COMPRENSIVO",
		"nome": "IST. C. GIFFONI V.P. \"LINGUITI\"",
		"indirizzo": "VIA DOMENICO BENEVENTANO, 8",
		"cap": "84095",
		"comune": "GIFFONI VALLE PIANA",
		"provincia": "SA"
	}
	,
	{
		"codMec": "saic8aq00l",
		"tipo": "ISTITUTO COMPRENSIVO",
		"nome": "IST. COMPR. GIOI CILENTO",
		"indirizzo": "VIA L. SALATI",
		"cap": "84056",
		"comune": "GIOI",
		"provincia": "SA"
	}
	,
	{
		"codMec": "saic8at00d",
		"tipo": "ISTITUTO COMPRENSIVO",
		"nome": "IST. COMPR. AGROPOLI \"R. VAIRO\"",
		"indirizzo": "VIA TAVERNA 1",
		"cap": "84043",
		"comune": "GIUNGANO",
		"provincia": "SA"
	}
	,
	{
		"codMec": "saic831003",
		"tipo": "ISTITUTO COMPRENSIVO",
		"nome": "IST.COMPR. LAURINO",
		"indirizzo": "VIA DELL\\'IMMACOLATA, 6",
		"cap": "84057",
		"comune": "LAURINO",
		"provincia": "SA"
	}
	,
	{
		"codMec": "saic8af001",
		"tipo": "ISTITUTO COMPRENSIVO",
		"nome": "IST. COMPR. MAIORI",
		"indirizzo": "VIA CAPITOLO N. 2",
		"cap": "84010",
		"comune": "MAIORI",
		"provincia": "SA"
	}
	,
	{
		"codMec": "sais038002",
		"tipo": "ISTITUTO SUPERIORE",
		"nome": "IIS MAIORI",
		"indirizzo": "VIA NUOVA CHIUNZI N.35",
		"cap": "84010",
		"comune": "MAIORI",
		"provincia": "SA"
	}
	,
	{
		"codMec": "samm28700t",
		"tipo": "SCUOLA PRIMO GRADO",
		"nome": "MERCATO SAN SEV. \"S.TOMMASO\"",
		"indirizzo": "P.ZZA ETTORE IMPERIO, 4",
		"cap": "84085",
		"comune": "MERCATO SAN SEVERINO",
		"provincia": "SA"
	}
	,
	{
		"codMec": "saee074003",
		"tipo": "CIRCOLO DIDATTICO",
		"nome": "MERCATO SAN SEVERINO I",
		"indirizzo": "VIA DEI DUE PRINCIPATI, 49/1",
		"cap": "84085",
		"comune": "MERCATO SAN SEVERINO",
		"provincia": "SA"
	}
	,
	{
		"codMec": "sais00100b",
		"tipo": "ISTITUTO SUPERIORE",
		"nome": "PUBLIO VIRGILIO MARONE",
		"indirizzo": "VIA FRANCESCOANTONIO BIONDO S.N.C.",
		"cap": "84085",
		"comune": "MERCATO SAN SEVERINO",
		"provincia": "SA"
	}
	,
	{
		"codMec": "saee07500v",
		"tipo": "CIRCOLO DIDATTICO",
		"nome": "MERCATO S. SEVERINO II",
		"indirizzo": "VIA DON G. FIMIANI,1-FR. SANT\\'ANGELO",
		"cap": "84085",
		"comune": "MERCATO SAN SEVERINO",
		"provincia": "SA"
	}
	,
	{
		"codMec": "saic86200p",
		"tipo": "ISTITUTO COMPRENSIVO",
		"nome": "IST.COMPR.MONTECORVINO PUGLIANO",
		"indirizzo": "VIA A. D\\'AJUTOLO  13",
		"cap": "84090",
		"comune": "MONTECORVINO PUGLIANO",
		"provincia": "SA"
	}
	,
	{
		"codMec": "saee07800a",
		"tipo": "CIRCOLO DIDATTICO",
		"nome": "MONTECORVINO ROVELLA",
		"indirizzo": "VIA CAMPANIA N.22",
		"cap": "84096",
		"comune": "MONTECORVINO ROVELLA",
		"provincia": "SA"
	}
	,
	{
		"codMec": "saic86300e",
		"tipo": "ISTITUTO COMPRENSIVO",
		"nome": "IST.COMPR. MONTECORVINO ROVELLA",
		"indirizzo": "VIALE DELLA REPUBBLICA, 40",
		"cap": "84096",
		"comune": "MONTECORVINO ROVELLA",
		"provincia": "SA"
	}
	,
	{
		"codMec": "sais024004",
		"tipo": "ISTITUTO SUPERIORE",
		"nome": "ISTITUTO DI ISTRUZIONE SUPERIORE",
		"indirizzo": "VIA AVVOCATO  QUARANTA SNC",
		"cap": "84096",
		"comune": "MONTECORVINO ROVELLA",
		"provincia": "SA"
	}
	,
	{
		"codMec": "saic8au009",
		"tipo": "ISTITUTO COMPRENSIVO",
		"nome": "IST. CO. MONTESANO S/MARCELLANA",
		"indirizzo": "VIA R.MARGHERITA",
		"cap": "84033",
		"comune": "MONTESANO SULLA MARCELLANA",
		"provincia": "SA"
	}
	,
	{
		"codMec": "saee08400n",
		"tipo": "CIRCOLO DIDATTICO",
		"nome": "NOCERA INFERIORE I",
		"indirizzo": "VIA A. GRAMSCI, 21",
		"cap": "84014",
		"comune": "NOCERA INFERIORE",
		"provincia": "SA"
	}
	,
	{
		"codMec": "sarh02000x",
		"tipo": "IST PROF  ALBERGHIERO",
		"nome": "I.P.S.S.E.O.A. \"DOMENICO REA\"",
		"indirizzo": "VIA NAPOLI, 37",
		"cap": "84014",
		"comune": "NOCERA INFERIORE",
		"provincia": "SA"
	}
	,
	{
		"codMec": "saee086009",
		"tipo": "CIRCOLO DIDATTICO",
		"nome": "NOCERA INFERIORE III",
		"indirizzo": "VIA N.B.GRIMALDI",
		"cap": "84014",
		"comune": "NOCERA INFERIORE",
		"provincia": "SA"
	}
	,
	{
		"codMec": "saee087005",
		"tipo": "CIRCOLO DIDATTICO",
		"nome": "NOCERA INFERIORE IV",
		"indirizzo": "VIA DE CONCILIS, N 15",
		"cap": "84014",
		"comune": "NOCERA INFERIORE",
		"provincia": "SA"
	}
	,
	{
		"codMec": "saee08500d",
		"tipo": "CIRCOLO DIDATTICO",
		"nome": "NOCERA INFERIORE II",
		"indirizzo": "VIA URBULANA N. 116",
		"cap": "84014",
		"comune": "NOCERA INFERIORE",
		"provincia": "SA"
	}
	,
	{
		"codMec": "saps04000b",
		"tipo": "LICEO SCIENTIFICO",
		"nome": "\"N.SENSALE\"",
		"indirizzo": "VIA D\\'ALESSANDRO",
		"cap": "84014",
		"comune": "NOCERA INFERIORE",
		"provincia": "SA"
	}
	,
	{
		"codMec": "sapm01000l",
		"tipo": "ISTITUTO MAGISTRALE",
		"nome": "\"A.GALIZIA\"",
		"indirizzo": "VIA PETROSINI,1",
		"cap": "84014",
		"comune": "NOCERA INFERIORE",
		"provincia": "SA"
	}
	,
	{
		"codMec": "sais04100t",
		"tipo": "ISTITUTO SUPERIORE",
		"nome": "\"G. MARCONI\"",
		"indirizzo": "VIA  ATZORI, 174",
		"cap": "84014",
		"comune": "NOCERA INFERIORE",
		"provincia": "SA"
	}
	,
	{
		"codMec": "sais06300p",
		"tipo": "ISTITUTO SUPERIORE",
		"nome": "\"R. PUCCI\"",
		"indirizzo": "VIA GUIDO CUCCI, 101",
		"cap": "84014",
		"comune": "NOCERA INFERIORE",
		"provincia": "SA"
	}
	,
	{
		"codMec": "sais06800t",
		"tipo": "ISTITUTO SUPERIORE",
		"nome": "\"CUOMO - MILONE\"",
		"indirizzo": "VIA DEGLI OLIVETANI N.14",
		"cap": "84014",
		"comune": "NOCERA INFERIORE",
		"provincia": "SA"
	}
	,
	{
		"codMec": "samm12000e",
		"tipo": "SCUOLA PRIMO GRADO",
		"nome": "NOCERA INF. \"A.GENOVESI-I.ALPI\"",
		"indirizzo": "VIA S.PIETRO 10/14",
		"cap": "84014",
		"comune": "NOCERA INFERIORE",
		"provincia": "SA"
	}
	,
	{
		"codMec": "samm12100a",
		"tipo": "SCUOLA PRIMO GRADO",
		"nome": "\"SOLIMENA-DE LORENZO\"",
		"indirizzo": "VIA NOLA, 1",
		"cap": "84014",
		"comune": "NOCERA INFERIORE",
		"provincia": "SA"
	}
	,
	{
		"codMec": "sapc05000v",
		"tipo": "LICEO CLASSICO",
		"nome": "\"G. B. VICO\"",
		"indirizzo": "PIAZZA     CIANCIULLO 1",
		"cap": "84014",
		"comune": "NOCERA INFERIORE",
		"provincia": "SA"
	}
	,
	{
		"codMec": "samm28800n",
		"tipo": "SCUOLA PRIMO GRADO",
		"nome": "NOCERA SUPERIORE\"FRESA PASCOLI",
		"indirizzo": "VIALE  EUROPA  N.76",
		"cap": "84015",
		"comune": "NOCERA SUPERIORE",
		"provincia": "SA"
	}
	,
	{
		"codMec": "saee09100r",
		"tipo": "CIRCOLO DIDATTICO",
		"nome": "NOCERA SUPERIORE II",
		"indirizzo": "VIA  CROCE MALLONI",
		"cap": "84015",
		"comune": "NOCERA SUPERIORE",
		"provincia": "SA"
	}
	,
	{
		"codMec": "saic872009",
		"tipo": "ISTITUTO COMPRENSIVO",
		"nome": "IST.COMPR. POLLA",
		"indirizzo": "VIA A. ISOLDI, 1",
		"cap": "84035",
		"comune": "POLLA",
		"provincia": "SA"
	}
	,
	{
		"codMec": "saic8bq007",
		"tipo": "ISTITUTO COMPRENSIVO",
		"nome": "IST. COMPR. POLLICA \"G.PATRONI\"",
		"indirizzo": "VIA LOMBARDI, 52",
		"cap": "84068",
		"comune": "POLLICA",
		"provincia": "SA"
	}
	,
	{
		"codMec": "saic895002",
		"tipo": "ISTITUTO COMPRENSIVO",
		"nome": "IST.COMP.PONTECAGNANO S.ANTONIO",
		"indirizzo": "VIA SANDRO PERTINI",
		"cap": "84098",
		"comune": "PONTECAGNANO FAIANO",
		"provincia": "SA"
	}
	,
	{
		"codMec": "saic8bk008",
		"tipo": "ISTITUTO COMPRENSIVO",
		"nome": "I.C. \"PICENTIA\" - PONTECAGNANO",
		"indirizzo": "VIA      LIGURIA",
		"cap": "84098",
		"comune": "PONTECAGNANO FAIANO",
		"provincia": "SA"
	}
	,
	{
		"codMec": "saic88800v",
		"tipo": "ISTITUTO COMPRENSIVO",
		"nome": "IST.COMPR. PONTECAGNANO MOSCATI",
		"indirizzo": "VIA DELLA REPUBBLICA",
		"cap": "84098",
		"comune": "PONTECAGNANO FAIANO",
		"provincia": "SA"
	}
	,
	{
		"codMec": "saic873005",
		"tipo": "ISTITUTO COMPRENSIVO",
		"nome": "IST.COMPR. POSITANO \"L.PORZIO\"",
		"indirizzo": "VIA PASITEA 308",
		"cap": "84017",
		"comune": "POSITANO",
		"provincia": "SA"
	}
	,
	{
		"codMec": "saic823004",
		"tipo": "ISTITUTO COMPRENSIVO",
		"nome": "IST.COMPR. RAVELLO",
		"indirizzo": "VIA S. FRANCESCO  N.15",
		"cap": "84010",
		"comune": "RAVELLO",
		"provincia": "SA"
	}
	,
	{
		"codMec": "saic8ah00l",
		"tipo": "ISTITUTO COMPRENSIVO",
		"nome": "IST. COMPR. ROCCADASPIDE",
		"indirizzo": "PIAZZALE DELLA CIVILTA\\'",
		"cap": "84069",
		"comune": "ROCCADASPIDE",
		"provincia": "SA"
	}
	,
	{
		"codMec": "sais03600a",
		"tipo": "ISTITUTO SUPERIORE",
		"nome": "\"PARMENIDE\"",
		"indirizzo": "VIA PARMENIDE",
		"cap": "84069",
		"comune": "ROCCADASPIDE",
		"provincia": "SA"
	}
	,
	{
		"codMec": "saps18000p",
		"tipo": "LICEO SCIENTIFICO",
		"nome": "\"B. RESCIGNO\"",
		"indirizzo": "VIA VIVIANO, 3",
		"cap": "84086",
		"comune": "ROCCAPIEMONTE",
		"provincia": "SA"
	}
	,
	{
		"codMec": "saic8bd00x",
		"tipo": "ISTITUTO COMPRENSIVO",
		"nome": "I.C. VASSALLUZZO ROCCAPIEMONTE",
		"indirizzo": "VIA PIGNO 3",
		"cap": "84086",
		"comune": "ROCCAPIEMONTE",
		"provincia": "SA"
	}
	,
	{
		"codMec": "saic8am009",
		"tipo": "ISTITUTO COMPRENSIVO",
		"nome": "IST. COMPR. ROFRANO",
		"indirizzo": "VIA CANONICO RONSINI",
		"cap": "84070",
		"comune": "ROFRANO",
		"provincia": "SA"
	}
	,
	{
		"codMec": "saic89600t",
		"tipo": "ISTITUTO COMPRENSIVO",
		"nome": "IC SALA CONSILINA-VISCIGLIETE",
		"indirizzo": "VIA GUERRAZZI, 11",
		"cap": "84036",
		"comune": "SALA CONSILINA",
		"provincia": "SA"
	}
	,
	{
		"codMec": "sais01300n",
		"tipo": "ISTITUTO SUPERIORE",
		"nome": "MARCO TULLIO CICERONE",
		"indirizzo": "VIA        MATTEOTTI",
		"cap": "84036",
		"comune": "SALA CONSILINA",
		"provincia": "SA"
	}
	,
	{
		"codMec": "saic8aa00t",
		"tipo": "ISTITUTO COMPRENSIVO",
		"nome": "IST.COMP.SALA CONSILINA CAMERA",
		"indirizzo": "VIA MATTEOTTI SNC",
		"cap": "84036",
		"comune": "SALA CONSILINA",
		"provincia": "SA"
	}
	,
	{
		"codMec": "saee090001",
		"tipo": "CIRCOLO DIDATTICO",
		"nome": "NOCERA SUPERIORE I",
		"indirizzo": "VIA S. CLEMENTE",
		"cap": "84015",
		"comune": "NOCERA SUPERIORE",
		"provincia": "SA"
	}
	,
	{
		"codMec": "saic83200v",
		"tipo": "ISTITUTO COMPRENSIVO",
		"nome": "IST.COMPR. OGLIASTRO",
		"indirizzo": "VIA S.LEONARDO, 6",
		"cap": "84061",
		"comune": "OGLIASTRO CILENTO",
		"provincia": "SA"
	}
	,
	{
		"codMec": "saic86400a",
		"tipo": "ISTITUTO COMPRENSIVO",
		"nome": "IST.COMPR. OLEVANO S/T \"VINCI\"",
		"indirizzo": "VIA RISORGIMENTO, 17",
		"cap": "84062",
		"comune": "OLEVANO SUL TUSCIANO",
		"provincia": "SA"
	}
	,
	{
		"codMec": "saic81300d",
		"tipo": "ISTITUTO COMPRENSIVO",
		"nome": "IST.COMPR. OLIVETO CITRA",
		"indirizzo": "VIA  F. CAVALLOTTI       15",
		"cap": "84020",
		"comune": "OLIVETO CITRA",
		"provincia": "SA"
	}
	,
	{
		"codMec": "saic866002",
		"tipo": "ISTITUTO COMPRENSIVO",
		"nome": "IST.COMPR. OMIGNANO",
		"indirizzo": "VIA NAZIONALE S.N.",
		"cap": "84060",
		"comune": "OMIGNANO",
		"provincia": "SA"
	}
	,
	{
		"codMec": "saic86900d",
		"tipo": "ISTITUTO COMPRENSIVO",
		"nome": "IST.COMPR. PADULA",
		"indirizzo": "VIA DANTE ALIGHIERI  32",
		"cap": "84034",
		"comune": "PADULA",
		"provincia": "SA"
	}
	,
	{
		"codMec": "sarh03000e",
		"tipo": "IST PROF  ALBERGHIERO",
		"nome": "I.P.S.S.E.O.A. \"TEN. CC. MARCO PITTONI\"",
		"indirizzo": "VIA DE GASPERI , 302-304",
		"cap": "84016",
		"comune": "PAGANI",
		"provincia": "SA"
	}
	,
	{
		"codMec": "saee10400n",
		"tipo": "CIRCOLO DIDATTICO",
		"nome": "PAGANI III",
		"indirizzo": "VIA FILETTINE, 200",
		"cap": "84016",
		"comune": "PAGANI",
		"provincia": "SA"
	}
	,
	{
		"codMec": "saee102002",
		"tipo": "CIRCOLO DIDATTICO",
		"nome": "PAGANI I",
		"indirizzo": "C. SO E. PADOVANO",
		"cap": "84016",
		"comune": "PAGANI",
		"provincia": "SA"
	}
	,
	{
		"codMec": "saee10300t",
		"tipo": "CIRCOLO DIDATTICO",
		"nome": "PAGANI II \"DON MILANI\"",
		"indirizzo": "VIA A. CALIFANO",
		"cap": "84016",
		"comune": "PAGANI",
		"provincia": "SA"
	}
	,
	{
		"codMec": "saps08000t",
		"tipo": "LICEO SCIENTIFICO",
		"nome": "\"MONS. B. MANGINO\"",
		"indirizzo": "VIA GUIDO TRAMONTANO",
		"cap": "84016",
		"comune": "PAGANI",
		"provincia": "SA"
	}
	,
	{
		"codMec": "samm13400c",
		"tipo": "SCUOLA PRIMO GRADO",
		"nome": "PAGANI \"A. CRISCUOLO\"",
		"indirizzo": "VIA M. FERRANTE, 6",
		"cap": "84016",
		"comune": "PAGANI",
		"provincia": "SA"
	}
	,
	{
		"codMec": "saic8a5005",
		"tipo": "ISTITUTO COMPRENSIVO",
		"nome": "IST.COMPR. PAGANI S.ALFONSO",
		"indirizzo": "VIA TRENTO 21",
		"cap": "84016",
		"comune": "PAGANI",
		"provincia": "SA"
	}
	,
	{
		"codMec": "saic8bh007",
		"tipo": "ISTITUTO COMPRENSIVO",
		"nome": "IST.COMPR. PELLEZZANO",
		"indirizzo": "VIA N.RUSSO, 7",
		"cap": "84080",
		"comune": "PELLEZZANO",
		"provincia": "SA"
	}
	,
	{
		"codMec": "saic829003",
		"tipo": "ISTITUTO COMPRENSIVO",
		"nome": "IST.COMPR. PIAGGINE",
		"indirizzo": "C/SO EUROPA",
		"cap": "84065",
		"comune": "PIAGGINE",
		"provincia": "SA"
	}
	,
	{
		"codMec": "sais061003",
		"tipo": "ISTITUTO SUPERIORE",
		"nome": "\"GENOVESI - DA VINCI\"",
		"indirizzo": "VIA PRINCIPESSA SICHELGAITA, 12/A",
		"cap": "84125",
		"comune": "SALERNO",
		"provincia": "SA"
	}
	,
	{
		"codMec": "sais06900n",
		"tipo": "ISTITUTO SUPERIORE",
		"nome": "\"S.CATERINA DA SIENA - AMENDOLA\"",
		"indirizzo": "VIA LAZZARELLI",
		"cap": "84132",
		"comune": "SALERNO",
		"provincia": "SA"
	}
	,
	{
		"codMec": "samm17400v",
		"tipo": "SCUOLA PRIMO GRADO",
		"nome": "SALERNO \"MONTERISI\"",
		"indirizzo": "VIA        LORIA",
		"cap": "84129",
		"comune": "SALERNO",
		"provincia": "SA"
	}
	,
	{
		"codMec": "samm181002",
		"tipo": "SCUOLA PRIMO GRADO",
		"nome": "SALERNO \"T.TASSO\"",
		"indirizzo": "VIA        M. IANNICELLI",
		"cap": "84126",
		"comune": "SALERNO",
		"provincia": "SA"
	}
	,
	{
		"codMec": "samm33800d",
		"tipo": "SCUOLA PRIMO GRADO",
		"nome": "CPIA  SALERNO",
		"indirizzo": "VIA MONTICELLI",
		"cap": "84131",
		"comune": "SALERNO",
		"provincia": "SA"
	}
	,
	{
		"codMec": "sapc040008",
		"tipo": "LICEO CLASSICO",
		"nome": "\"F. DE SANCTIS\"",
		"indirizzo": "VIA TEN. UGO STANZIONE",
		"cap": "84133",
		"comune": "SALERNO",
		"provincia": "SA"
	}
	,
	{
		"codMec": "sapc12000x",
		"tipo": "LICEO CLASSICO",
		"nome": "\"T.TASSO\"",
		"indirizzo": "PIAZZA     SAN FRANCESCO,1",
		"cap": "84122",
		"comune": "SALERNO",
		"provincia": "SA"
	}
	,
	{
		"codMec": "sapm020007",
		"tipo": "ISTITUTO MAGISTRALE",
		"nome": "LICEO STATALE \"ALFANO I\"",
		"indirizzo": "VIA DEI MILLE, 43",
		"cap": "84132",
		"comune": "SALERNO",
		"provincia": "SA"
	}
	,
	{
		"codMec": "sapm050003",
		"tipo": "ISTITUTO MAGISTRALE",
		"nome": "LICEO STATALE REGINA MARGHERITA",
		"indirizzo": "VIA  GIOVANNI CUOMO, 6",
		"cap": "84122",
		"comune": "SALERNO",
		"provincia": "SA"
	}
	,
	{
		"codMec": "saps020006",
		"tipo": "LICEO SCIENTIFICO",
		"nome": "\"G. DA PROCIDA\"",
		"indirizzo": "VIA GAETANO DE FALCO 2 SALERNO",
		"cap": "84126",
		"comune": "SALERNO",
		"provincia": "SA"
	}
	,
	{
		"codMec": "saps06000l",
		"tipo": "LICEO SCIENTIFICO",
		"nome": "\"F. SEVERI\"",
		"indirizzo": "VIA G.D\\'ANNUNZIO",
		"cap": "84131",
		"comune": "SALERNO",
		"provincia": "SA"
	}
	,
	{
		"codMec": "sara010005",
		"tipo": "IST  PROF  PER L\\'AGRICOLTURA",
		"nome": "I.P.S.A.S.R. SALERNO",
		"indirizzo": "VIA DELLE CALABRIE, 63",
		"cap": "84131",
		"comune": "SALERNO",
		"provincia": "SA"
	}
	,
	{
		"codMec": "sarh010009",
		"tipo": "IST PROF  ALBERGHIERO",
		"nome": "\"R.  VIRTUOSO\"",
		"indirizzo": "VIA  SALVATORE CALENDA 6",
		"cap": "84126",
		"comune": "SALERNO",
		"provincia": "SA"
	}
	,
	{
		"codMec": "sarh110006",
		"tipo": "IST PROF  ALBERGHIERO",
		"nome": "IPSEOA ANNESSO CONVITTO NAZIONALE",
		"indirizzo": "PIAZZA ABATE CONFORTI 22",
		"cap": "84121",
		"comune": "SALERNO",
		"provincia": "SA"
	}
	,
	{
		"codMec": "sasl040008",
		"tipo": "LICEO ARTISTICO",
		"nome": "\"SABATINI-MENNA\"",
		"indirizzo": "VIA PIO XI, 45",
		"cap": "84125",
		"comune": "SALERNO",
		"provincia": "SA"
	}
	,
	{
		"codMec": "satf06000p",
		"tipo": "ISTITUTO TECNICO INDUSTRIALE",
		"nome": "\"B. FOCACCIA\"",
		"indirizzo": "VIA MONTICELLI, 1",
		"cap": "84131",
		"comune": "SALERNO",
		"provincia": "SA"
	}
	,
	{
		"codMec": "saic87700c",
		"tipo": "ISTITUTO COMPRENSIVO",
		"nome": "IST.COMPR. S.CIPRIANO PICENTINO",
		"indirizzo": "VIA D.AMATO,2",
		"cap": "84099",
		"comune": "SAN CIPRIANO PICENTINO",
		"provincia": "SA"
	}
	,
	{
		"codMec": "saic815005",
		"tipo": "ISTITUTO COMPRENSIVO",
		"nome": "IST.COMPR. SAN GIOVANNI A PIRO",
		"indirizzo": "\"TEODORO GAZA\" VIA CENOBIO 4B",
		"cap": "84070",
		"comune": "SAN GIOVANNI A PIRO",
		"provincia": "SA"
	}
	,
	{
		"codMec": "saic807006",
		"tipo": "ISTITUTO COMPRENSIVO",
		"nome": "IST.COMPR. SAN GREGORIO MAGNO",
		"indirizzo": "VIA GENERALE LORDI",
		"cap": "84020",
		"comune": "SAN GREGORIO MAGNO",
		"provincia": "SA"
	}
	,
	{
		"codMec": "saic8a900c",
		"tipo": "ISTITUTO COMPRENSIVO",
		"nome": "IST.COMPR. S. MARZANO SUL SARNO",
		"indirizzo": "PIAZZA AMENDOLA N. 1",
		"cap": "84010",
		"comune": "SAN MARZANO SUL SARNO",
		"provincia": "SA"
	}
	,
	{
		"codMec": "saic899009",
		"tipo": "ISTITUTO COMPRENSIVO",
		"nome": "IST.COMPR.  S. VALENTINO TORIO",
		"indirizzo": "VIA SOTTOSANTI 1",
		"cap": "84010",
		"comune": "SAN VALENTINO TORIO",
		"provincia": "SA"
	}
	,
	{
		"codMec": "saic87100d",
		"tipo": "ISTITUTO COMPRENSIVO",
		"nome": "IST.COMPR. SANT\\'ARSENIO",
		"indirizzo": "VIA MONS. SACCO",
		"cap": "84037",
		"comune": "SANT\\'ARSENIO",
		"provincia": "SA"
	}
	,
	{
		"codMec": "sais02100l",
		"tipo": "ISTITUTO SUPERIORE",
		"nome": "A. SACCO",
		"indirizzo": "VIA   G. FLORENZANO,4",
		"cap": "84037",
		"comune": "SANT\\'ARSENIO",
		"provincia": "SA"
	}
	,
	{
		"codMec": "saic8ba00c",
		"tipo": "ISTITUTO COMPRENSIVO",
		"nome": "IST.COMPR.\"EDUARDO DE FILIPPO\"",
		"indirizzo": "VIA G.LEOPARDI,1",
		"cap": "84010",
		"comune": "SANT\\'EGIDIO DEL MONTE ALBINO",
		"provincia": "SA"
	}
	,
	{
		"codMec": "saic878008",
		"tipo": "ISTITUTO COMPRENSIVO",
		"nome": "IST.COMPR. SAPRI \"SANTA CROCE\"",
		"indirizzo": "VIA KENNEDY",
		"cap": "84073",
		"comune": "SAPRI",
		"provincia": "SA"
	}
	,
	{
		"codMec": "sais037006",
		"tipo": "ISTITUTO SUPERIORE",
		"nome": "\"LEONARDO DA VINCI\"",
		"indirizzo": "VIA        KENNEDY, 45",
		"cap": "84073",
		"comune": "SAPRI",
		"provincia": "SA"
	}
	,
	{
		"codMec": "sais011002",
		"tipo": "ISTITUTO SUPERIORE",
		"nome": "\"C.PISACANE\"",
		"indirizzo": "VIA GAETANI. 9",
		"cap": "84073",
		"comune": "SAPRI",
		"provincia": "SA"
	}
	,
	{
		"codMec": "saic880008",
		"tipo": "ISTITUTO COMPRENSIVO",
		"nome": "IST.COMPR. SAPRI \"ALIGHIERI\"",
		"indirizzo": "VIA B. MERCADANTE, 03",
		"cap": "84073",
		"comune": "SAPRI",
		"provincia": "SA"
	}
	,
	{
		"codMec": "saee158002",
		"tipo": "CIRCOLO DIDATTICO",
		"nome": "SARNO II",
		"indirizzo": "VIA PIOPPAZZE SNC",
		"cap": "84087",
		"comune": "SARNO",
		"provincia": "SA"
	}
	,
	{
		"codMec": "saee15900t",
		"tipo": "CIRCOLO DIDATTICO",
		"nome": "SARNO III",
		"indirizzo": "VIA SARNO PALMA TRAV. CAMPO SPORTIVO",
		"cap": "84087",
		"comune": "SARNO",
		"provincia": "SA"
	}
	,
	{
		"codMec": "sapc10000p",
		"tipo": "LICEO CLASSICO",
		"nome": "\"T.L.CARO\"",
		"indirizzo": "VIA ROMA 152",
		"cap": "84087",
		"comune": "SARNO",
		"provincia": "SA"
	}
	,
	{
		"codMec": "saic8bb008",
		"tipo": "ISTITUTO COMPRENSIVO",
		"nome": "IST.C. SARNO DE AMICIS BACCELLI",
		"indirizzo": "VIA G. MATTEOTTI 51-53",
		"cap": "84087",
		"comune": "SARNO",
		"provincia": "SA"
	}
	,
	{
		"codMec": "samm28200p",
		"tipo": "SCUOLA PRIMO GRADO",
		"nome": "SARNO \"AMENDOLA\"",
		"indirizzo": "VIA        ROMA",
		"cap": "84087",
		"comune": "SARNO",
		"provincia": "SA"
	}
	,
	{
		"codMec": "sais052008",
		"tipo": "ISTITUTO SUPERIORE",
		"nome": "\"E.FERMI\"",
		"indirizzo": "VIA        ROMA 151",
		"cap": "84087",
		"comune": "SARNO",
		"provincia": "SA"
	}
	,
	{
		"codMec": "saic881004",
		"tipo": "ISTITUTO COMPRENSIVO",
		"nome": "IST.COMPR. SASSANO",
		"indirizzo": "VIA        ROMA",
		"cap": "84038",
		"comune": "SASSANO",
		"provincia": "SA"
	}
	,
	{
		"codMec": "saic88300q",
		"tipo": "ISTITUTO COMPRENSIVO",
		"nome": "IST.COMPR. SCAFATI \"ANARDI\"",
		"indirizzo": "VIA        P. MELCHIADE  N. 6",
		"cap": "84018",
		"comune": "SCAFATI",
		"provincia": "SA"
	}
	,
	{
		"codMec": "saic88200x",
		"tipo": "ISTITUTO COMPRENSIVO",
		"nome": "I. C. \"CAN. SAMUELE FALCO\"",
		"indirizzo": "C.SO TRIESTE 324",
		"cap": "84018",
		"comune": "SCAFATI",
		"provincia": "SA"
	}
	,
	{
		"codMec": "saee165005",
		"tipo": "CIRCOLO DIDATTICO",
		"nome": "SCAFATI IV",
		"indirizzo": "VIA MARTIRI D\\'UNGHERIA TRAV. BANDIERA",
		"cap": "84018",
		"comune": "SCAFATI",
		"provincia": "SA"
	}
	,
	{
		"codMec": "saee16300d",
		"tipo": "CIRCOLO DIDATTICO",
		"nome": "SCAFATI III",
		"indirizzo": "VIA GIOVANNI XXIII N. 62",
		"cap": "84018",
		"comune": "SCAFATI",
		"provincia": "SA"
	}
	,
	{
		"codMec": "saee16200n",
		"tipo": "CIRCOLO DIDATTICO",
		"nome": "II CIRCOLO DIDATTICO",
		"indirizzo": "VIA NAZARIO SAURO, 17",
		"cap": "84018",
		"comune": "SCAFATI",
		"provincia": "SA"
	}
	,
	{
		"codMec": "saee16100t",
		"tipo": "CIRCOLO DIDATTICO",
		"nome": "SCAFATI I",
		"indirizzo": "VIA S. ANTONIO ABATE",
		"cap": "84018",
		"comune": "SCAFATI",
		"provincia": "SA"
	}
	,
	{
		"codMec": "saps15000v",
		"tipo": "LICEO SCIENTIFICO",
		"nome": "\"R. CACCIOPPOLI\"",
		"indirizzo": "VIA DOMENICO VELLECA, 56",
		"cap": "84018",
		"comune": "SCAFATI",
		"provincia": "SA"
	}
	,
	{
		"codMec": "satf04000d",
		"tipo": "ISTITUTO TECNICO INDUSTRIALE",
		"nome": "\"A. PACINOTTI\"",
		"indirizzo": "VIA DON ANGELO PAGANO, 1",
		"cap": "84018",
		"comune": "SCAFATI",
		"provincia": "SA"
	}
	,
	{
		"codMec": "samm222003",
		"tipo": "SCUOLA PRIMO GRADO",
		"nome": "SCAFATI-VIA MARTIRI D\\'UNGHERIA",
		"indirizzo": "VIA  MARTIRI D\\'UNGHERIA",
		"cap": "84018",
		"comune": "SCAFATI",
		"provincia": "SA"
	}
	,
	{
		"codMec": "saic8bm00x",
		"tipo": "ISTITUTO COMPRENSIVO",
		"nome": "IST.COMPR. SERRE",
		"indirizzo": "VIA XX SETTEMBRE, 1",
		"cap": "84028",
		"comune": "SERRE",
		"provincia": "SA"
	}
	,
	{
		"codMec": "saic89800d",
		"tipo": "ISTITUTO COMPRENSIVO",
		"nome": "IST.COMPR.  SIANO",
		"indirizzo": "VIA SPINELLI",
		"cap": "84088",
		"comune": "SIANO",
		"provincia": "SA"
	}
	,
	{
		"codMec": "saic8ag00r",
		"tipo": "ISTITUTO COMPRENSIVO",
		"nome": "IST. COMPR. SICIGNANO ALBURNI",
		"indirizzo": "VIA MARIO PAGANO",
		"cap": "84029",
		"comune": "SICIGNANO DEGLI ALBURNI",
		"provincia": "SA"
	}
	,
	{
		"codMec": "saic89700n",
		"tipo": "ISTITUTO COMPRENSIVO",
		"nome": "IST.COMPR. TEGGIANO",
		"indirizzo": "VIA SANT\\'ANTUONO",
		"cap": "84039",
		"comune": "TEGGIANO",
		"provincia": "SA"
	}
	,
	{
		"codMec": "sais02600q",
		"tipo": "ISTITUTO SUPERIORE",
		"nome": "P.LETO",
		"indirizzo": "VIA SAN BIAGIO, 1",
		"cap": "84039",
		"comune": "TEGGIANO",
		"provincia": "SA"
	}
	,
	{
		"codMec": "saic816001",
		"tipo": "ISTITUTO COMPRENSIVO",
		"nome": "IST.COMPR. TORRE ORSAIA",
		"indirizzo": "VIA ROMA, 38",
		"cap": "84077",
		"comune": "TORRE ORSAIA",
		"provincia": "SA"
	}
	,
	{
		"codMec": "saic81100t",
		"tipo": "ISTITUTO COMPRENSIVO",
		"nome": "IST.COMPR. TRAMONTI",
		"indirizzo": "VIA ORSINI - POLVICA",
		"cap": "84010",
		"comune": "TRAMONTI",
		"provincia": "SA"
	}
	,
	{
		"codMec": "saee178007",
		"tipo": "CIRCOLO DIDATTICO",
		"nome": "VALLO DELLA LUCANIA",
		"indirizzo": "P.ZZA DEI MARTIRI",
		"cap": "84078",
		"comune": "VALLO DELLA LUCANIA",
		"provincia": "SA"
	}
	,
	{
		"codMec": "saic8bl004",
		"tipo": "ISTITUTO COMPRENSIVO",
		"nome": "I.C. VALLO LUCANIA - NOVI VELIA",
		"indirizzo": "VIA OTTAVIO DE MARSILIO,18",
		"cap": "84078",
		"comune": "VALLO DELLA LUCANIA",
		"provincia": "SA"
	}
	,
	{
		"codMec": "sais06400e",
		"tipo": "ISTITUTO SUPERIORE",
		"nome": "IST.SUP.\"CENNI-MARCONI\"",
		"indirizzo": "VIA        PINTO",
		"cap": "84078",
		"comune": "VALLO DELLA LUCANIA",
		"provincia": "SA"
	}
	,
	{
		"codMec": "saps10000t",
		"tipo": "LICEO SCIENTIFICO",
		"nome": "\"L. DA VINCI\"",
		"indirizzo": "VIA ZACCARIA PINTO N. 1",
		"cap": "84078",
		"comune": "VALLO DELLA LUCANIA",
		"provincia": "SA"
	}
	,
	{
		"codMec": "sais01200t",
		"tipo": "ISTITUTO SUPERIORE",
		"nome": "\"PARMENIDE\"",
		"indirizzo": "VIA        RINALDI,1",
		"cap": "84078",
		"comune": "VALLO DELLA LUCANIA",
		"provincia": "SA"
	}
	,
	{
		"codMec": "saic858003",
		"tipo": "ISTITUTO COMPRENSIVO",
		"nome": "IST. COMPR. VIETRI SUL MARE",
		"indirizzo": "VIA COSTIERA AMALFITANA, 1",
		"cap": "84019",
		"comune": "VIETRI SUL MARE",
		"provincia": "SA"
	}
	,
	{
		"codMec": "saee180007",
		"tipo": "CIRCOLO DIDATTICO",
		"nome": "VIETRI SUL MARE",
		"indirizzo": "VIA MAZZINI",
		"cap": "84019",
		"comune": "VIETRI SUL MARE",
		"provincia": "SA"
	}
	,
	{
		"codMec": "savc01000q",
		"tipo": "CONVITTO ANNESSO",
		"nome": "CONVITTO NAZIONALE \"T.TASSO\" SALERNO",
		"indirizzo": "PIAZZA ABATE CONFORTI, 22",
		"cap": "84121",
		"comune": "SALERNO",
		"provincia": "SA"
	}
	,
	{
		"codMec": "saee129002",
		"tipo": "CIRCOLO DIDATTICO",
		"nome": "SALERNO IV - MARI",
		"indirizzo": "PIAZZA TRUCILLO 22",
		"cap": "84127",
		"comune": "SALERNO",
		"provincia": "SA"
	}
	,
	{
		"codMec": "saee131002",
		"tipo": "CIRCOLO DIDATTICO",
		"nome": "SALERNO VI - MEDAGLIE D\\'ORO",
		"indirizzo": "VIA P. VOCCA 12",
		"cap": "84126",
		"comune": "SALERNO",
		"provincia": "SA"
	}
	,
	{
		"codMec": "saee13300n",
		"tipo": "CIRCOLO DIDATTICO",
		"nome": "SALERNO VIII - DON MILANI",
		"indirizzo": "VIA BELISARIO CORENZIO, 46",
		"cap": "84129",
		"comune": "SALERNO",
		"provincia": "SA"
	}
	,
	{
		"codMec": "saic81800l",
		"tipo": "ISTITUTO COMPRENSIVO",
		"nome": "IST.COMPR. SALERNO V \"OGLIARA\"",
		"indirizzo": "VIA OGLIARA",
		"cap": "84135",
		"comune": "SALERNO",
		"provincia": "SA"
	}
	,
	{
		"codMec": "saic89100p",
		"tipo": "ISTITUTO COMPRENSIVO",
		"nome": "IST.COMPR. SALERNO-FRATTE S.TOM",
		"indirizzo": "VIA NICOLA BUONSERVIZI, 21",
		"cap": "84135",
		"comune": "SALERNO",
		"provincia": "SA"
	}
	,
	{
		"codMec": "saic89300a",
		"tipo": "ISTITUTO COMPRENSIVO",
		"nome": "IC SALERNO \"ALFANO - QUASIMODO\"",
		"indirizzo": "VIA DEI MILLE, 41",
		"cap": "84132",
		"comune": "SALERNO",
		"provincia": "SA"
	}
	,
	{
		"codMec": "saic8a6001",
		"tipo": "ISTITUTO COMPRENSIVO",
		"nome": "I.C. SALERNO GIOVANNI PAOLO II",
		"indirizzo": "VIA PADULA N?2",
		"cap": "84134",
		"comune": "SALERNO",
		"provincia": "SA"
	}
	,
	{
		"codMec": "saic8a700r",
		"tipo": "ISTITUTO COMPRENSIVO",
		"nome": "IST.COMPR. SALERNO G. BARRA",
		"indirizzo": "LUNGOMARE TRIESTE 17",
		"cap": "84123",
		"comune": "SALERNO",
		"provincia": "SA"
	}
	,
	{
		"codMec": "saic8a800l",
		"tipo": "ISTITUTO COMPRENSIVO",
		"nome": "IST.COMPR. SALERNO VICINANZA",
		"indirizzo": "C.SO VITTORIO EMANUELE 153",
		"cap": "84122",
		"comune": "SALERNO",
		"provincia": "SA"
	}
	,
	{
		"codMec": "saic8ab00n",
		"tipo": "ISTITUTO COMPRENSIVO",
		"nome": "I.C. RITA LEVI-MONTALCINI",
		"indirizzo": "VIA PICENZA 30",
		"cap": "84131",
		"comune": "SALERNO",
		"provincia": "SA"
	}
	,
	{
		"codMec": "saic8ac00d",
		"tipo": "ISTITUTO COMPRENSIVO",
		"nome": "IST.COMPR. SALERNO CALCEDONIA",
		"indirizzo": "VIA A. GUGLIELMINI 23",
		"cap": "84134",
		"comune": "SALERNO",
		"provincia": "SA"
	}
	,
	{
		"codMec": "sais00600e",
		"tipo": "ISTITUTO SUPERIORE",
		"nome": "GIOVANNI XXIII",
		"indirizzo": "VIA E. MOSCATI N.4",
		"cap": "84134",
		"comune": "SALERNO",
		"provincia": "SA"
	}
	,
	{
		"codMec": "sais046001",
		"tipo": "ISTITUTO SUPERIORE",
		"nome": "\"G. GALILEI\"",
		"indirizzo": "VIA FILIPPO SMALDONE",
		"cap": "84129",
		"comune": "SALERNO",
		"provincia": "SA"
	}
	,
	{
		"codMec": "sais04700r",
		"tipo": "ISTITUTO SUPERIORE",
		"nome": "\"F. TRANI\"",
		"indirizzo": "VIA  M. IANNICELLI, 4",
		"cap": "84126",
		"comune": "SALERNO",
		"provincia": "SA"
	}
]