[
	{
		"codMec": "siic81500v",
		"tipo": "ISTITUTO COMPRENSIVO",
		"nome": "LEONARDO DA VINCI",
		"indirizzo": "VIA HAMMAN, 100",
		"cap": "53021",
		"comune": "ABBADIA SAN SALVATORE",
		"provincia": "SI"
	}
	,
	{
		"codMec": "sitf05000t",
		"tipo": "ISTITUTO TECNICO INDUSTRIALE",
		"nome": "AVOGADRO",
		"indirizzo": "VIA        CASE NUOVE, 27",
		"cap": "53021",
		"comune": "ABBADIA SAN SALVATORE",
		"provincia": "SI"
	}
	,
	{
		"codMec": "siic814003",
		"tipo": "ISTITUTO COMPRENSIVO",
		"nome": "IC \"SANDRO PERTINI\"",
		"indirizzo": "VIA ACHILLE GRANDI  N. 35",
		"cap": "53041",
		"comune": "ASCIANO",
		"provincia": "SI"
	}
	,
	{
		"codMec": "siic80900g",
		"tipo": "ISTITUTO COMPRENSIVO",
		"nome": "GIOVANNI PAPINI",
		"indirizzo": "VIA DELLE CRETE SENESI N 22 CASTELNUO",
		"cap": "53019",
		"comune": "CASTELNUOVO BERARDENGA",
		"provincia": "SI"
	}
	,
	{
		"codMec": "siic813007",
		"tipo": "ISTITUTO COMPRENSIVO",
		"nome": "IC CETONA",
		"indirizzo": "VIA MARTIRI DELLA LIBERTA\\'  N. 4  -",
		"cap": "53040",
		"comune": "CETONA",
		"provincia": "SI"
	}
	,
	{
		"codMec": "sirh030008",
		"tipo": "IST PROF  ALBERGHIERO",
		"nome": "PELLEGRINO  ARTUSI",
		"indirizzo": "VIA  DEL MORELLONE, 1",
		"cap": "53042",
		"comune": "CHIANCIANO TERME",
		"provincia": "SI"
	}
	,
	{
		"codMec": "siic819006",
		"tipo": "ISTITUTO COMPRENSIVO",
		"nome": "FEDERIGO TOZZI - CHIANCIANO T.",
		"indirizzo": "VIALE  DANTE  N. 35",
		"cap": "53042",
		"comune": "CHIANCIANO TERME",
		"provincia": "SI"
	}
	,
	{
		"codMec": "siis007004",
		"tipo": "ISTITUTO SUPERIORE",
		"nome": "I.I.S. DELLA VALDICHIANA",
		"indirizzo": "VIA S.STEFANO,44",
		"cap": "53043",
		"comune": "CHIUSI",
		"provincia": "SI"
	}
	,
	{
		"codMec": "siic81800a",
		"tipo": "ISTITUTO COMPRENSIVO",
		"nome": "I. C. \"GRAZIANO DA CHIUSI\"",
		"indirizzo": "VIA ASCANIO DEI,  N. 30",
		"cap": "53043",
		"comune": "CHIUSI",
		"provincia": "SI"
	}
	,
	{
		"codMec": "siee01100n",
		"tipo": "CIRCOLO DIDATTICO",
		"nome": "I CIRCOLO COLLE DI VAL D\\'ELSA",
		"indirizzo": "VIA XXV APRILE 7",
		"cap": "53034",
		"comune": "COLLE DI VAL D\\'ELSA",
		"provincia": "SI"
	}
	,
	{
		"codMec": "siee01200d",
		"tipo": "CIRCOLO DIDATTICO",
		"nome": "CD II CIRC. COLLE DI VAL D ELSA",
		"indirizzo": "PIAZZA DUOMO  N.  1A",
		"cap": "53034",
		"comune": "COLLE DI VAL D\\'ELSA",
		"provincia": "SI"
	}
	,
	{
		"codMec": "sips010009",
		"tipo": "LICEO SCIENTIFICO",
		"nome": "LS A. VOLTA",
		"indirizzo": "VIA        DEI MILLE N.10/12",
		"cap": "53034",
		"comune": "COLLE DI VAL D\\'ELSA",
		"provincia": "SI"
	}
	,
	{
		"codMec": "simm022003",
		"tipo": "SCUOLA PRIMO GRADO",
		"nome": "ARNOLFO DI CAMBIO",
		"indirizzo": "VIA        VOLTERRANA       N. 2",
		"cap": "53034",
		"comune": "COLLE DI VAL D\\'ELSA",
		"provincia": "SI"
	}
	,
	{
		"codMec": "siis00300r",
		"tipo": "ISTITUTO SUPERIORE",
		"nome": "S. GIOVANNI BOSCO",
		"indirizzo": "VIALE DEI MILLE 12/A",
		"cap": "53034",
		"comune": "COLLE DI VAL D\\'ELSA",
		"provincia": "SI"
	}
	,
	{
		"codMec": "siic81100g",
		"tipo": "ISTITUTO COMPRENSIVO",
		"nome": "IC INSIEME",
		"indirizzo": "VIA LAPINI  N. 2",
		"cap": "53024",
		"comune": "MONTALCINO",
		"provincia": "SI"
	}
	,
	{
		"codMec": "sips03000e",
		"tipo": "LICEO SCIENTIFICO",
		"nome": "GALILEO GALILEI",
		"indirizzo": "VIA C. BATTISTI 13",
		"cap": "53100",
		"comune": "SIENA",
		"provincia": "SI"
	}
	,
	{
		"codMec": "siis002001",
		"tipo": "ISTITUTO SUPERIORE",
		"nome": "IIS E.S.PICCOLOMINI",
		"indirizzo": "PIAZZA     S. AGOSTINO 2",
		"cap": "53100",
		"comune": "SIENA",
		"provincia": "SI"
	}
	,
	{
		"codMec": "siic82500d",
		"tipo": "ISTITUTO COMPRENSIVO",
		"nome": "N. 5 - PIER ANDREA MATTIOLI",
		"indirizzo": "VIA NAZARIO SAURO  N. 3",
		"cap": "53100",
		"comune": "SIENA",
		"provincia": "SI"
	}
	,
	{
		"codMec": "siic82400n",
		"tipo": "ISTITUTO COMPRENSIVO",
		"nome": "N. 1 - JACOPO DELLA QUERCIA",
		"indirizzo": "VIA ROMA 61",
		"cap": "53100",
		"comune": "SIENA",
		"provincia": "SI"
	}
	,
	{
		"codMec": "siic82300t",
		"tipo": "ISTITUTO COMPRENSIVO",
		"nome": "N.2 - SAN BERNARDINO DA SIENA",
		"indirizzo": "VIA P.A. MATTIOLI, 6",
		"cap": "53100",
		"comune": "SIENA",
		"provincia": "SI"
	}
	,
	{
		"codMec": "siic81600p",
		"tipo": "ISTITUTO COMPRENSIVO",
		"nome": "N.3 - CECCO ANGIOLIERI",
		"indirizzo": "VIALE AVIGNONE 10",
		"cap": "53100",
		"comune": "SIENA",
		"provincia": "SI"
	}
	,
	{
		"codMec": "siic81700e",
		"tipo": "ISTITUTO COMPRENSIVO",
		"nome": "N.4 - FEDERIGO TOZZI - SIENA",
		"indirizzo": "STRADA PETRICCIO E BELRIGUARDO, 57",
		"cap": "53100",
		"comune": "SIENA",
		"provincia": "SI"
	}
	,
	{
		"codMec": "siic805008",
		"tipo": "ISTITUTO COMPRENSIVO",
		"nome": "JOHN LENNON",
		"indirizzo": "VIA VASARI  N. 5",
		"cap": "53048",
		"comune": "SINALUNGA",
		"provincia": "SI"
	}
	,
	{
		"codMec": "siic80700x",
		"tipo": "ISTITUTO COMPRENSIVO",
		"nome": "ISTITUTO COMPRENSIVO LORENZETTI",
		"indirizzo": "VIA DELLA MURATA  12",
		"cap": "53018",
		"comune": "SOVICILLE",
		"provincia": "SI"
	}
	,
	{
		"codMec": "siic80400c",
		"tipo": "ISTITUTO COMPRENSIVO",
		"nome": "IC \"G. PARINI\"",
		"indirizzo": "VIA A.MEUCCI, 21",
		"cap": "53049",
		"comune": "TORRITA DI SIENA",
		"provincia": "SI"
	}
	,
	{
		"codMec": "siic821006",
		"tipo": "ISTITUTO COMPRENSIVO",
		"nome": "IRIS ORIGO - AREA SUD",
		"indirizzo": "VIALE I MAGGIO  N. 9",
		"cap": "53045",
		"comune": "MONTEPULCIANO",
		"provincia": "SI"
	}
	,
	{
		"codMec": "siic82000a",
		"tipo": "ISTITUTO COMPRENSIVO",
		"nome": "IST. COMPRENSIVO \"VIRGILIO\"",
		"indirizzo": "VIA VIRGILIO, 7",
		"cap": "53045",
		"comune": "MONTEPULCIANO",
		"provincia": "SI"
	}
	,
	{
		"codMec": "siis001005",
		"tipo": "ISTITUTO SUPERIORE",
		"nome": "A. POLIZIANO",
		"indirizzo": "VIA        SAN MARTINO N. 14/B",
		"cap": "53045",
		"comune": "MONTEPULCIANO",
		"provincia": "SI"
	}
	,
	{
		"codMec": "siic81200b",
		"tipo": "ISTITUTO COMPRENSIVO",
		"nome": "MONTERIGGIONI",
		"indirizzo": "PIAZZA EUROPA N. 1",
		"cap": "53035",
		"comune": "MONTERIGGIONI",
		"provincia": "SI"
	}
	,
	{
		"codMec": "siic80800q",
		"tipo": "ISTITUTO COMPRENSIVO",
		"nome": "RENATO FUCINI",
		"indirizzo": "VIALE      DELLE RIMEMBRANZE, 127",
		"cap": "53014",
		"comune": "MONTERONI D\\'ARBIA",
		"provincia": "SI"
	}
	,
	{
		"codMec": "siic81000q",
		"tipo": "ISTITUTO COMPRENSIVO",
		"nome": "PIANCASTAGNAIO",
		"indirizzo": "VIALE VESPA N 57B",
		"cap": "53025",
		"comune": "PIANCASTAGNAIO",
		"provincia": "SI"
	}
	,
	{
		"codMec": "siic822002",
		"tipo": "ISTITUTO COMPRENSIVO",
		"nome": "I.C. N. 1 POGGIBONSI",
		"indirizzo": "VIA GARIBALDI 30/32",
		"cap": "53036",
		"comune": "POGGIBONSI",
		"provincia": "SI"
	}
	,
	{
		"codMec": "simm050007",
		"tipo": "SCUOLA PRIMO GRADO",
		"nome": "CPIA 1  SIENA",
		"indirizzo": "VIA GARIBALDI 30",
		"cap": "53036",
		"comune": "POGGIBONSI",
		"provincia": "SI"
	}
	,
	{
		"codMec": "siis00800x",
		"tipo": "ISTITUTO SUPERIORE",
		"nome": "I.I.S. \"RONCALLI\"",
		"indirizzo": "VIA        SENESE, 230",
		"cap": "53036",
		"comune": "POGGIBONSI",
		"provincia": "SI"
	}
	,
	{
		"codMec": "siic826009",
		"tipo": "ISTITUTO COMPRENSIVO",
		"nome": "N. 2 - POGGIBONSI",
		"indirizzo": "VIA ALDO MORO, 3",
		"cap": "53036",
		"comune": "POGGIBONSI",
		"provincia": "SI"
	}
	,
	{
		"codMec": "siic806004",
		"tipo": "ISTITUTO COMPRENSIVO",
		"nome": "IC \"FOLGORE DA SAN GIMIGNANO\"",
		"indirizzo": "VIA DELFO GIACHI, 1",
		"cap": "53037",
		"comune": "SAN GIMIGNANO",
		"provincia": "SI"
	}
	,
	{
		"codMec": "sitf020002",
		"tipo": "ISTITUTO TECNICO INDUSTRIALE",
		"nome": "TITO SARROCCHI",
		"indirizzo": "VIA CARLO PISACANE, 3",
		"cap": "53100",
		"comune": "SIENA",
		"provincia": "SI"
	}
	,
	{
		"codMec": "siis01100q",
		"tipo": "ISTITUTO SUPERIORE",
		"nome": "S. BANDINI",
		"indirizzo": "VIA        CESARE  BATTISTI  11",
		"cap": "53100",
		"comune": "SIENA",
		"provincia": "SI"
	}
	,
	{
		"codMec": "siis00900q",
		"tipo": "ISTITUTO SUPERIORE",
		"nome": "RICASOLI",
		"indirizzo": "VIA SCACCIAPENSIERI 8",
		"cap": "53100",
		"comune": "SIENA",
		"provincia": "SI"
	}
	,
	{
		"codMec": "siis00400l",
		"tipo": "ISTITUTO SUPERIORE",
		"nome": "IS \"CASELLI\"",
		"indirizzo": "VIA        ROMA 67",
		"cap": "53100",
		"comune": "SIENA",
		"provincia": "SI"
	}
]