[
	{
		"codMec": "spic81000v",
		"tipo": "ISTITUTO COMPRENSIVO",
		"nome": "ISA 18 -  I.C. ARCOLA/AMEGLIA",
		"indirizzo": "VIA PORCAREDA",
		"cap": "19021",
		"comune": "ARCOLA",
		"provincia": "SP"
	}
	,
	{
		"codMec": "spic80400g",
		"tipo": "ISTITUTO COMPRENSIVO",
		"nome": "ISA 20 - IC BOLANO",
		"indirizzo": "VIA DEI CASTAGNI, 10",
		"cap": "19020",
		"comune": "BOLANO",
		"provincia": "SP"
	}
	,
	{
		"codMec": "spic81200e",
		"tipo": "ISTITUTO COMPRENSIVO",
		"nome": "ISA 17 - I.C. CASTELNUOVO MAGRA",
		"indirizzo": "VIA PALVOTRISIA 99",
		"cap": "19033",
		"comune": "CASTELNUOVO MAGRA",
		"provincia": "SP"
	}
	,
	{
		"codMec": "spic80800v",
		"tipo": "ISTITUTO COMPRENSIVO",
		"nome": "ISA 21 - I.C. FOLLO",
		"indirizzo": "VIA        COLOMBO,11",
		"cap": "19020",
		"comune": "FOLLO",
		"provincia": "SP"
	}
	,
	{
		"codMec": "spic81700n",
		"tipo": "ISTITUTO COMPRENSIVO",
		"nome": "ISA 6 - ISTITUTO COMPRENSIVO",
		"indirizzo": "PIAZZA VERDI, 13",
		"cap": "19121",
		"comune": "LA SPEZIA",
		"provincia": "SP"
	}
	,
	{
		"codMec": "sprh010006",
		"tipo": "IST PROF  ALBERGHIERO",
		"nome": "\"G. CASINI\"",
		"indirizzo": "VIA   FONTEVIVO 129",
		"cap": "19125",
		"comune": "LA SPEZIA",
		"provincia": "SP"
	}
	,
	{
		"codMec": "spps01000c",
		"tipo": "LICEO SCIENTIFICO",
		"nome": "L. S. \"ANTONIO PACINOTTI\"",
		"indirizzo": "VIA XV GIUGNO",
		"cap": "19123",
		"comune": "LA SPEZIA",
		"provincia": "SP"
	}
	,
	{
		"codMec": "sppm01000d",
		"tipo": "ISTITUTO MAGISTRALE",
		"nome": "LICEO STATALE \"G.  MAZZINI\"",
		"indirizzo": "VIALE      ALDO FERRARI 37",
		"cap": "19122",
		"comune": "LA SPEZIA",
		"provincia": "SP"
	}
	,
	{
		"codMec": "sppc010009",
		"tipo": "LICEO CLASSICO",
		"nome": "GINNASIO STATALE \"L. COSTA\"",
		"indirizzo": "PIAZZA     VERDI 15",
		"cap": "19121",
		"comune": "LA SPEZIA",
		"provincia": "SP"
	}
	,
	{
		"codMec": "spmm06100r",
		"tipo": "SCUOLA PRIMO GRADO",
		"nome": "CPIA LA SPEZIA",
		"indirizzo": "VIA NAPOLI 144",
		"cap": "19125",
		"comune": "LA SPEZIA",
		"provincia": "SP"
	}
	,
	{
		"codMec": "spis007007",
		"tipo": "ISTITUTO SUPERIORE",
		"nome": "\"L. EINAUDI / CHIODO\"",
		"indirizzo": "VIA LAMARMORA 32",
		"cap": "19122",
		"comune": "LA SPEZIA",
		"provincia": "SP"
	}
	,
	{
		"codMec": "spis00600b",
		"tipo": "ISTITUTO SUPERIORE",
		"nome": "\"G. CAPELLINI / SAURO\"",
		"indirizzo": "VIA  DORIA 2",
		"cap": "19124",
		"comune": "LA SPEZIA",
		"provincia": "SP"
	}
	,
	{
		"codMec": "spis002004",
		"tipo": "ISTITUTO SUPERIORE",
		"nome": "\"V. CARDARELLI\"",
		"indirizzo": "VIA        CARDUCCI 120",
		"cap": "19126",
		"comune": "LA SPEZIA",
		"provincia": "SP"
	}
	,
	{
		"codMec": "spic821009",
		"tipo": "ISTITUTO COMPRENSIVO",
		"nome": "ISA 8 - ISTITUTO COMPRENSIVO",
		"indirizzo": "VIA CASELLI 21",
		"cap": "19126",
		"comune": "LA SPEZIA",
		"provincia": "SP"
	}
	,
	{
		"codMec": "spic814006",
		"tipo": "ISTITUTO COMPRENSIVO",
		"nome": "ISTITUTO COMPRENSIVO N.1",
		"indirizzo": "VIA MONFALCONE 416",
		"cap": "19123",
		"comune": "LA SPEZIA",
		"provincia": "SP"
	}
	,
	{
		"codMec": "spic801004",
		"tipo": "ISTITUTO COMPRENSIVO",
		"nome": "ISA 11 - I.C. VEZZANO L.",
		"indirizzo": "LOC. SARCIARA",
		"cap": "19020",
		"comune": "VEZZANO LIGURE",
		"provincia": "SP"
	}
	,
	{
		"codMec": "spic815002",
		"tipo": "ISTITUTO COMPRENSIVO",
		"nome": "ISA 2 - ISTITUTO COMPRENSIVO",
		"indirizzo": "VIALE  A. FERRARI COMPLESSO 2 GIUGNO",
		"cap": "19122",
		"comune": "LA SPEZIA",
		"provincia": "SP"
	}
	,
	{
		"codMec": "spic81600t",
		"tipo": "ISTITUTO COMPRENSIVO",
		"nome": "ISA 4 - ISTITUTO COMPRENSIVO",
		"indirizzo": "P.ZZA VERDI 27",
		"cap": "19121",
		"comune": "LA SPEZIA",
		"provincia": "SP"
	}
	,
	{
		"codMec": "sptd110005",
		"tipo": "IST TEC COMMERCIALE E PER GEOMETRI",
		"nome": "I.T. COMM. E TECNOL \"FOSSATI/DA PASSANO\"",
		"indirizzo": "VIA   BRAGARINA     32/A",
		"cap": "19126",
		"comune": "LA SPEZIA",
		"provincia": "SP"
	}
	,
	{
		"codMec": "spic81800d",
		"tipo": "ISTITUTO COMPRENSIVO",
		"nome": "ISA 5 - ISTITUTO COMPRENSIVO",
		"indirizzo": "VIA BOLOGNA,13",
		"cap": "19125",
		"comune": "LA SPEZIA",
		"provincia": "SP"
	}
	,
	{
		"codMec": "spic819009",
		"tipo": "ISTITUTO COMPRENSIVO",
		"nome": "ISA 7 - ISTITUTO COMPRENSIVO",
		"indirizzo": "VIAL DEL CANALETTO 165",
		"cap": "19126",
		"comune": "LA SPEZIA",
		"provincia": "SP"
	}
	,
	{
		"codMec": "spic82000d",
		"tipo": "ISTITUTO COMPRENSIVO",
		"nome": "ISA 3 - ISTITUTO COMPRENSIVO",
		"indirizzo": "VIA NAPOLI, 144",
		"cap": "19122",
		"comune": "LA SPEZIA",
		"provincia": "SP"
	}
	,
	{
		"codMec": "spic806007",
		"tipo": "ISTITUTO COMPRENSIVO",
		"nome": "ISA 10 - I.C.  LERICI",
		"indirizzo": "PIAZZA     BACIGALUPI          6",
		"cap": "19032",
		"comune": "LERICI",
		"provincia": "SP"
	}
	,
	{
		"codMec": "spic80500b",
		"tipo": "ISTITUTO COMPRENSIVO",
		"nome": "ISA 23 - I.C. LEVANTO",
		"indirizzo": "VIA        MART.DELLA LIBERTA\\'",
		"cap": "19015",
		"comune": "LEVANTO",
		"provincia": "SP"
	}
	,
	{
		"codMec": "spic81100p",
		"tipo": "ISTITUTO COMPRENSIVO",
		"nome": "ISA 16 - I.C.  ORTONOVO",
		"indirizzo": "VIA CAMPOREGIO 2",
		"cap": "19034",
		"comune": "ORTONOVO",
		"provincia": "SP"
	}
	,
	{
		"codMec": "spic800008",
		"tipo": "ISTITUTO COMPRENSIVO",
		"nome": "ISA 9 - I.C. PORTOVENERE",
		"indirizzo": "VIA ROMA 1",
		"cap": "19025",
		"comune": "PORTOVENERE",
		"provincia": "SP"
	}
	,
	{
		"codMec": "spic81300a",
		"tipo": "ISTITUTO COMPRENSIVO",
		"nome": "ISA 19 I.C. RICCO\\'DEL GOLFO",
		"indirizzo": "VIA ROMA 53",
		"cap": "19020",
		"comune": "RICCO\\' DEL GOLFO DI SPEZIA",
		"provincia": "SP"
	}
	,
	{
		"codMec": "spic807003",
		"tipo": "ISTITUTO COMPRENSIVO",
		"nome": "ISA 12-I.C. SANTO STEFANO MAGRA",
		"indirizzo": "VIA TAVILLA 46",
		"cap": "19037",
		"comune": "SANTO STEFANO DI MAGRA",
		"provincia": "SP"
	}
	,
	{
		"codMec": "spic822005",
		"tipo": "ISTITUTO COMPRENSIVO",
		"nome": "ISA 13 SARZANA CAPOLUOGO",
		"indirizzo": "VIA SAN BARTOLOMEO",
		"cap": "19038",
		"comune": "SARZANA",
		"provincia": "SP"
	}
	,
	{
		"codMec": "spis01100v",
		"tipo": "ISTITUTO SUPERIORE",
		"nome": "\"PARENTUCELLI-ARZELA\\'\"",
		"indirizzo": "PIAZZA RICCHETTI",
		"cap": "19038",
		"comune": "SARZANA",
		"provincia": "SP"
	}
	,
	{
		"codMec": "spic80200x",
		"tipo": "ISTITUTO COMPRENSIVO",
		"nome": "I.C. VAL DI VARA - ISA 22",
		"indirizzo": "VIA SCOPESI 4",
		"cap": "19020",
		"comune": "SESTA GODANO",
		"provincia": "SP"
	}
]