[
	{
		"codMec": "svis00700n",
		"tipo": "ISTITUTO SUPERIORE",
		"nome": "\"GIANCARDI-GALILEI-AICARDI\"",
		"indirizzo": "VIA FRANCESCO  PETRARCA 7",
		"cap": "17021",
		"comune": "ALASSIO",
		"provincia": "SV"
	}
	,
	{
		"codMec": "svic80600n",
		"tipo": "ISTITUTO COMPRENSIVO",
		"nome": "ISTITUTO COMPRENSIVO ALASSIO",
		"indirizzo": "VIA GASTALDI, 32",
		"cap": "17021",
		"comune": "ALASSIO",
		"provincia": "SV"
	}
	,
	{
		"codMec": "svps030004",
		"tipo": "LICEO SCIENTIFICO",
		"nome": "\"GIORDANO BRUNO\" - ALBENGA",
		"indirizzo": "VIALE PONTELUNGO  83",
		"cap": "17031",
		"comune": "ALBENGA",
		"provincia": "SV"
	}
	,
	{
		"codMec": "svic82200g",
		"tipo": "ISTITUTO COMPRENSIVO",
		"nome": "ISTITUTO COMPRENSIVO ALBENGA I",
		"indirizzo": "VIA DEGLI ORTI",
		"cap": "17031",
		"comune": "ALBENGA",
		"provincia": "SV"
	}
	,
	{
		"codMec": "svic81500c",
		"tipo": "ISTITUTO COMPRENSIVO",
		"nome": "ISTITUTO COMPRENSIVO ALBENGA II",
		"indirizzo": "VIA MAMELI,24",
		"cap": "17031",
		"comune": "ALBENGA",
		"provincia": "SV"
	}
	,
	{
		"codMec": "svic812001",
		"tipo": "ISTITUTO COMPRENSIVO",
		"nome": "ISTITUTO COMPRENSIVO ALBISOLE",
		"indirizzo": "VIA ALLA MASSA, 7",
		"cap": "17013",
		"comune": "ALBISOLA SUPERIORE",
		"provincia": "SV"
	}
	,
	{
		"codMec": "svic80500t",
		"tipo": "ISTITUTO COMPRENSIVO",
		"nome": "IST. COMPR. ANDORA/LAIGUEGLIA",
		"indirizzo": "VIA PIANA DEL MERULA 3/1",
		"cap": "17051",
		"comune": "ANDORA",
		"provincia": "SV"
	}
	,
	{
		"codMec": "svic80700d",
		"tipo": "ISTITUTO COMPRENSIVO",
		"nome": "IST. COMPRENSIVO VAL VARATELLA",
		"indirizzo": "VIA TRILUSSA, 1",
		"cap": "17052",
		"comune": "BORGHETTO SANTO SPIRITO",
		"provincia": "SV"
	}
	,
	{
		"codMec": "svic811005",
		"tipo": "ISTITUTO COMPRENSIVO",
		"nome": "IST. COMPR. CAIRO MONTENOTTE",
		"indirizzo": "VIA ARTISI 1",
		"cap": "17014",
		"comune": "CAIRO MONTENOTTE",
		"provincia": "SV"
	}
	,
	{
		"codMec": "svis00300a",
		"tipo": "ISTITUTO SUPERIORE",
		"nome": "IST. SECONDARIO SUP. DI CAIRO MONTENOTTE",
		"indirizzo": "CORSO XXV APRILE, 76",
		"cap": "17014",
		"comune": "CAIRO MONTENOTTE",
		"provincia": "SV"
	}
	,
	{
		"codMec": "svic803006",
		"tipo": "ISTITUTO COMPRENSIVO",
		"nome": "ISTITUTO COMPRENSIVO CARCARE",
		"indirizzo": "VIA AL COLLEGIO",
		"cap": "17043",
		"comune": "CARCARE",
		"provincia": "SV"
	}
	,
	{
		"codMec": "svpc030001",
		"tipo": "LICEO CLASSICO",
		"nome": "LICEO \"S.GIUSEPPE CALASANZIO\" - CARCARE",
		"indirizzo": "PIAZZA CALASANZIO 3",
		"cap": "17043",
		"comune": "CARCARE",
		"provincia": "SV"
	}
	,
	{
		"codMec": "svic816008",
		"tipo": "ISTITUTO COMPRENSIVO",
		"nome": "ISTITUTO COMPRENSIVO CERIALE",
		"indirizzo": "VIA MAGNONE 2",
		"cap": "17023",
		"comune": "CERIALE",
		"provincia": "SV"
	}
	,
	{
		"codMec": "svic81800x",
		"tipo": "ISTITUTO COMPRENSIVO",
		"nome": "IST. COMPRENSIVO FINALE LIGURE",
		"indirizzo": "VIA BRUNENGHI, 64/A",
		"cap": "17024",
		"comune": "FINALE LIGURE",
		"provincia": "SV"
	}
	,
	{
		"codMec": "svps02000d",
		"tipo": "LICEO SCIENTIFICO",
		"nome": "\"ARTURO ISSEL\" - FINALE LIGURE",
		"indirizzo": "VIA FIUME 42",
		"cap": "17024",
		"comune": "FINALE LIGURE",
		"provincia": "SV"
	}
	,
	{
		"codMec": "svic81900q",
		"tipo": "ISTITUTO COMPRENSIVO",
		"nome": "I. C.  SAVONA II - S. PERTINI",
		"indirizzo": "</td>'",
		"cap": "SVIS00200E",
		"comune": "ISTITUTO SUPERIORE",
		"provincia": "SV"
	}
	,
	{
		"codMec": "ist. professionale  finale l.",
		"tipo": "VIA A. MANZONI  12",
		"nome": "17024",
		"indirizzo": "FINALE LIGURE",
		"cap": "SVIS00100P",
		"comune": "ISTITUTO SUPERIORE",
		"provincia": "SV"
	}
	,
	{
		"codMec": "ist.tec. \"giovanni falcone\" - loano",
		"tipo": "VIA AURELIA 297",
		"nome": "17025",
		"indirizzo": "LOANO",
		"cap": "SVIC808009",
		"comune": "ISTITUTO COMPRENSIVO",
		"provincia": "SV"
	}
	,
	{
		"codMec": "ist. comprensivo loano-boissano",
		"tipo": "CORSO EUROPA",
		"nome": "17025",
		"indirizzo": "LOANO",
		"cap": "SVIC80200A",
		"comune": "ISTITUTO COMPRENSIVO",
		"provincia": "SV"
	}
	,
	{
		"codMec": "istituto comprensivo millesimo",
		"tipo": "PIAZZA DELLA LIBERTA\\'",
		"nome": "17017",
		"indirizzo": "MILLESIMO",
		"cap": "SVIC817004",
		"comune": "ISTITUTO COMPRENSIVO",
		"provincia": "SV"
	}
	,
	{
		"codMec": "istituto comprensivo pietra lig",
		"tipo": "VIA GUGLIELMO OBERDAN, 84",
		"nome": "17027",
		"indirizzo": "PIETRA LIGURE",
		"cap": "SVIC809005",
		"comune": "ISTITUTO COMPRENSIVO",
		"provincia": "SV"
	}
	,
	{
		"codMec": "istituto comprensivo quiliano",
		"tipo": "VIA VALLEGGIA SUPERIORE",
		"nome": "17047",
		"indirizzo": "QUILIANO",
		"cap": "SVIC80100E",
		"comune": "ISTITUTO COMPRENSIVO",
		"provincia": "SV"
	}
	,
	{
		"codMec": "istituto comprensivo sassello",
		"tipo": "VIA DEI PERRANDO 78",
		"nome": "17046",
		"indirizzo": "SASSELLO",
		"cap": "SVIS009009",
		"comune": "ISTITUTO SUPERIORE",
		"provincia": "SV"
	}
	,
	{
		"codMec": "ferraris-pancaldo",
		"tipo": "VIA ROCCA DI LEGINO 35 N",
		"nome": "17100",
		"indirizzo": "SAVONA",
		"cap": "SVIS011009",
		"comune": "ISTITUTO SUPERIORE",
		"provincia": "SV"
	}
	,
	{
		"codMec": "istituto tecnico boselli-alberti sv",
		"tipo": "VIA S. GIOVANNI BOSCO 6",
		"nome": "17100",
		"indirizzo": "SAVONA",
		"cap": "SVMM062003",
		"comune": "SCUOLA PRIMO GRADO",
		"provincia": "SV"
	}
	,
	{
		"codMec": "cpia savona",
		"tipo": "VIA CABOTO, 2",
		"nome": "17100",
		"indirizzo": "SAVONA",
		"cap": "SVIS00800D",
		"comune": "ISTITUTO SUPERIORE",
		"provincia": "SV"
	}
	,
	{
		"codMec": "liceo chiabrera-martini",
		"tipo": "VIA CABOTO 2",
		"nome": "17100",
		"indirizzo": "SAVONA",
		"cap": "SVIC81400L",
		"comune": "ISTITUTO COMPRENSIVO",
		"provincia": "SV"
	}
	,
	{
		"codMec": "i. c. savona iii g. manzino",
		"tipo": "VIA        MACHIAVELLI         4",
		"nome": "17100",
		"indirizzo": "SAVONA",
		"cap": "SVPS01000V",
		"comune": "LICEO SCIENTIFICO",
		"provincia": "SV"
	}
	,
	{
		"codMec": "liceo scientifico statale orazio grassi",
		"tipo": "VIA F.CORRIDONI,  2R",
		"nome": "17100",
		"indirizzo": "SAVONA",
		"cap": "SVIC82100Q",
		"comune": "ISTITUTO COMPRENSIVO",
		"provincia": "SV"
	}
	,
	{
		"codMec": "i. c.  savona iv  g. marconi",
		"tipo": "PIAZZALE MORONI 28",
		"nome": "17100",
		"indirizzo": "SAVONA",
		"cap": "SVIC82000X",
		"comune": "ISTITUTO COMPRENSIVO",
		"provincia": "SV"
	}
	,
	{
		"codMec": "i.c. savona i - don a. gallo",
		"tipo": "VIA VERDI 15",
		"nome": "17100",
		"indirizzo": "SAVONA",
]