[
	{
		"codMec": "teic82200q",
		"tipo": "ISTITUTO COMPRENSIVO",
		"nome": "I.C. ALBA ADRIATICA",
		"indirizzo": "VIA DEI LUDI (INCROCIO VIA FIESOLE)",
		"cap": "64011",
		"comune": "ALBA ADRIATICA",
		"provincia": "TE"
	}
	,
	{
		"codMec": "teic834002",
		"tipo": "ISTITUTO COMPRENSIVO",
		"nome": "I.C. ATRI",
		"indirizzo": "VIALE UMBERTO I   N.3",
		"cap": "64032",
		"comune": "ATRI",
		"provincia": "TE"
	}
	,
	{
		"codMec": "teis00300e",
		"tipo": "ISTITUTO SUPERIORE",
		"nome": "IIS  A. ZOLI",
		"indirizzo": "PIAZZA ILLUMINATI,1",
		"cap": "64032",
		"comune": "ATRI",
		"provincia": "TE"
	}
	,
	{
		"codMec": "teic820004",
		"tipo": "ISTITUTO COMPRENSIVO",
		"nome": "I.C. BELLANTE",
		"indirizzo": "B.GO MARTINI ALFONSO N.1",
		"cap": "64020",
		"comune": "BELLANTE",
		"provincia": "TE"
	}
	,
	{
		"codMec": "teic82300g",
		"tipo": "ISTITUTO COMPRENSIVO",
		"nome": "I.C. CAMPLI",
		"indirizzo": "LARGO TEMPERA",
		"cap": "64012",
		"comune": "CAMPLI",
		"provincia": "TE"
	}
	,
	{
		"codMec": "teic82400b",
		"tipo": "ISTITUTO COMPRENSIVO",
		"nome": "I.C. CASTELLALTO \"M. HACK\"",
		"indirizzo": "VIA DEL MUNICIPIO N.1",
		"cap": "64020",
		"comune": "CASTELLALTO",
		"provincia": "TE"
	}
	,
	{
		"codMec": "tesd01000d",
		"tipo": "ISTITUTO D\\'ARTE",
		"nome": "LICEO ARTISTICO PER IL DESIGN \"F.A.GRUE\"",
		"indirizzo": "VIA        CONVENTO  N.9",
		"cap": "64041",
		"comune": "CASTELLI",
		"provincia": "TE"
	}
	,
	{
		"codMec": "teic81600c",
		"tipo": "ISTITUTO COMPRENSIVO",
		"nome": "I.C. VALLE DEL FINO",
		"indirizzo": "VIA UMBERTO I",
		"cap": "64034",
		"comune": "CASTIGLIONE MESSER RAIMONDO",
		"provincia": "TE"
	}
	,
	{
		"codMec": "teic81000d",
		"tipo": "ISTITUTO COMPRENSIVO",
		"nome": "I.C. CELLINO",
		"indirizzo": "VIA GIARDINO",
		"cap": "64036",
		"comune": "CELLINO ATTANASIO",
		"provincia": "TE"
	}
	,
	{
		"codMec": "teic82100x",
		"tipo": "ISTITUTO COMPRENSIVO",
		"nome": "I.C. CIVITELLA - TORRICELLA",
		"indirizzo": "VIA SANDRO PERTINI N 7",
		"cap": "64010",
		"comune": "CIVITELLA DEL TRONTO",
		"provincia": "TE"
	}
	,
	{
		"codMec": "teic813001",
		"tipo": "ISTITUTO COMPRENSIVO",
		"nome": "I.C. CORROPOLI-COLONNELLA-CONTR",
		"indirizzo": "VIA  RUGGIERI N. 3",
		"cap": "64013",
		"comune": "CORROPOLI",
		"provincia": "TE"
	}
	,
	{
		"codMec": "teps02000n",
		"tipo": "LICEO SCIENTIFICO",
		"nome": "LS  M.CURIE",
		"indirizzo": "VIA GRAMSCI",
		"cap": "64021",
		"comune": "GIULIANOVA",
		"provincia": "TE"
	}
	,
	{
		"codMec": "teis01100d",
		"tipo": "ISTITUTO SUPERIORE",
		"nome": "CROCETTI V. CERULLI",
		"indirizzo": "VIA BOMPADRE",
		"cap": "64021",
		"comune": "GIULIANOVA",
		"provincia": "TE"
	}
	,
	{
		"codMec": "teic84400l",
		"tipo": "ISTITUTO COMPRENSIVO",
		"nome": "I.C. GIULIANOVA 2",
		"indirizzo": "VIA MONTE ZEBIO N. 18",
		"cap": "64021",
		"comune": "GIULIANOVA",
		"provincia": "TE"
	}
	,
	{
		"codMec": "teic841005",
		"tipo": "ISTITUTO COMPRENSIVO",
		"nome": "I.C. STATALE 1 GIULIANOVA",
		"indirizzo": "PIAZZA DELLA LIBERTA\\' N. 23",
		"cap": "64021",
		"comune": "GIULIANOVA",
		"provincia": "TE"
	}
	,
	{
		"codMec": "teic81900x",
		"tipo": "ISTITUTO COMPRENSIVO",
		"nome": "I.C. ISOLA DEL G. S. -COLLEDARA",
		"indirizzo": "VIA S.GABRIELE",
		"cap": "64045",
		"comune": "ISOLA DEL GRAN SASSO D\\'ITALIA",
		"provincia": "TE"
	}
	,
	{
		"codMec": "teic840009",
		"tipo": "ISTITUTO COMPRENSIVO",
		"nome": "I.C. MARTINSICURO PERTINI",
		"indirizzo": "PIAZZA CAVOUR",
		"cap": "64014",
		"comune": "MARTINSICURO",
		"provincia": "TE"
	}
	,
	{
		"codMec": "teic82900e",
		"tipo": "ISTITUTO COMPRENSIVO",
		"nome": "I.C. MONTORIO-CROGNALETO",
		"indirizzo": "VIA S. GIUSTA, 4",
		"cap": "64046",
		"comune": "MONTORIO AL VOMANO",
		"provincia": "TE"
	}
	,
	{
		"codMec": "temm06000g",
		"tipo": "SCUOLA PRIMO GRADO",
		"nome": "CPIA - PROVINCIA TERAMO",
		"indirizzo": "VIA POLISEO DE ANGELIS, 30",
		"cap": "64046",
		"comune": "MONTORIO AL VOMANO",
		"provincia": "TE"
	}
	,
	{
		"codMec": "teic825007",
		"tipo": "ISTITUTO COMPRENSIVO",
		"nome": "I.C. MOSCIANO SANT ANGELO",
		"indirizzo": "VIA P.TOGLIATTI S.N.C.",
		"cap": "64023",
		"comune": "MOSCIANO SANT\\'ANGELO",
		"provincia": "TE"
	}
	,
	{
		"codMec": "teic826003",
		"tipo": "ISTITUTO COMPRENSIVO",
		"nome": "I.C. NERETO-S.OMERO",
		"indirizzo": "VIA VITTORIO VENETO N.32",
		"cap": "64015",
		"comune": "NERETO",
		"provincia": "TE"
	}
	,
	{
		"codMec": "teis00100v",
		"tipo": "ISTITUTO SUPERIORE",
		"nome": "IIS NERETO",
		"indirizzo": "VIA EUROPA 15",
		"cap": "64015",
		"comune": "NERETO",
		"provincia": "TE"
	}
	,
	{
		"codMec": "teic83500t",
		"tipo": "ISTITUTO COMPRENSIVO",
		"nome": "I.C. NOTARESCO",
		"indirizzo": "VIA DANTE ALIGHIERI 26",
		"cap": "64024",
		"comune": "NOTARESCO",
		"provincia": "TE"
	}
	,
	{
		"codMec": "teic83600n",
		"tipo": "ISTITUTO COMPRENSIVO",
		"nome": "I.C. PINETO GIOVANNI XXIII",
		"indirizzo": "VIA VERONA",
		"cap": "64025",
		"comune": "PINETO",
		"provincia": "TE"
	}
	,
	{
		"codMec": "teic84300r",
		"tipo": "ISTITUTO COMPRENSIVO",
		"nome": "I.C. ROSETO 2",
		"indirizzo": "VIA FONTE DELL\\'OLMO  N.56",
		"cap": "64026",
		"comune": "ROSETO DEGLI ABRUZZI",
		"provincia": "TE"
	}
	,
	{
		"codMec": "teic842001",
		"tipo": "ISTITUTO COMPRENSIVO",
		"nome": "I.C. ROSETO 1",
		"indirizzo": "VIA D\\'ANNUNZIO, 16",
		"cap": "64026",
		"comune": "ROSETO DEGLI ABRUZZI",
		"provincia": "TE"
	}
	,
	{
		"codMec": "teis00400a",
		"tipo": "ISTITUTO SUPERIORE",
		"nome": "IST.ST. D\\'ISTR.SUP. V.MORETTI",
		"indirizzo": "VIA CASTELLAMMARE ADRIATICO, 3 - WWW.IISMORETTI.IT",
		"cap": "64026",
		"comune": "ROSETO DEGLI ABRUZZI",
		"provincia": "TE"
	}
	,
	{
		"codMec": "tepc030005",
		"tipo": "LICEO CLASSICO",
		"nome": "POLO LICEALE STATALE  SAFFO",
		"indirizzo": "VIA SILVIO PELLICO S.N.C.",
		"cap": "64026",
		"comune": "ROSETO DEGLI ABRUZZI",
		"provincia": "TE"
	}
	,
	{
		"codMec": "teic83000p",
		"tipo": "ISTITUTO COMPRENSIVO",
		"nome": "I.C. S.EGIDIO ANCARANO",
		"indirizzo": "P.ZZA B. CROCE, 8",
		"cap": "64016",
		"comune": "SANT\\'EGIDIO ALLA VIBRATA",
		"provincia": "TE"
	}
	,
	{
		"codMec": "teic83700d",
		"tipo": "ISTITUTO COMPRENSIVO",
		"nome": "I.C. SILVI G.PASCOLI",
		"indirizzo": "VIA CARDUCCI  N. 2",
		"cap": "64028",
		"comune": "SILVI",
		"provincia": "TE"
	}
	,
	{
		"codMec": "teis00800n",
		"tipo": "ISTITUTO SUPERIORE",
		"nome": "I.I.S. \"DI POPPA - ROZZI\"",
		"indirizzo": "VIA F. BARNABEI, 2",
		"cap": "64100",
		"comune": "TERAMO",
		"provincia": "TE"
	}
	,
	{
		"codMec": "teis00900d",
		"tipo": "ISTITUTO SUPERIORE",
		"nome": "I.I.S. ALESSANDRINI- MARINO",
		"indirizzo": "VIA  SAN MARINO 12",
		"cap": "64100",
		"comune": "TERAMO",
		"provincia": "TE"
	}
	,
	{
		"codMec": "teic838009",
		"tipo": "ISTITUTO COMPRENSIVO",
		"nome": "I.C.TE5 VILLA VOMANO - BASCIANO",
		"indirizzo": "VIA DELLA CHIESA - VILLA VOMANO",
		"cap": "64100",
		"comune": "TERAMO",
		"provincia": "TE"
	}
	,
	{
		"codMec": "teis012009",
		"tipo": "ISTITUTO SUPERIORE",
		"nome": "I.I.S. DELFICO-MONTAUTI",
		"indirizzo": "PIAZZA DANTE, 20",
		"cap": "64100",
		"comune": "TERAMO",
		"provincia": "TE"
	}
	,
	{
		"codMec": "teic83100e",
		"tipo": "ISTITUTO COMPRENSIVO",
		"nome": "I.C.TE4 S.NICOLO A T.",
		"indirizzo": "VIA DELLA PACE  2",
		"cap": "64100",
		"comune": "TERAMO",
		"provincia": "TE"
	}
	,
	{
		"codMec": "tevc010007",
		"tipo": "CONVITTO ANNESSO",
		"nome": "CONVITTO NAZIONALE \"M.DELFICO\"",
		"indirizzo": "PIAZZA  DANTE,N.18",
		"cap": "64100",
		"comune": "TERAMO",
		"provincia": "TE"
	}
	,
	{
		"codMec": "tepm010004",
		"tipo": "ISTITUTO MAGISTRALE",
		"nome": "LICEO STATALE \" G. MILLI \" TERAMO",
		"indirizzo": "VIA CARDUCCI,   N. 38",
		"cap": "64100",
		"comune": "TERAMO",
		"provincia": "TE"
	}
	,
	{
		"codMec": "teps010003",
		"tipo": "LICEO SCIENTIFICO",
		"nome": "LICEO SCIENTIFICO ALBERT EINSTEIN",
		"indirizzo": "VIA STURZO, N.5",
		"cap": "64100",
		"comune": "TERAMO",
		"provincia": "TE"
	}
	,
	{
		"codMec": "teic833006",
		"tipo": "ISTITUTO COMPRENSIVO",
		"nome": "I.C.TE2 SAVINI-S.GIUS-S.GIORGIO",
		"indirizzo": "VIA PASCOLI",
		"cap": "64100",
		"comune": "TERAMO",
		"provincia": "TE"
	}
	,
	{
		"codMec": "teic83200a",
		"tipo": "ISTITUTO COMPRENSIVO",
		"nome": "I.C.TE3DALESSANDRO-RISORGIMENTO",
		"indirizzo": "VIA AEROPORTO",
		"cap": "64100",
		"comune": "TERAMO",
		"provincia": "TE"
	}
	,
	{
		"codMec": "teis013005",
		"tipo": "ISTITUTO SUPERIORE",
		"nome": "IIS PASCAL-COMI-FORTI",
		"indirizzo": "VIA BAFILE N.39",
		"cap": "64100",
		"comune": "TERAMO",
		"provincia": "TE"
	}
	,
	{
		"codMec": "teic84500c",
		"tipo": "ISTITUTO COMPRENSIVO",
		"nome": "I.C.TE1 ZIPPILLI-NOE\\'LUCIDI",
		"indirizzo": "VIA DE VINCENTIIS  N. 2",
		"cap": "64100",
		"comune": "TERAMO",
		"provincia": "TE"
	}
	,
	{
		"codMec": "teic82800p",
		"tipo": "ISTITUTO COMPRENSIVO",
		"nome": "I.C. TORTORETO",
		"indirizzo": "VIA OBERDAN, N.12",
		"cap": "64018",
		"comune": "TORTORETO",
		"provincia": "TE"
	}
]