[
	{
		"codMec": "tvis018005",
		"tipo": "ISTITUTO SUPERIORE",
		"nome": "IS SARTOR",
		"indirizzo": "VIA POSTIOMA DI SALVAROSA, 28",
		"cap": "31033",
		"comune": "CASTELFRANCO VENETO",
		"provincia": "TV"
	}
	,
	{
		"codMec": "tvpc02000b",
		"tipo": "LICEO CLASSICO",
		"nome": "LC/LS GIORGIONE",
		"indirizzo": "VIA VERDI 25",
		"cap": "31033",
		"comune": "CASTELFRANCO VENETO",
		"provincia": "TV"
	}
	,
	{
		"codMec": "tvis02200r",
		"tipo": "ISTITUTO SUPERIORE",
		"nome": "I.S.I.S.S. \"C. ROSSELLI\"",
		"indirizzo": "VIA G.RIZZETTI 10",
		"cap": "31033",
		"comune": "CASTELFRANCO VENETO",
		"provincia": "TV"
	}
	,
	{
		"codMec": "tvic84800r",
		"tipo": "ISTITUTO COMPRENSIVO",
		"nome": "IC  CODOGNE\\'",
		"indirizzo": "VIA MONSIGNOR MORAS 3",
		"cap": "31013",
		"comune": "CODOGNE\\'",
		"provincia": "TV"
	}
	,
	{
		"codMec": "tvis021001",
		"tipo": "ISTITUTO SUPERIORE",
		"nome": "ISISS  DA COLLO",
		"indirizzo": "VIA G. GALILEI, 6",
		"cap": "31015",
		"comune": "CONEGLIANO",
		"provincia": "TV"
	}
	,
	{
		"codMec": "tvis00900a",
		"tipo": "ISTITUTO SUPERIORE",
		"nome": "IISS \"MARCO FANNO\"",
		"indirizzo": "VIA F. FILZI, 40",
		"cap": "31015",
		"comune": "CONEGLIANO",
		"provincia": "TV"
	}
	,
	{
		"codMec": "tvis00800e",
		"tipo": "ISTITUTO SUPERIORE",
		"nome": "IS CERLETTI",
		"indirizzo": "VIA XXVIII APRILE, 20",
		"cap": "31015",
		"comune": "CONEGLIANO",
		"provincia": "TV"
	}
	,
	{
		"codMec": "tvis00200g",
		"tipo": "ISTITUTO SUPERIORE",
		"nome": "IS G.MARCONI",
		"indirizzo": "VIA J.F.KENNEDY 12",
		"cap": "31015",
		"comune": "CONEGLIANO",
		"provincia": "TV"
	}
	,
	{
		"codMec": "tvic867006",
		"tipo": "ISTITUTO COMPRENSIVO",
		"nome": "IC CONEGLIANO 2 \"GB CIMA\"",
		"indirizzo": "VIA KENNEDY 8",
		"cap": "31015",
		"comune": "CONEGLIANO",
		"provincia": "TV"
	}
	,
	{
		"codMec": "tvic86600a",
		"tipo": "ISTITUTO COMPRENSIVO",
		"nome": "IC CONEGLIANO 3 \"A BRUSTOLON\"",
		"indirizzo": "L. EINAUDI, 77",
		"cap": "31015",
		"comune": "CONEGLIANO",
		"provincia": "TV"
	}
	,
	{
		"codMec": "tvic86900t",
		"tipo": "ISTITUTO COMPRENSIVO",
		"nome": "IC CONEGLIANO 1 \"GRAVA\"",
		"indirizzo": "VIA FABIO FILZI 22",
		"cap": "31015",
		"comune": "CONEGLIANO",
		"provincia": "TV"
	}
	,
	{
		"codMec": "tvtf02000l",
		"tipo": "ISTITUTO TECNICO INDUSTRIALE",
		"nome": "ITI GALILEI",
		"indirizzo": "VIA GALILEO GALILEI 16",
		"cap": "31015",
		"comune": "CONEGLIANO",
		"provincia": "TV"
	}
	,
	{
		"codMec": "tvri02000q",
		"tipo": "IST PROF INDUSTRIA E ARTIGIANATO",
		"nome": "IPSIA PITTONI CONEGLIANO",
		"indirizzo": "VIA I. PITTONI 16",
		"cap": "31015",
		"comune": "CONEGLIANO",
		"provincia": "TV"
	}
	,
	{
		"codMec": "tvic825004",
		"tipo": "ISTITUTO COMPRENSIVO",
		"nome": "IC CORDIGNANO \"I. NIEVO\"",
		"indirizzo": "VIA GAZZARI, 1",
		"cap": "31016",
		"comune": "CORDIGNANO",
		"provincia": "TV"
	}
	,
	{
		"codMec": "tvic85100l",
		"tipo": "ISTITUTO COMPRENSIVO",
		"nome": "IC CORNUDA",
		"indirizzo": "VIA VERDI 16",
		"cap": "31041",
		"comune": "CORNUDA",
		"provincia": "TV"
	}
	,
	{
		"codMec": "tvic84400d",
		"tipo": "ISTITUTO COMPRENSIVO",
		"nome": "IC ALTIVOLE",
		"indirizzo": "VIA LAGUNA 29",
		"cap": "31030",
		"comune": "ALTIVOLE",
		"provincia": "TV"
	}
	,
	{
		"codMec": "tvic83000g",
		"tipo": "ISTITUTO COMPRENSIVO",
		"nome": "IC ASOLO",
		"indirizzo": "VIA FORESTUZZO 65",
		"cap": "31011",
		"comune": "ASOLO",
		"provincia": "TV"
	}
	,
	{
		"codMec": "tvic85800b",
		"tipo": "ISTITUTO COMPRENSIVO",
		"nome": "IC BREDA DI PIAVE",
		"indirizzo": "VIA S.PIO X, 33",
		"cap": "31030",
		"comune": "BREDA DI PIAVE",
		"provincia": "TV"
	}
	,
	{
		"codMec": "tvic82100r",
		"tipo": "ISTITUTO COMPRENSIVO",
		"nome": "IC CAERANO DI SAN MARCO",
		"indirizzo": "VIA DELLA PACE, 1",
		"cap": "31031",
		"comune": "CAERANO DI SAN MARCO",
		"provincia": "TV"
	}
	,
	{
		"codMec": "tvic817005",
		"tipo": "ISTITUTO COMPRENSIVO",
		"nome": "IC CAPPELLA MAGGIORE",
		"indirizzo": "VIA LIVEL 101",
		"cap": "31012",
		"comune": "CAPPELLA MAGGIORE",
		"provincia": "TV"
	}
	,
	{
		"codMec": "tvic85600q",
		"tipo": "ISTITUTO COMPRENSIVO",
		"nome": "IC CARBONERA",
		"indirizzo": "VIA ROMA 56",
		"cap": "31030",
		"comune": "CARBONERA",
		"provincia": "TV"
	}
	,
	{
		"codMec": "tvic82200l",
		"tipo": "ISTITUTO COMPRENSIVO",
		"nome": "IC CASALE SUL SILE",
		"indirizzo": "PIAZZA ALL\\'ARMA DEI CARABINIERI 7/A",
		"cap": "31032",
		"comune": "CASALE SUL SILE",
		"provincia": "TV"
	}
	,
	{
		"codMec": "tvic82300c",
		"tipo": "ISTITUTO COMPRENSIVO",
		"nome": "IC CASIER",
		"indirizzo": "VIA PESCHIERE 16",
		"cap": "31030",
		"comune": "CASIER",
		"provincia": "TV"
	}
	,
	{
		"codMec": "tvrh01000n",
		"tipo": "IST PROF  ALBERGHIERO",
		"nome": "IPSSAR G. MAFFIOLI",
		"indirizzo": "VIA VALSUGANA, 74",
		"cap": "31033",
		"comune": "CASTELFRANCO VENETO",
		"provincia": "TV"
	}
	,
	{
		"codMec": "tvic81500d",
		"tipo": "ISTITUTO COMPRENSIVO",
		"nome": "IC CASTELFRANCO V.TO 1",
		"indirizzo": "VIA A. VOLTA 3",
		"cap": "31033",
		"comune": "CASTELFRANCO VENETO",
		"provincia": "TV"
	}
	,
	{
		"codMec": "tvic816009",
		"tipo": "ISTITUTO COMPRENSIVO",
		"nome": "IC CASTELFRANCO V.TO 2",
		"indirizzo": "VIALE B.TA CESARE BATTISTI, 6",
		"cap": "31033",
		"comune": "CASTELFRANCO VENETO",
		"provincia": "TV"
	}
	,
	{
		"codMec": "tvtf030007",
		"tipo": "ISTITUTO TECNICO INDUSTRIALE",
		"nome": "ITI BARSANTI",
		"indirizzo": "VIA DEI CARPANI 19/B",
		"cap": "31033",
		"comune": "CASTELFRANCO VENETO",
		"provincia": "TV"
	}
	,
	{
		"codMec": "tvri010005",
		"tipo": "IST PROF INDUSTRIA E ARTIGIANATO",
		"nome": "IPSIA GALILEI CASTELFRANCO VENETO",
		"indirizzo": "VIA AVENALE 6",
		"cap": "31033",
		"comune": "CASTELFRANCO VENETO",
		"provincia": "TV"
	}
	,
	{
		"codMec": "tvtd04000g",
		"tipo": "IST TEC COMMERCIALE E PER GEOMETRI",
		"nome": "IST. T. COMM. E GEOM. \"ARTURO  MARTINI\"",
		"indirizzo": "VIA VERDI 40",
		"cap": "31033",
		"comune": "CASTELFRANCO VENETO",
		"provincia": "TV"
	}
	,
	{
		"codMec": "tvis017009",
		"tipo": "ISTITUTO SUPERIORE",
		"nome": "I.S.I.S. FLORENCE NIGHTINGALE",
		"indirizzo": "VIA VERDI, 60",
		"cap": "31033",
		"comune": "CASTELFRANCO VENETO",
		"provincia": "TV"
	}
	,
	{
		"codMec": "tvis004007",
		"tipo": "ISTITUTO SUPERIORE",
		"nome": "IS VERDI",
		"indirizzo": "VIA V.FORTUNATO, 21",
		"cap": "31049",
		"comune": "VALDOBBIADENE",
		"provincia": "TV"
	}
	,
	{
		"codMec": "tvic882008",
		"tipo": "ISTITUTO COMPRENSIVO",
		"nome": "IC VALDOBBIADENE",
		"indirizzo": "VIA ARCANE  2",
		"cap": "31049",
		"comune": "VALDOBBIADENE",
		"provincia": "TV"
	}
	,
	{
		"codMec": "tvic83600e",
		"tipo": "ISTITUTO COMPRENSIVO",
		"nome": "IC VAZZOLA",
		"indirizzo": "VIA NARDI, N. 29",
		"cap": "31028",
		"comune": "VAZZOLA",
		"provincia": "TV"
	}
	,
	{
		"codMec": "tvic820001",
		"tipo": "ISTITUTO COMPRENSIVO",
		"nome": "IC VEDELAGO",
		"indirizzo": "VIA ALESSANDRO MANZONI  8",
		"cap": "31050",
		"comune": "VEDELAGO",
		"provincia": "TV"
	}
	,
	{
		"codMec": "tvrh03000v",
		"tipo": "IST PROF  ALBERGHIERO",
		"nome": "IPSSAR ALBERINI",
		"indirizzo": "VIA FRANCHINI, 1",
		"cap": "31020",
		"comune": "VILLORBA",
		"provincia": "TV"
	}
	,
	{
		"codMec": "tvtf04000t",
		"tipo": "ISTITUTO TECNICO INDUSTRIALE",
		"nome": "ITI PLANCK",
		"indirizzo": "VIA        FRANCHINI 1",
		"cap": "31020",
		"comune": "VILLORBA",
		"provincia": "TV"
	}
	,
	{
		"codMec": "tvic876001",
		"tipo": "ISTITUTO COMPRENSIVO",
		"nome": "IC VILLORBA E POVEGLIANO",
		"indirizzo": "VIA SOLFERINO, 14",
		"cap": "31020",
		"comune": "VILLORBA",
		"provincia": "TV"
	}
	,
	{
		"codMec": "tvic859007",
		"tipo": "ISTITUTO COMPRENSIVO",
		"nome": "IC VITTORIO VENETO 1",
		"indirizzo": "VIA DELLO STADIO 5",
		"cap": "31029",
		"comune": "VITTORIO VENETO",
		"provincia": "TV"
	}
	,
	{
		"codMec": "tvic854004",
		"tipo": "ISTITUTO COMPRENSIVO",
		"nome": "IC VITTORIO VENETO 2 A.ZANZOTTO",
		"indirizzo": "VIA GALILEO GALILEI N. 72",
		"cap": "31029",
		"comune": "VITTORIO VENETO",
		"provincia": "TV"
	}
	,
	{
		"codMec": "tvis00700p",
		"tipo": "ISTITUTO SUPERIORE",
		"nome": "IS VITTORIO V. CITTA\\' D.VITTORIA",
		"indirizzo": "VIA V.EMANUELE II, 97",
		"cap": "31029",
		"comune": "VITTORIO VENETO",
		"provincia": "TV"
	}
	,
	{
		"codMec": "tvsd01000a",
		"tipo": "ISTITUTO D\\'ARTE",
		"nome": "LICEO ARTISTICO BRUNO MUNARI",
		"indirizzo": "VIA GANDHI 14",
		"cap": "31029",
		"comune": "VITTORIO VENETO",
		"provincia": "TV"
	}
	,
	{
		"codMec": "tvpc120008",
		"tipo": "LICEO CLASSICO",
		"nome": "LICEO CLASSICO \" FLAMINIO\"",
		"indirizzo": "VIA DANTE 6",
		"cap": "31029",
		"comune": "VITTORIO VENETO",
		"provincia": "TV"
	}
	,
	{
		"codMec": "tvrh06000p",
		"tipo": "IST PROF  ALBERGHIERO",
		"nome": "IPSSAR BELTRAME",
		"indirizzo": "VIA CARSO N.114",
		"cap": "31029",
		"comune": "VITTORIO VENETO",
		"provincia": "TV"
	}
	,
	{
		"codMec": "tvic81400n",
		"tipo": "ISTITUTO COMPRENSIVO",
		"nome": "IC VOLPAGO DEL MONTELLO",
		"indirizzo": "VIA F.M. PRETI  1",
		"cap": "31040",
		"comune": "VOLPAGO DEL MONTELLO",
		"provincia": "TV"
	}
	,
	{
		"codMec": "tvic83500p",
		"tipo": "ISTITUTO COMPRENSIVO",
		"nome": "IC ZERO BRANCO",
		"indirizzo": "VIA IV NOVEMBRE N. 22",
		"cap": "31059",
		"comune": "ZERO BRANCO",
		"provincia": "TV"
	}
	,
	{
		"codMec": "tvic86500e",
		"tipo": "ISTITUTO COMPRENSIVO",
		"nome": "IC CRESPANO DEL GRAPPA",
		"indirizzo": "VIA S. CARLO, N. 5",
		"cap": "31017",
		"comune": "CRESPANO DEL GRAPPA",
		"provincia": "TV"
	}
	,
	{
		"codMec": "tvic84300n",
		"tipo": "ISTITUTO COMPRENSIVO",
		"nome": "IC FARRA DI SOLIGO",
		"indirizzo": "VIA BRIGATA MAZZINI 72",
		"cap": "31010",
		"comune": "FARRA DI SOLIGO",
		"provincia": "TV"
	}
	,
	{
		"codMec": "tvic818001",
		"tipo": "ISTITUTO COMPRENSIVO",
		"nome": "IC FOLLINA E TARZO",
		"indirizzo": "VIA SANAVALLE   13",
		"cap": "31051",
		"comune": "FOLLINA",
		"provincia": "TV"
	}
	,
	{
		"codMec": "tvic84900l",
		"tipo": "ISTITUTO COMPRENSIVO",
		"nome": "IC GAIARINE",
		"indirizzo": "VIA GERARDO DA CAMINO 5",
		"cap": "31018",
		"comune": "GAIARINE",
		"provincia": "TV"
	}
	,
	{
		"codMec": "tvic83700a",
		"tipo": "ISTITUTO COMPRENSIVO",
		"nome": "IC GIAVERA DEL MONTELLO",
		"indirizzo": "VIA BOMBARDIERI DEL RE 10",
		"cap": "31040",
		"comune": "GIAVERA DEL MONTELLO",
		"provincia": "TV"
	}
	,
	{
		"codMec": "tvic88000l",
		"tipo": "ISTITUTO COMPRENSIVO",
		"nome": "IC GORGO AL MONTICANO",
		"indirizzo": "VIA ROMA,60/2",
		"cap": "31040",
		"comune": "GORGO AL MONTICANO",
		"provincia": "TV"
	}
	,
	{
		"codMec": "tvic83100b",
		"tipo": "ISTITUTO COMPRENSIVO",
		"nome": "IC ISTRANA",
		"indirizzo": "VIA S.PIO X 39",
		"cap": "31036",
		"comune": "ISTRANA",
		"provincia": "TV"
	}
	,
	{
		"codMec": "tvic824008",
		"tipo": "ISTITUTO COMPRENSIVO",
		"nome": "IC LORIA E CASTELLO DI GODEGO",
		"indirizzo": "VIA ROMA 30",
		"cap": "31037",
		"comune": "LORIA",
		"provincia": "TV"
	}
	,
	{
		"codMec": "tvic85700g",
		"tipo": "ISTITUTO COMPRENSIVO",
		"nome": "IC MASERADA SUL PIAVE",
		"indirizzo": "VIA  DELLO STADIO,3",
		"cap": "31052",
		"comune": "MASERADA SUL PIAVE",
		"provincia": "TV"
	}
	,
	{
		"codMec": "tvps04000q",
		"tipo": "LICEO SCIENTIFICO",
		"nome": "LS GIUSEPPE BERTO",
		"indirizzo": "VIA  BARBIERO 82",
		"cap": "31021",
		"comune": "MOGLIANO VENETO",
		"provincia": "TV"
	}
	,
	{
		"codMec": "tvic87700r",
		"tipo": "ISTITUTO COMPRENSIVO",
		"nome": "IC MOGLIANO 2 \"M.MINERBI\"",
		"indirizzo": "VIA DE GASPERI 8",
		"cap": "31021",
		"comune": "MOGLIANO VENETO",
		"provincia": "TV"
	}
	,
	{
		"codMec": "tvic87800l",
		"tipo": "ISTITUTO COMPRENSIVO",
		"nome": "IC MOGLIANO 1",
		"indirizzo": "VIA ROMA 84",
		"cap": "31021",
		"comune": "MOGLIANO VENETO",
		"provincia": "TV"
	}
	,
	{
		"codMec": "tvic87900c",
		"tipo": "ISTITUTO COMPRENSIVO",
		"nome": "IC MONTEBELLUNA 2",
		"indirizzo": "VIA CROCIERA, 1",
		"cap": "31044",
		"comune": "MONTEBELLUNA",
		"provincia": "TV"
	}
	,
	{
		"codMec": "tvic883004",
		"tipo": "ISTITUTO COMPRENSIVO",
		"nome": "IC  MONTEBELLUNA 1 \"MONTALCINI\"",
		"indirizzo": "VIA PAPA GIOVANNI XXIII, 5",
		"cap": "31044",
		"comune": "MONTEBELLUNA",
		"provincia": "TV"
	}
	,
	{
		"codMec": "tvpm02000g",
		"tipo": "ISTITUTO MAGISTRALE",
		"nome": "IM VERONESE",
		"indirizzo": "VIALE DELLA VITTORIA 34",
		"cap": "31044",
		"comune": "MONTEBELLUNA",
		"provincia": "TV"
	}
	,
	{
		"codMec": "tvic870002",
		"tipo": "ISTITUTO COMPRENSIVO",
		"nome": "IC TREVISO 1 \"A. MARTINI\"",
		"indirizzo": "VIA V. RAPISARDI",
		"cap": "31100",
		"comune": "TREVISO",
		"provincia": "TV"
	}
	,
	{
		"codMec": "tvic87100t",
		"tipo": "ISTITUTO COMPRENSIVO",
		"nome": "IC TREVISO 2 \"SERENA\"",
		"indirizzo": "VIA CACCIANIGA 16",
		"cap": "31100",
		"comune": "TREVISO",
		"provincia": "TV"
	}
	,
	{
		"codMec": "tvic87200n",
		"tipo": "ISTITUTO COMPRENSIVO",
		"nome": "IC TREVISO 3 \" G.G.FELISSENT\"",
		"indirizzo": "VIA SAN ZENO, 41",
		"cap": "31100",
		"comune": "TREVISO",
		"provincia": "TV"
	}
	,
	{
		"codMec": "tvic87300d",
		"tipo": "ISTITUTO COMPRENSIVO",
		"nome": "IC TREVISO 4  \" STEFANINI\"",
		"indirizzo": "VIALE III ARMATA 35",
		"cap": "31100",
		"comune": "TREVISO",
		"provincia": "TV"
	}
	,
	{
		"codMec": "tvic874009",
		"tipo": "ISTITUTO COMPRENSIVO",
		"nome": "IC TREVISO 5  \"L.COLETTI\"",
		"indirizzo": "VIA ABRUZZO, 1",
		"cap": "31100",
		"comune": "TREVISO",
		"provincia": "TV"
	}
	,
	{
		"codMec": "tvis01600d",
		"tipo": "ISTITUTO SUPERIORE",
		"nome": "IS F.BESTA",
		"indirizzo": "BORGO CAVOUR 33",
		"cap": "31100",
		"comune": "TREVISO",
		"provincia": "TV"
	}
	,
	{
		"codMec": "tvis019001",
		"tipo": "ISTITUTO SUPERIORE",
		"nome": "IS PALLADIO",
		"indirizzo": "VIA  A.TRONCONI N. 22",
		"cap": "31100",
		"comune": "TREVISO",
		"provincia": "TV"
	}
	,
	{
		"codMec": "tvis02300l",
		"tipo": "ISTITUTO SUPERIORE",
		"nome": "I.S. \"GIORGI - FERMI\"",
		"indirizzo": "VIA  S. PELAIO, N.37",
		"cap": "31100",
		"comune": "TREVISO",
		"provincia": "TV"
	}
	,
	{
		"codMec": "tvmm140004",
		"tipo": "SCUOLA PRIMO GRADO",
		"nome": "CPIA \"ALBERTO MANZI\" DI TREVISO",
		"indirizzo": "VIA S. PELAJO 135/C",
		"cap": "31100",
		"comune": "TREVISO",
		"provincia": "TV"
	}
	,
	{
		"codMec": "tvpc01000r",
		"tipo": "LICEO CLASSICO",
		"nome": "LICEO CLASSICO A. CANOVA",
		"indirizzo": "MURA S. TEONISTO 16",
		"cap": "31100",
		"comune": "TREVISO",
		"provincia": "TV"
	}
	,
	{
		"codMec": "tvpm010001",
		"tipo": "ISTITUTO MAGISTRALE",
		"nome": "IM DUCA DEGLI ABRUZZI",
		"indirizzo": "VIA CACCIANIGA 5",
		"cap": "31100",
		"comune": "TREVISO",
		"provincia": "TV"
	}
	,
	{
		"codMec": "tvps01000x",
		"tipo": "LICEO SCIENTIFICO",
		"nome": "LS L. DA VINCI",
		"indirizzo": "VIALE EUROPA 32",
		"cap": "31100",
		"comune": "TREVISO",
		"provincia": "TV"
	}
	,
	{
		"codMec": "tvsl01000r",
		"tipo": "LICEO ARTISTICO",
		"nome": "LA TREVISO",
		"indirizzo": "VIA SANTA CATERINA 10",
		"cap": "31100",
		"comune": "TREVISO",
		"provincia": "TV"
	}
	,
	{
		"codMec": "tvtd09000l",
		"tipo": "IST TEC COMMERCIALE E PER GEOMETRI",
		"nome": "ITC RICCATI-LUZZATTI",
		"indirizzo": "PIAZZA DELLA VITTORIA 3/4",
		"cap": "31100",
		"comune": "TREVISO",
		"provincia": "TV"
	}
	,
	{
		"codMec": "tvtn01000n",
		"tipo": "ISTITUTO TECNICO PER IL TURISMO",
		"nome": "ITT MAZZOTTI",
		"indirizzo": "VIA A. TRONCONI, 1",
		"cap": "31100",
		"comune": "TREVISO",
		"provincia": "TV"
	}
	,
	{
		"codMec": "tvic81900r",
		"tipo": "ISTITUTO COMPRENSIVO",
		"nome": "IC RESANA",
		"indirizzo": "VIA VITTORIO VENETO, 22",
		"cap": "31023",
		"comune": "RESANA",
		"provincia": "TV"
	}
	,
	{
		"codMec": "tvic845009",
		"tipo": "ISTITUTO COMPRENSIVO",
		"nome": "IC RIESE PIO X",
		"indirizzo": "VIA MERRY DEL VAL 25",
		"cap": "31039",
		"comune": "RIESE PIO X",
		"provincia": "TV"
	}
	,
	{
		"codMec": "tvic875005",
		"tipo": "ISTITUTO COMPRENSIVO",
		"nome": "IC RONCADE",
		"indirizzo": "VIA VIVALDI 24",
		"cap": "31056",
		"comune": "RONCADE",
		"provincia": "TV"
	}
	,
	{
		"codMec": "tvic85500x",
		"tipo": "ISTITUTO COMPRENSIVO",
		"nome": "IC SALGAREDA",
		"indirizzo": "PIAZZALE CAMILLO CIBIN 10",
		"cap": "31040",
		"comune": "SALGAREDA",
		"provincia": "TV"
	}
	,
	{
		"codMec": "tvic832007",
		"tipo": "ISTITUTO COMPRENSIVO",
		"nome": "IC SAN BIAGIO DI CALLALTA",
		"indirizzo": "VIA 2 GIUGNO N. 43",
		"cap": "31048",
		"comune": "SAN BIAGIO DI CALLALTA",
		"provincia": "TV"
	}
	,
	{
		"codMec": "tvic846005",
		"tipo": "ISTITUTO COMPRENSIVO",
		"nome": "IC SAN FIOR",
		"indirizzo": "VIA ISIDORO MEL, 8",
		"cap": "31020",
		"comune": "SAN FIOR",
		"provincia": "TV"
	}
	,
	{
		"codMec": "tvic86000b",
		"tipo": "ISTITUTO COMPRENSIVO",
		"nome": "IC SAN POLO  \"L.LUZZATTI\"",
		"indirizzo": "VIA PAPA LUCIANI 12",
		"cap": "31020",
		"comune": "SAN POLO DI PIAVE",
		"provincia": "TV"
	}
	,
	{
		"codMec": "tvic847001",
		"tipo": "ISTITUTO COMPRENSIVO",
		"nome": "IC SAN VENDEMIANO",
		"indirizzo": "VIALE A. DE GASPERI 40",
		"cap": "31020",
		"comune": "SAN VENDEMIANO",
		"provincia": "TV"
	}
	,
	{
		"codMec": "tvic862003",
		"tipo": "ISTITUTO COMPRENSIVO",
		"nome": "IC SAN ZENONE DEGLI EZZELINI",
		"indirizzo": "VIA A.CANOVA,2",
		"cap": "31020",
		"comune": "SAN ZENONE DEGLI EZZELINI",
		"provincia": "TV"
	}
	,
	{
		"codMec": "tvic853008",
		"tipo": "ISTITUTO COMPRENSIVO",
		"nome": "IC SANTA LUCIA DI PIAVE",
		"indirizzo": "VIA FORESTO EST 1/B",
		"cap": "31025",
		"comune": "SANTA LUCIA DI PIAVE",
		"provincia": "TV"
	}
	,
	{
		"codMec": "tvic841002",
		"tipo": "ISTITUTO COMPRENSIVO",
		"nome": "IC SERNAGLIA DELLA BATTAGLIA",
		"indirizzo": "VIALE RIMEMBRANZA 7",
		"cap": "31020",
		"comune": "SERNAGLIA DELLA BATTAGLIA",
		"provincia": "TV"
	}
	,
	{
		"codMec": "tvic83400v",
		"tipo": "ISTITUTO COMPRENSIVO",
		"nome": "IC SILEA",
		"indirizzo": "VIA TEZZE N. 3",
		"cap": "31057",
		"comune": "SILEA",
		"provincia": "TV"
	}
	,
	{
		"codMec": "tvic838006",
		"tipo": "ISTITUTO COMPRENSIVO",
		"nome": "IC SPRESIANO",
		"indirizzo": "VIA FOSCOLO 4",
		"cap": "31027",
		"comune": "SPRESIANO",
		"provincia": "TV"
	}
	,
	{
		"codMec": "tvic85200c",
		"tipo": "ISTITUTO COMPRENSIVO",
		"nome": "IC SUSEGANA",
		"indirizzo": "VIA CARPENI  7",
		"cap": "31058",
		"comune": "SUSEGANA",
		"provincia": "TV"
	}
	,
	{
		"codMec": "tvic82800g",
		"tipo": "ISTITUTO COMPRENSIVO",
		"nome": "IC TREVIGNANO",
		"indirizzo": "VIA CAVOUR,  8",
		"cap": "31040",
		"comune": "TREVIGNANO",
		"provincia": "TV"
	}
	,
	{
		"codMec": "tvis00300b",
		"tipo": "ISTITUTO SUPERIORE",
		"nome": "IS LEVI",
		"indirizzo": "VIA SANSOVINO, 6/A",
		"cap": "31044",
		"comune": "MONTEBELLUNA",
		"provincia": "TV"
	}
	,
	{
		"codMec": "tvis02400c",
		"tipo": "ISTITUTO SUPERIORE",
		"nome": "I.S. \"EINAUDI - SCARPA\"",
		"indirizzo": "VIA J. SANSOVINO, 6",
		"cap": "31044",
		"comune": "MONTEBELLUNA",
		"provincia": "TV"
	}
	,
	{
		"codMec": "tvis01100a",
		"tipo": "ISTITUTO SUPERIORE",
		"nome": "IS A.SCARPA",
		"indirizzo": "VIA I MAGGIO, 3",
		"cap": "31045",
		"comune": "MOTTA DI LIVENZA",
		"provincia": "TV"
	}
	,
	{
		"codMec": "tvic88100c",
		"tipo": "ISTITUTO COMPRENSIVO",
		"nome": "IC MOTTA DI LIVENZA",
		"indirizzo": "VIA MANZONI, 2",
		"cap": "31045",
		"comune": "MOTTA DI LIVENZA",
		"provincia": "TV"
	}
	,
	{
		"codMec": "tvic88400x",
		"tipo": "ISTITUTO COMPRENSIVO",
		"nome": "IC ODERZO",
		"indirizzo": "PIAZZALE  EUROPA  21",
		"cap": "31046",
		"comune": "ODERZO",
		"provincia": "TV"
	}
	,
	{
		"codMec": "tvtd06000r",
		"tipo": "IST TEC COMMERCIALE E PER GEOMETRI",
		"nome": "I.T.S.C.G \"J. SANSOVINO\"",
		"indirizzo": "VIA MASOTTI , 2",
		"cap": "31046",
		"comune": "ODERZO",
		"provincia": "TV"
	}
	,
	{
		"codMec": "tvis00600v",
		"tipo": "ISTITUTO SUPERIORE",
		"nome": "IS A.V.OBICI",
		"indirizzo": "STADIO,2/A",
		"cap": "31046",
		"comune": "ODERZO",
		"provincia": "TV"
	}
	,
	{
		"codMec": "tvic868002",
		"tipo": "ISTITUTO COMPRENSIVO",
		"nome": "IC PAESE \"C. CASTELLER\"",
		"indirizzo": "VIALE PANIZZA N. 4",
		"cap": "31038",
		"comune": "PAESE",
		"provincia": "TV"
	}
	,
	{
		"codMec": "tvic85000r",
		"tipo": "ISTITUTO COMPRENSIVO",
		"nome": "IC PEDEROBBA",
		"indirizzo": "VIA XXV APRILE, 8/FRAZ. ONIGO  8",
		"cap": "31040",
		"comune": "PEDEROBBA",
		"provincia": "TV"
	}
	,
	{
		"codMec": "tvic84200t",
		"tipo": "ISTITUTO COMPRENSIVO",
		"nome": "IC PIEVE DI SOLIGO",
		"indirizzo": "VIA BATTISTELLA  3",
		"cap": "31053",
		"comune": "PIEVE DI SOLIGO",
		"provincia": "TV"
	}
	,
	{
		"codMec": "tvis00100q",
		"tipo": "ISTITUTO SUPERIORE",
		"nome": "IS MARCO CASAGRANDE",
		"indirizzo": "VIA STADIO 7",
		"cap": "31053",
		"comune": "PIEVE DI SOLIGO",
		"provincia": "TV"
	}
	,
	{
		"codMec": "tvic861007",
		"tipo": "ISTITUTO COMPRENSIVO",
		"nome": "IC PONTE DI PIAVE",
		"indirizzo": "VIA NICOLO\\' TOMMASEO, 4",
		"cap": "31047",
		"comune": "PONTE DI PIAVE",
		"provincia": "TV"
	}
	,
	{
		"codMec": "tvic833003",
		"tipo": "ISTITUTO COMPRENSIVO",
		"nome": "IC PONZANO VENETO",
		"indirizzo": "VIA CICOGNA, 16/A",
		"cap": "31050",
		"comune": "PONZANO VENETO",
		"provincia": "TV"
	}
	,
	{
		"codMec": "tvic81300t",
		"tipo": "ISTITUTO COMPRENSIVO",
		"nome": "IC PREGANZIOL",
		"indirizzo": "VIA A. MANZONI",
		"cap": "31022",
		"comune": "PREGANZIOL",
		"provincia": "TV"
	}
	,
	{
		"codMec": "tvic82600x",
		"tipo": "ISTITUTO COMPRENSIVO",
		"nome": "IC QUINTO DI TV E MORGANO",
		"indirizzo": "VIA DONATORI DI SANGUE N. 1",
		"cap": "31055",
		"comune": "QUINTO DI TREVISO",
		"provincia": "TV"
	}
]