[
	{
		"codMec": "vaic880006",
		"tipo": "ISTITUTO COMPRENSIVO",
		"nome": "I.C. ANGERA",
		"indirizzo": "VIA DANTE 2",
		"cap": "21021",
		"comune": "ANGERA",
		"provincia": "VA"
	}
	,
	{
		"codMec": "vaic81800e",
		"tipo": "ISTITUTO COMPRENSIVO",
		"nome": "I.C. ARCISATE",
		"indirizzo": "VIA LINA SCHWARZ 6",
		"cap": "21051",
		"comune": "ARCISATE",
		"provincia": "VA"
	}
	,
	{
		"codMec": "vaic806008",
		"tipo": "ISTITUTO COMPRENSIVO",
		"nome": "I.C. AZZATE \"L. DA VINCI\"",
		"indirizzo": "VIA COLLI, 21",
		"cap": "21022",
		"comune": "AZZATE",
		"provincia": "VA"
	}
	,
	{
		"codMec": "vaic81200g",
		"tipo": "ISTITUTO COMPRENSIVO",
		"nome": "I.C. BESOZZO \"G.ADAMOLI\"",
		"indirizzo": "VIA        DEGLI ORTI  N.5",
		"cap": "21023",
		"comune": "BESOZZO",
		"provincia": "VA"
	}
	,
	{
		"codMec": "vais00400r",
		"tipo": "ISTITUTO SUPERIORE",
		"nome": "IS VALCERESIO",
		"indirizzo": "VIA ROMA 57",
		"cap": "21050",
		"comune": "BISUSCHIO",
		"provincia": "VA"
	}
	,
	{
		"codMec": "vaic815003",
		"tipo": "ISTITUTO COMPRENSIVO",
		"nome": "I.C. BISUSCHIO\" DON MILANI\"",
		"indirizzo": "VIA U.FOSCOLO 13",
		"cap": "21050",
		"comune": "BISUSCHIO",
		"provincia": "VA"
	}
	,
	{
		"codMec": "vaic860001",
		"tipo": "ISTITUTO COMPRENSIVO",
		"nome": "I.C.  BUSTO A. \"GALILEI\"",
		"indirizzo": "VIA QUADRELLI 2",
		"cap": "21052",
		"comune": "BUSTO ARSIZIO",
		"provincia": "VA"
	}
	,
	{
		"codMec": "vaic85900r",
		"tipo": "ISTITUTO COMPRENSIVO",
		"nome": "I.C. BUSTO A. \"E. DE AMICIS\"",
		"indirizzo": "VIA PASTRENGO, 3",
		"cap": "21052",
		"comune": "BUSTO ARSIZIO",
		"provincia": "VA"
	}
	,
	{
		"codMec": "vaic858001",
		"tipo": "ISTITUTO COMPRENSIVO",
		"nome": "I.C. BUSTO A.\"PERTINI\"",
		"indirizzo": "VIA ROSSINI 115",
		"cap": "21052",
		"comune": "BUSTO ARSIZIO",
		"provincia": "VA"
	}
	,
	{
		"codMec": "vaic857005",
		"tipo": "ISTITUTO COMPRENSIVO",
		"nome": "I.C. BUSTO A. \" BERTACCHI\"",
		"indirizzo": "VIA PINDEMONTE, 2",
		"cap": "21052",
		"comune": "BUSTO ARSIZIO",
		"provincia": "VA"
	}
	,
	{
		"codMec": "vaic856009",
		"tipo": "ISTITUTO COMPRENSIVO",
		"nome": "IC  BUSTO A. \" G.A BOSSI\"",
		"indirizzo": "VIA DANTE, 5",
		"cap": "21052",
		"comune": "BUSTO ARSIZIO",
		"provincia": "VA"
	}
	,
	{
		"codMec": "vaic86600x",
		"tipo": "ISTITUTO COMPRENSIVO",
		"nome": "I.C. BUSTO A. \"E. CRESPI\"",
		"indirizzo": "VIA COMERIO, 10",
		"cap": "21052",
		"comune": "BUSTO ARSIZIO",
		"provincia": "VA"
	}
	,
	{
		"codMec": "vais02700d",
		"tipo": "ISTITUTO SUPERIORE",
		"nome": "DANIELE CRESPI",
		"indirizzo": "VIA        CARDUCCI 4",
		"cap": "21052",
		"comune": "BUSTO ARSIZIO",
		"provincia": "VA"
	}
	,
	{
		"codMec": "vaps01000d",
		"tipo": "LICEO SCIENTIFICO",
		"nome": "LICEO SCIENTIFICO \"TOSI\" - BUSTO ARSIZIO",
		"indirizzo": "VIA        TOMMASO GROSSI",
		"cap": "21052",
		"comune": "BUSTO ARSIZIO",
		"provincia": "VA"
	}
	,
	{
		"codMec": "varc030007",
		"tipo": "IST  PROF  PER I SERVIZI COMM , TUR  E DELLA PUBB",
		"nome": "I.P.S.S.C.T. \"P.VERRI\" -BUSTO ARSIZIO",
		"indirizzo": "VIA TORINO,  1",
		"cap": "21052",
		"comune": "BUSTO ARSIZIO",
		"provincia": "VA"
	}
	,
	{
		"codMec": "vasl01000a",
		"tipo": "LICEO ARTISTICO",
		"nome": "L. ART. \"CANDIANI\" - BUSTO ARSIZIO",
		"indirizzo": "VIA        LUCIANO MANARA 10",
		"cap": "21052",
		"comune": "BUSTO ARSIZIO",
		"provincia": "VA"
	}
	,
	{
		"codMec": "vaic85500d",
		"tipo": "ISTITUTO COMPRENSIVO",
		"nome": "I.C.BUSTO A. \"N. TOMMASEO\"",
		"indirizzo": "VIA R. SANZIO 9",
		"cap": "21052",
		"comune": "BUSTO ARSIZIO",
		"provincia": "VA"
	}
	,
	{
		"codMec": "vatd02000x",
		"tipo": "IST TEC COMMERCIALE E PER GEOMETRI",
		"nome": "\"E.TOSI\"",
		"indirizzo": "VIA        STELVIO 173",
		"cap": "21052",
		"comune": "BUSTO ARSIZIO",
		"provincia": "VA"
	}
	,
	{
		"codMec": "vaic807004",
		"tipo": "ISTITUTO COMPRENSIVO",
		"nome": "I.C. CANTELLO \"GIOVANNI XXIII\"",
		"indirizzo": "VIA MEDICI, 2",
		"cap": "21050",
		"comune": "CANTELLO",
		"provincia": "VA"
	}
	,
	{
		"codMec": "vaic828005",
		"tipo": "ISTITUTO COMPRENSIVO",
		"nome": "IC CARAVATE \"G. E A. FRATTINI\"",
		"indirizzo": "VIA XXV APRILE, 25",
		"cap": "21032",
		"comune": "CARAVATE",
		"provincia": "VA"
	}
	,
	{
		"codMec": "vaic843007",
		"tipo": "ISTITUTO COMPRENSIVO",
		"nome": "I.C. \"MARIA MONTESSORI\"",
		"indirizzo": "VIA CARREGGIA, 2",
		"cap": "21010",
		"comune": "CARDANO AL CAMPO",
		"provincia": "VA"
	}
	,
	{
		"codMec": "vaic85300t",
		"tipo": "ISTITUTO COMPRENSIVO",
		"nome": "I.C. CARONNO P. \"A.DE GASPERI\"",
		"indirizzo": "VIA        CAPO SILE",
		"cap": "21042",
		"comune": "CARONNO PERTUSELLA",
		"provincia": "VA"
	}
	,
	{
		"codMec": "vaic865004",
		"tipo": "ISTITUTO COMPRENSIVO",
		"nome": "I.C. CASORATE S. \"TOSCANINI\"",
		"indirizzo": "P.ZZA TRATTATI DI ROMA 1957 N. 5",
		"cap": "21011",
		"comune": "CASORATE SEMPIONE",
		"provincia": "VA"
	}
	,
	{
		"codMec": "vaic81600v",
		"tipo": "ISTITUTO COMPRENSIVO",
		"nome": "I.C. CASSANO MAGNAGO \"II\"",
		"indirizzo": "VIA SANTA CATERINA 1",
		"cap": "21012",
		"comune": "CASSANO MAGNAGO",
		"provincia": "VA"
	}
	,
	{
		"codMec": "vaic86700q",
		"tipo": "ISTITUTO COMPRENSIVO",
		"nome": "I.C. CASSANO M.\"D. ALIGHIERI\"",
		"indirizzo": "VIA GALVANI 10",
		"cap": "21012",
		"comune": "CASSANO MAGNAGO",
		"provincia": "VA"
	}
	,
	{
		"codMec": "vaic81700p",
		"tipo": "ISTITUTO COMPRENSIVO",
		"nome": "I.C. STATALE MANZONI",
		"indirizzo": "VIA DEI PLATANI 5",
		"cap": "21053",
		"comune": "CASTELLANZA",
		"provincia": "VA"
	}
	,
	{
		"codMec": "vais01900e",
		"tipo": "ISTITUTO SUPERIORE",
		"nome": "C. FACCHINETTI",
		"indirizzo": "VIA AZIMONTI, 5",
		"cap": "21053",
		"comune": "CASTELLANZA",
		"provincia": "VA"
	}
	,
	{
		"codMec": "vaic84200b",
		"tipo": "ISTITUTO COMPRENSIVO",
		"nome": "I.C. CASTIGLIONE OLONA",
		"indirizzo": "VIA     CORTINA D\\'AMPEZZO 216",
		"cap": "21043",
		"comune": "CASTIGLIONE OLONA",
		"provincia": "VA"
	}
	,
	{
		"codMec": "vaic83700x",
		"tipo": "ISTITUTO COMPRENSIVO",
		"nome": "I.C.CASTRONNO E.DE AMICIS",
		"indirizzo": "VIA     MONTE GRAPPA   9",
		"cap": "21040",
		"comune": "CASTRONNO",
		"provincia": "VA"
	}
	,
	{
		"codMec": "vaic84100g",
		"tipo": "ISTITUTO COMPRENSIVO",
		"nome": "I.C. CAVARIA \"FERMI\"",
		"indirizzo": "FERMI, 400",
		"cap": "21044",
		"comune": "CAVARIA CON PREMEZZO",
		"provincia": "VA"
	}
	,
	{
		"codMec": "vais01200q",
		"tipo": "ISTITUTO SUPERIORE",
		"nome": "\"E. STEIN\"",
		"indirizzo": "VIA   DEI   GELSOMINI,  14",
		"cap": "21026",
		"comune": "GAVIRATE",
		"provincia": "VA"
	}
	,
	{
		"codMec": "vaic86800g",
		"tipo": "ISTITUTO COMPRENSIVO",
		"nome": "IC GAVIRATE CARDUCCI",
		"indirizzo": "VIA   G. ARIOLI, 27",
		"cap": "21026",
		"comune": "GAVIRATE",
		"provincia": "VA"
	}
	,
	{
		"codMec": "vais01800p",
		"tipo": "ISTITUTO SUPERIORE",
		"nome": "\"JOHN M. KEYNES\"",
		"indirizzo": "VIA  MORAZZONE, 37",
		"cap": "21045",
		"comune": "GAZZADA SCHIANNO",
		"provincia": "VA"
	}
	,
	{
		"codMec": "vaic836004",
		"tipo": "ISTITUTO COMPRENSIVO",
		"nome": "I.C.GAZZADA \"DON CAGNOLA\"",
		"indirizzo": "VIA MATTEOTTI,3/A",
		"cap": "21045",
		"comune": "GAZZADA SCHIANNO",
		"provincia": "VA"
	}
	,
	{
		"codMec": "vaic827009",
		"tipo": "ISTITUTO COMPRENSIVO",
		"nome": "I.C. GEMONIO \"E. CURTI\"",
		"indirizzo": "VIA E. CURTI 8",
		"cap": "21036",
		"comune": "GEMONIO",
		"provincia": "VA"
	}
	,
	{
		"codMec": "vaic85000a",
		"tipo": "ISTITUTO COMPRENSIVO",
		"nome": "ICS \"G.P.CLERICI\"",
		"indirizzo": "VIA BELLINI 14",
		"cap": "21040",
		"comune": "GERENZANO",
		"provincia": "VA"
	}
	,
	{
		"codMec": "vaic82000e",
		"tipo": "ISTITUTO COMPRENSIVO",
		"nome": "I.C. GERMIGNAGA",
		"indirizzo": "VIA FABIO FILZI 21",
		"cap": "21010",
		"comune": "GERMIGNAGA",
		"provincia": "VA"
	}
	,
	{
		"codMec": "vaic85400n",
		"tipo": "ISTITUTO COMPRENSIVO",
		"nome": "I.C. GORLA MINORE \"G.PARINI\"",
		"indirizzo": "VIA ROMA  56",
		"cap": "21055",
		"comune": "GORLA MINORE",
		"provincia": "VA"
	}
	,
	{
		"codMec": "vaic81300b",
		"tipo": "ISTITUTO COMPRENSIVO",
		"nome": "I.C. INDUNO OLONA PASSERINI",
		"indirizzo": "VIA        ANDREOLI            7",
		"cap": "21056",
		"comune": "INDUNO OLONA",
		"provincia": "VA"
	}
	,
	{
		"codMec": "vaic82400t",
		"tipo": "ISTITUTO COMPRENSIVO",
		"nome": "I.C. LAVENA PONTE TRESA",
		"indirizzo": "VIA PEZZALUNGA 16",
		"cap": "21037",
		"comune": "LAVENA-PONTE TRESA",
		"provincia": "VA"
	}
	,
	{
		"codMec": "vaic829001",
		"tipo": "ISTITUTO COMPRENSIVO",
		"nome": "I.C.LAVENO MOMBELLO \"MONTEGGIA\"",
		"indirizzo": "VIA     MARIA  AUSILIATRICE    N.  13",
		"cap": "21014",
		"comune": "LAVENO-MOMBELLO",
		"provincia": "VA"
	}
	,
	{
		"codMec": "vaic80900q",
		"tipo": "ISTITUTO COMPRENSIVO",
		"nome": "I.C. LONATE CEP.\"S. D\\'ACQUISTO\"",
		"indirizzo": "PIAZZA     MATTEOTTI, 8",
		"cap": "21050",
		"comune": "LONATE CEPPINO",
		"provincia": "VA"
	}
	,
	{
		"codMec": "vaic80800x",
		"tipo": "ISTITUTO COMPRENSIVO",
		"nome": "I.C. LONATE POZZOLO \"CARMINATI\"",
		"indirizzo": "VIA        DANTE  4",
		"cap": "21015",
		"comune": "LONATE POZZOLO",
		"provincia": "VA"
	}
	,
	{
		"codMec": "vaic82100a",
		"tipo": "ISTITUTO COMPRENSIVO",
		"nome": "I.C. \"B.LUINI\" LUINO",
		"indirizzo": "VIALE      DELLE RIMEMBRANZE   4",
		"cap": "21016",
		"comune": "LUINO",
		"provincia": "VA"
	}
	,
	{
		"codMec": "vaps11000a",
		"tipo": "LICEO SCIENTIFICO",
		"nome": "L. SCIENT. \"SERENI\" - LUINO",
		"indirizzo": "VIA LUGANO 24",
		"cap": "21016",
		"comune": "LUINO",
		"provincia": "VA"
	}
	,
	{
		"codMec": "vais003001",
		"tipo": "ISTITUTO SUPERIORE",
		"nome": "CITTA\\' DI LUINO - CARLO VOLONTE\\'",
		"indirizzo": "VIA       LUGANO 24/A",
		"cap": "21016",
		"comune": "LUINO",
		"provincia": "VA"
	}
	,
	{
		"codMec": "vaic831001",
		"tipo": "ISTITUTO COMPRENSIVO",
		"nome": "I.C. MALNATE \"IQBAL MASIH\"",
		"indirizzo": "VIA BARACCA 1",
		"cap": "21046",
		"comune": "MALNATE",
		"provincia": "VA"
	}
	,
	{
		"codMec": "vaic822006",
		"tipo": "ISTITUTO COMPRENSIVO",
		"nome": "I.C. MARCHIROLO GIOVANNI XXIII",
		"indirizzo": "VIA        SCOLARI             1",
		"cap": "21030",
		"comune": "MARCHIROLO",
		"provincia": "VA"
	}
	,
	{
		"codMec": "vaic82500n",
		"tipo": "ISTITUTO COMPRENSIVO",
		"nome": "I.C. MESENZANA \"D. ZURETTI\"",
		"indirizzo": "VIA        DIAZ, 35",
		"cap": "21030",
		"comune": "MESENZANA",
		"provincia": "VA"
	}
	,
	{
		"codMec": "vaic835008",
		"tipo": "ISTITUTO COMPRENSIVO",
		"nome": "I.C.MORNAGO - G.PASCOLI",
		"indirizzo": "VIA VOLTA,9",
		"cap": "21020",
		"comune": "MORNAGO",
		"provincia": "VA"
	}
	,
	{
		"codMec": "vaic84500v",
		"tipo": "ISTITUTO COMPRENSIVO",
		"nome": "I.C. OLGIATE OL. \"B.C. FERRINI\"",
		"indirizzo": "VIA L. GREPPI 19",
		"cap": "21057",
		"comune": "OLGIATE OLONA",
		"provincia": "VA"
	}
	,
	{
		"codMec": "vaic82600d",
		"tipo": "ISTITUTO COMPRENSIVO",
		"nome": "I.C. PORTO CERESIO \"E.FERMI\"",
		"indirizzo": "VIA MOLINO DI MEZZO, 30",
		"cap": "21050",
		"comune": "PORTO CERESIO",
		"provincia": "VA"
	}
	,
	{
		"codMec": "vaic844003",
		"tipo": "ISTITUTO COMPRENSIVO",
		"nome": "I.C. SAMARATE \"MANZONI\"",
		"indirizzo": "VIA 5 GIORNATE",
		"cap": "21017",
		"comune": "SAMARATE",
		"provincia": "VA"
	}
	,
	{
		"codMec": "vaic849006",
		"tipo": "ISTITUTO COMPRENSIVO",
		"nome": "I.C. SARONNO \" DA VINCI\"",
		"indirizzo": "VIA PADRE LUIGI MONTI, 61",
		"cap": "21047",
		"comune": "SARONNO",
		"provincia": "VA"
	}
	,
	{
		"codMec": "vatd08000g",
		"tipo": "IST TEC COMMERCIALE E PER GEOMETRI",
		"nome": "I.T.C. \"GINO ZAPPA\" - SARONNO",
		"indirizzo": "VIA ACHILLE GRANDI, N.4",
		"cap": "21047",
		"comune": "SARONNO",
		"provincia": "VA"
	}
	,
	{
		"codMec": "vari04000e",
		"tipo": "IST PROF INDUSTRIA E ARTIGIANATO",
		"nome": "I.P.S.I.A. \"ANTONIO PARMA\" - SARONNO",
		"indirizzo": "VIA        MANTEGAZZA 25",
		"cap": "21047",
		"comune": "SARONNO",
		"provincia": "VA"
	}
	,
	{
		"codMec": "vaps020004",
		"tipo": "LICEO SCIENTIFICO",
		"nome": "LICEO SCIENTIFICO G. B. GRASSI",
		"indirizzo": "VIA BENEDETTO CROCE",
		"cap": "21047",
		"comune": "SARONNO",
		"provincia": "VA"
	}
	,
	{
		"codMec": "vapc040006",
		"tipo": "LICEO CLASSICO",
		"nome": "LIC. CLASSICO \"LEGNANI\" - SARONNO",
		"indirizzo": "VIA VOLONTERIO, 34",
		"cap": "21047",
		"comune": "SARONNO",
		"provincia": "VA"
	}
	,
	{
		"codMec": "vaic84700e",
		"tipo": "ISTITUTO COMPRENSIVO",
		"nome": "I.C. SARONNO \"I.MILITI \"",
		"indirizzo": "VIA S.GIUSEPPE 36",
		"cap": "21047",
		"comune": "SARONNO",
		"provincia": "VA"
	}
	,
	{
		"codMec": "vaic84800a",
		"tipo": "ISTITUTO COMPRENSIVO",
		"nome": "I. C. SARONNO \"A.MORO\"",
		"indirizzo": "VIALE      SANTUARIO           13",
		"cap": "21047",
		"comune": "SARONNO",
		"provincia": "VA"
	}
	,
	{
		"codMec": "vatf020006",
		"tipo": "ISTITUTO TECNICO INDUSTRIALE",
		"nome": "I.T.I.S \"RIVA\" - SARONNO",
		"indirizzo": "VIA        CARSO 10",
		"cap": "21047",
		"comune": "SARONNO",
		"provincia": "VA"
	}
	,
	{
		"codMec": "vaic879002",
		"tipo": "ISTITUTO COMPRENSIVO",
		"nome": "I.C. SESTO CALENDE \"UNGARETTI\"",
		"indirizzo": "VIA MALACHIA BOGNI 2",
		"cap": "21018",
		"comune": "SESTO CALENDE",
		"provincia": "VA"
	}
	,
	{
		"codMec": "vais00900x",
		"tipo": "ISTITUTO SUPERIORE",
		"nome": "\"CARLO ALBERTO DALLA CHIESA\"",
		"indirizzo": "VIA SAN DONATO",
		"cap": "21018",
		"comune": "SESTO CALENDE",
		"provincia": "VA"
	}
	,
	{
		"codMec": "vaic84000q",
		"tipo": "ISTITUTO COMPRENSIVO",
		"nome": "I.C.SOLBIATE ARNO GALVALIGI",
		"indirizzo": "VIA  PER CARNAGO N. 16",
		"cap": "21048",
		"comune": "SOLBIATE ARNO",
		"provincia": "VA"
	}
	,
	{
		"codMec": "vaic84600p",
		"tipo": "ISTITUTO COMPRENSIVO",
		"nome": "I.C. SOLBIATE OLONA \"A. MORO\"",
		"indirizzo": "VIA MARTIRI DELLA LIBERTA\\' N.2",
		"cap": "21058",
		"comune": "SOLBIATE OLONA",
		"provincia": "VA"
	}
	,
	{
		"codMec": "vaic83800q",
		"tipo": "ISTITUTO COMPRENSIVO",
		"nome": "I.C. L. DA VINCI SOMMA LOMBARDO",
		"indirizzo": "VIA GUGLIELMO MARCONI, 4",
		"cap": "21019",
		"comune": "SOMMA LOMBARDO",
		"provincia": "VA"
	}
	,
	{
		"codMec": "vaic814007",
		"tipo": "ISTITUTO COMPRENSIVO",
		"nome": "I.C. TRADATE \"GALILEO GALILEI\"",
		"indirizzo": "VIA  TRENTO E TRIESTE",
		"cap": "21049",
		"comune": "TRADATE",
		"provincia": "VA"
	}
	,
	{
		"codMec": "vais01100x",
		"tipo": "ISTITUTO SUPERIORE",
		"nome": "\"DON MILANI\"",
		"indirizzo": "VIA GRAMSCI, 1",
		"cap": "21049",
		"comune": "TRADATE",
		"provincia": "VA"
	}
	,
	{
		"codMec": "vaps120001",
		"tipo": "LICEO SCIENTIFICO",
		"nome": "LICEO SCIENTIFICO \"CURIE\" - TRADATE",
		"indirizzo": "VIA MONS. BRIOSCHI",
		"cap": "21049",
		"comune": "TRADATE",
		"provincia": "VA"
	}
	,
	{
		"codMec": "vais024002",
		"tipo": "ISTITUTO SUPERIORE",
		"nome": "I.I.S. \"E. MONTALE\"",
		"indirizzo": "VIA GRAMSCI, 1",
		"cap": "21049",
		"comune": "TRADATE",
		"provincia": "VA"
	}
	,
	{
		"codMec": "vais02600n",
		"tipo": "ISTITUTO SUPERIORE",
		"nome": "IST.TECN.IND.STAT.LIC.SC.\"L.GEYMONAT\"",
		"indirizzo": "VIA        GRAMSCI, 1",
		"cap": "21049",
		"comune": "TRADATE",
		"provincia": "VA"
	}
	,
	{
		"codMec": "vaic83300l",
		"tipo": "ISTITUTO COMPRENSIVO",
		"nome": "I.C.  TRAVEDONA MONATE G. LEVA",
		"indirizzo": "LARGO DON MILANI 20",
		"cap": "21028",
		"comune": "TRAVEDONA-MONATE",
		"provincia": "VA"
	}
	,
	{
		"codMec": "vaic852002",
		"tipo": "ISTITUTO COMPRENSIVO",
		"nome": "I.C. UBOLDO \" MANZONI\"",
		"indirizzo": "VIA    CERIANI        21",
		"cap": "21040",
		"comune": "UBOLDO",
		"provincia": "VA"
	}
	,
	{
		"codMec": "vaic87400v",
		"tipo": "ISTITUTO COMPRENSIVO",
		"nome": "I.C VARESE 5\"DANTE ALIGHIERI\"",
		"indirizzo": "VIA MORSELLI, 8",
		"cap": "21100",
		"comune": "VARESE",
		"provincia": "VA"
	}
	,
	{
		"codMec": "varc02000l",
		"tipo": "IST  PROF  PER I SERVIZI COMM , TUR  E DELLA PUBB",
		"nome": "I.P.S.S.C.T.  \"L.EINAUDI\" - VARESE",
		"indirizzo": "VIA       COMO, 21",
		"cap": "21100",
		"comune": "VARESE",
		"provincia": "VA"
	}
	,
	{
		"codMec": "vaic851006",
		"tipo": "ISTITUTO COMPRENSIVO",
		"nome": "I.C. CISLAGO \" ALDO MORO\"",
		"indirizzo": "VIA       XXIV MAGGIO  55",
		"cap": "21040",
		"comune": "CISLAGO",
		"provincia": "VA"
	}
	,
	{
		"codMec": "vaic83200r",
		"tipo": "ISTITUTO COMPRENSIVO",
		"nome": "I.C. COMERIO  \"CAMPO DEI FIORI\"",
		"indirizzo": "VIA STAZIONE, N.8",
		"cap": "21025",
		"comune": "COMERIO",
		"provincia": "VA"
	}
	,
	{
		"codMec": "vaic823002",
		"tipo": "ISTITUTO COMPRENSIVO",
		"nome": "I.C. CUNARDO \"VACCAROSSI\"",
		"indirizzo": "VIA VACCAROSSI 17",
		"cap": "21035",
		"comune": "CUNARDO",
		"provincia": "VA"
	}
	,
	{
		"codMec": "vaic830005",
		"tipo": "ISTITUTO COMPRENSIVO",
		"nome": "I.C. CUVEGLIO - D. ALIGHIERI",
		"indirizzo": "VIA PER DUNO,10",
		"cap": "21030",
		"comune": "CUVEGLIO",
		"provincia": "VA"
	}
	,
	{
		"codMec": "vaic80500c",
		"tipo": "ISTITUTO COMPRENSIVO",
		"nome": "I.C. FAGNANO OLONA \"FERMI\"",
		"indirizzo": "VIA PASUBIO 10",
		"cap": "21054",
		"comune": "FAGNANO OLONA",
		"provincia": "VA"
	}
	,
	{
		"codMec": "vaic86100r",
		"tipo": "ISTITUTO COMPRENSIVO",
		"nome": "I.C. FERNO  B.CROCE",
		"indirizzo": "VIA MARCO POLO 9",
		"cap": "21010",
		"comune": "FERNO",
		"provincia": "VA"
	}
	,
	{
		"codMec": "vaic87700a",
		"tipo": "ISTITUTO COMPRENSIVO",
		"nome": "I.C. GALLARATE \"PONTI\"",
		"indirizzo": "VIA CONFALONIERI 27",
		"cap": "21013",
		"comune": "GALLARATE",
		"provincia": "VA"
	}
	,
	{
		"codMec": "vamm325009",
		"tipo": "SCUOLA PRIMO GRADO",
		"nome": "CPIA 1 VARESE",
		"indirizzo": "VIA SEPRIO 2",
		"cap": "21013",
		"comune": "GALLARATE",
		"provincia": "VA"
	}
	,
	{
		"codMec": "vais023006",
		"tipo": "ISTITUTO SUPERIORE",
		"nome": "\"GIOVANNI FALCONE\"",
		"indirizzo": "VIA  G. MATTEOTTI 4",
		"cap": "21013",
		"comune": "GALLARATE",
		"provincia": "VA"
	}
	,
	{
		"codMec": "vais008004",
		"tipo": "ISTITUTO SUPERIORE",
		"nome": "ISIS ANDREA PONTI",
		"indirizzo": "VIA STELVIO 35",
		"cap": "21013",
		"comune": "GALLARATE",
		"provincia": "VA"
	}
	,
	{
		"codMec": "vais001009",
		"tipo": "ISTITUTO SUPERIORE",
		"nome": "I.S.I.S. \"DA VINCI-PASCOLI\"",
		"indirizzo": "VIALE  DEI TIGLI 38",
		"cap": "21013",
		"comune": "GALLARATE",
		"provincia": "VA"
	}
	,
	{
		"codMec": "vaic878006",
		"tipo": "ISTITUTO COMPRENSIVO",
		"nome": "I.C. GALLARATE \"DANTE\"",
		"indirizzo": "VIA RUSNATI 1",
		"cap": "21013",
		"comune": "GALLARATE",
		"provincia": "VA"
	}
	,
	{
		"codMec": "vatd210003",
		"tipo": "IST TEC COMMERCIALE E PER GEOMETRI",
		"nome": "I.T.E-L.L.  \"GADDA-ROSSELLI\" - GALLARATE",
		"indirizzo": "VIA  DE ALBERTIS, 3",
		"cap": "21013",
		"comune": "GALLARATE",
		"provincia": "VA"
	}
	,
	{
		"codMec": "vaic87600e",
		"tipo": "ISTITUTO COMPRENSIVO",
		"nome": "I.C. GALLARATE \"DE AMICIS\"",
		"indirizzo": "VIA SOMALIA 2",
		"cap": "21013",
		"comune": "GALLARATE",
		"provincia": "VA"
	}
	,
	{
		"codMec": "vaic87500p",
		"tipo": "ISTITUTO COMPRENSIVO",
		"nome": "I.C. GALLARATE \"CARDANO -LEGA\"",
		"indirizzo": "VIA PRIVATA BELLORA 8",
		"cap": "21013",
		"comune": "GALLARATE",
		"provincia": "VA"
	}
	,
	{
		"codMec": "vaps03000p",
		"tipo": "LICEO SCIENTIFICO",
		"nome": "L. SCIENT. \"G. FERRARIS\" - VARESE",
		"indirizzo": "VIA  SORRISOLE,6",
		"cap": "21100",
		"comune": "VARESE",
		"provincia": "VA"
	}
	,
	{
		"codMec": "vapm01000e",
		"tipo": "ISTITUTO MAGISTRALE",
		"nome": "LICEO STATALE \"A. MANZONI\" - VARESE",
		"indirizzo": "VIA        MORSELLI, 10",
		"cap": "21100",
		"comune": "VARESE",
		"provincia": "VA"
	}
	,
	{
		"codMec": "vaic86900b",
		"tipo": "ISTITUTO COMPRENSIVO",
		"nome": "IC VARESE 1  \"DON RIMOLDI\"",
		"indirizzo": "VIA PERGINE,6",
		"cap": "21100",
		"comune": "VARESE",
		"provincia": "VA"
	}
	,
	{
		"codMec": "vaic87100b",
		"tipo": "ISTITUTO COMPRENSIVO",
		"nome": "IC VARESE 4  \"A.FRANK \"",
		"indirizzo": "VIA CARNIA,155",
		"cap": "21100",
		"comune": "VARESE",
		"provincia": "VA"
	}
	,
	{
		"codMec": "vaic872007",
		"tipo": "ISTITUTO COMPRENSIVO",
		"nome": "IC VARESE 3 VIDOLETTI",
		"indirizzo": "VIA        MANIN               3",
		"cap": "21100",
		"comune": "VARESE",
		"provincia": "VA"
	}
	,
	{
		"codMec": "vaic873003",
		"tipo": "ISTITUTO COMPRENSIVO",
		"nome": "IC VARESE 2 PELLICO",
		"indirizzo": "VIA        APPIANI, 15",
		"cap": "21100",
		"comune": "VARESE",
		"provincia": "VA"
	}
	,
	{
		"codMec": "vasl040006",
		"tipo": "LICEO ARTISTICO",
		"nome": "\"ANGELO FRATTINI\"",
		"indirizzo": "VIA VALVERDE, 2",
		"cap": "21100",
		"comune": "VARESE",
		"provincia": "VA"
	}
	,
	{
		"codMec": "vais01300g",
		"tipo": "ISTITUTO SUPERIORE",
		"nome": "\"F. DAVERIO - N. CASULA\"",
		"indirizzo": "VIA BERTOLONE, 13",
		"cap": "21100",
		"comune": "VARESE",
		"provincia": "VA"
	}
	,
	{
		"codMec": "vais01700v",
		"tipo": "ISTITUTO SUPERIORE",
		"nome": "ISAAC NEWTON",
		"indirizzo": "VIA        ZUCCHI 3",
		"cap": "21100",
		"comune": "VARESE",
		"provincia": "VA"
	}
	,
	{
		"codMec": "vamm326005",
		"tipo": "SCUOLA PRIMO GRADO",
		"nome": "CPIA 2 VARESE",
		"indirizzo": "VIA BRUNICO 29",
		"cap": "21100",
		"comune": "VARESE",
		"provincia": "VA"
	}
	,
	{
		"codMec": "vapc020001",
		"tipo": "LICEO CLASSICO",
		"nome": "ERNESTO CAIROLI - VARESE",
		"indirizzo": "VIA        DANTE 11",
		"cap": "21100",
		"comune": "VARESE",
		"provincia": "VA"
	}
	,
	{
		"codMec": "vaic86300c",
		"tipo": "ISTITUTO COMPRENSIVO",
		"nome": "I.C. VEDANO OLONA \"S.PELLICO\"",
		"indirizzo": "PIAZZA DEL POPOLO 4",
		"cap": "21040",
		"comune": "VEDANO OLONA",
		"provincia": "VA"
	}
	,
	{
		"codMec": "vaic86200l",
		"tipo": "ISTITUTO COMPRENSIVO",
		"nome": "I.C. VENEGONO SUP.\"G. MARCONI\"",
		"indirizzo": "VIA MARTIRI DELLA LIBERTA\\' 3",
		"cap": "21040",
		"comune": "VENEGONO SUPERIORE",
		"provincia": "VA"
	}
	,
	{
		"codMec": "vaic83400c",
		"tipo": "ISTITUTO COMPRENSIVO",
		"nome": "I.C. VERGIATE",
		"indirizzo": "LARGO LAZZARI  N. 2",
		"cap": "21029",
		"comune": "VERGIATE",
		"provincia": "VA"
	}
	,
	{
		"codMec": "vaic81900a",
		"tipo": "ISTITUTO COMPRENSIVO",
		"nome": "IST.COMP. DI VIGGIU\\' M. LONGHI",
		"indirizzo": "VIA INDIPENDENZA 18",
		"cap": "21059",
		"comune": "VIGGIU\\'",
		"provincia": "VA"
	}
]