[
	{
		"codMec": "clee001006",
		"tipo": "CIRCOLO DIDATTICO",
		"nome": "LEONARDO SCIASCIA",
		"indirizzo": "VIA NAPOLEONE COLAJANNI, S.N.",
		"cap": "93100",
		"comune": "CALTANISSETTA",
		"provincia": "CL"
	}
	,
	{
		"codMec": "clic82500l",
		"tipo": "ISTITUTO COMPRENSIVO",
		"nome": "\"M. LUTHER KING\" CALTANISSETTA",
		"indirizzo": "VIA LEONE XIII, SNC",
		"cap": "93100",
		"comune": "CALTANISSETTA",
		"provincia": "CL"
	}
	,
	{
		"codMec": "cltd090005",
		"tipo": "IST TEC COMMERCIALE E PER GEOMETRI",
		"nome": "\"M. RAPISARDI\"",
		"indirizzo": "VIALE REGINA MARGHERITA, 27",
		"cap": "93100",
		"comune": "CALTANISSETTA",
		"provincia": "CL"
	}
	,
	{
		"codMec": "clri01000n",
		"tipo": "IST PROF INDUSTRIA E ARTIGIANATO",
		"nome": "IST PROF INDUST  SERVIZI GALILEO GALILEI",
		"indirizzo": "VIA FRA F. GIARRATANA,1",
		"cap": "93100",
		"comune": "CALTANISSETTA",
		"provincia": "CL"
	}
	,
	{
		"codMec": "clpc02000x",
		"tipo": "LICEO CLASSICO",
		"nome": "LICEO CLASSICO E LINGUIST. \"R. SETTIMO\"",
		"indirizzo": "VIA ROSSO DI SAN SECONDO",
		"cap": "93100",
		"comune": "CALTANISSETTA",
		"provincia": "CL"
	}
	,
	{
		"codMec": "clmm04200b",
		"tipo": "SCUOLA PRIMO GRADO",
		"nome": "CPIA CALTANISSETTA - ENNA",
		"indirizzo": "VIALE REGINA MARGHERITA 26",
		"cap": "93100",
		"comune": "CALTANISSETTA",
		"provincia": "CL"
	}
	,
	{
		"codMec": "clis01900d",
		"tipo": "ISTITUTO SUPERIORE",
		"nome": "\"ALESSANDRO VOLTA\"",
		"indirizzo": "VIA NINO MARTOGLIO, 1",
		"cap": "93100",
		"comune": "CALTANISSETTA",
		"provincia": "CL"
	}
	,
	{
		"codMec": "clis01400a",
		"tipo": "ISTITUTO SUPERIORE",
		"nome": "\"A. MANZONI E F. JUVARA \"",
		"indirizzo": "VIALE TRIESTE",
		"cap": "93100",
		"comune": "CALTANISSETTA",
		"provincia": "CL"
	}
	,
	{
		"codMec": "clis01300e",
		"tipo": "ISTITUTO SUPERIORE",
		"nome": "\"L. RUSSO\"",
		"indirizzo": "VIA LEONE XIII, 48/D",
		"cap": "93100",
		"comune": "CALTANISSETTA",
		"provincia": "CL"
	}
	,
	{
		"codMec": "clis01200p",
		"tipo": "ISTITUTO SUPERIORE",
		"nome": "\"S. MOTTURA\"",
		"indirizzo": "VIALE DELLA REGIONE 71",
		"cap": "93100",
		"comune": "CALTANISSETTA",
		"provincia": "CL"
	}
	,
	{
		"codMec": "clis00900v",
		"tipo": "ISTITUTO SUPERIORE",
		"nome": "ANGELO DI ROCCO",
		"indirizzo": "VIA        LEONE XIII 64",
		"cap": "93100",
		"comune": "CALTANISSETTA",
		"provincia": "CL"
	}
	,
	{
		"codMec": "clic830004",
		"tipo": "ISTITUTO COMPRENSIVO",
		"nome": "\"DON L. MILANI\" CALTANISSETTA",
		"indirizzo": "VIA FILIPPO TURATI, SN",
		"cap": "93100",
		"comune": "CALTANISSETTA",
		"provincia": "CL"
	}
	,
	{
		"codMec": "clic828004",
		"tipo": "ISTITUTO COMPRENSIVO",
		"nome": "\"LOMBARDO RADICE\" CALTANISSETTA",
		"indirizzo": "PIAZZA MARTIRI D\\'UNGHERIA 29",
		"cap": "93100",
		"comune": "CALTANISSETTA",
		"provincia": "CL"
	}
	,
	{
		"codMec": "clic822005",
		"tipo": "ISTITUTO COMPRENSIVO",
		"nome": "\"V. VENETO\"  CALTANISSETTA",
		"indirizzo": "VIA ANGELI S. N. C.",
		"cap": "93100",
		"comune": "CALTANISSETTA",
		"provincia": "CL"
	}
	,
	{
		"codMec": "clic821009",
		"tipo": "ISTITUTO COMPRENSIVO",
		"nome": "\"CAPONNETTO\" CALTANISSETTA",
		"indirizzo": "VIA MARIA MONTESSORI,1",
		"cap": "93100",
		"comune": "CALTANISSETTA",
		"provincia": "CL"
	}
	,
	{
		"codMec": "clmm029001",
		"tipo": "SCUOLA PRIMO GRADO",
		"nome": "S.M. G. CARDUCCI - SAN CATALDO",
		"indirizzo": "VIALE INDIPENDENZA, 24",
		"cap": "93017",
		"comune": "SAN CATALDO",
		"provincia": "CL"
	}
	,
	{
		"codMec": "clee02400v",
		"tipo": "CIRCOLO DIDATTICO",
		"nome": "\"SAN CATALDO I\"",
		"indirizzo": "VIALE DEI PLATANI",
		"cap": "93017",
		"comune": "SAN CATALDO",
		"provincia": "CL"
	}
	,
	{
		"codMec": "clee02500p",
		"tipo": "CIRCOLO DIDATTICO",
		"nome": "\"SAN CATALDO II\"",
		"indirizzo": "VIA SANTA MARIA MAZZARELLO, SNC",
		"cap": "93017",
		"comune": "SAN CATALDO",
		"provincia": "CL"
	}
	,
	{
		"codMec": "clic807003",
		"tipo": "ISTITUTO COMPRENSIVO",
		"nome": "SANTA CATERINA-RESUTTANO",
		"indirizzo": "VIA NAZARIO SAURO, 51",
		"cap": "93018",
		"comune": "SANTA CATERINA VILLARMOSA",
		"provincia": "CL"
	}
	,
	{
		"codMec": "clic82000d",
		"tipo": "ISTITUTO COMPRENSIVO",
		"nome": "\"FILIPPO PUGLISI\" SERRADIFALCO",
		"indirizzo": "VIA CAV. DI VITTORIO VENETO, SNC",
		"cap": "93010",
		"comune": "SERRADIFALCO",
		"provincia": "CL"
	}
	,
	{
		"codMec": "clic815002",
		"tipo": "ISTITUTO COMPRENSIVO",
		"nome": "\"N. DI MARIA\" SOMMATINO - DELIA",
		"indirizzo": "VIALE GARIBALDI, 9",
		"cap": "93019",
		"comune": "SOMMATINO",
		"provincia": "CL"
	}
	,
	{
		"codMec": "clic80400g",
		"tipo": "ISTITUTO COMPRENSIVO",
		"nome": "VALLELUNGA PRAT. - MARIANOPOLI",
		"indirizzo": "CONTRADA PIANTE, SNC",
		"cap": "93010",
		"comune": "VALLELUNGA PRATAMENO",
		"provincia": "CL"
	}
	,
	{
		"codMec": "clic80900p",
		"tipo": "ISTITUTO COMPRENSIVO",
		"nome": "\"PIETRO LEONE\" CALTANISSETTA",
		"indirizzo": "VIA LOMBARDO RADICE     8",
		"cap": "93100",
		"comune": "CALTANISSETTA",
		"provincia": "CL"
	}
	,
	{
		"codMec": "clis00600b",
		"tipo": "ISTITUTO SUPERIORE",
		"nome": "ETTORE MAJORANA",
		"indirizzo": "VIA PITAGORA, SNC",
		"cap": "93012",
		"comune": "GELA",
		"provincia": "CL"
	}
	,
	{
		"codMec": "clee01100r",
		"tipo": "CIRCOLO DIDATTICO",
		"nome": "\"GELA II\"",
		"indirizzo": "VIA BERCHET S.N.",
		"cap": "93012",
		"comune": "GELA",
		"provincia": "CL"
	}
	,
	{
		"codMec": "clee014008",
		"tipo": "CIRCOLO DIDATTICO",
		"nome": "\"GELA IV\"",
		"indirizzo": "VIA PALAZZI,148",
		"cap": "93012",
		"comune": "GELA",
		"provincia": "CL"
	}
	,
	{
		"codMec": "clmm014007",
		"tipo": "SCUOLA PRIMO GRADO",
		"nome": "S.M. ETTORE ROMAGNOLI - GELA",
		"indirizzo": "VIA VOLTURNO, 28",
		"cap": "93012",
		"comune": "GELA",
		"provincia": "CL"
	}
	,
	{
		"codMec": "clic81000v",
		"tipo": "ISTITUTO COMPRENSIVO",
		"nome": "\"S. QUASIMODO\" - GELA -",
		"indirizzo": "VIALE INDIPENDENZA, 130",
		"cap": "93012",
		"comune": "GELA",
		"provincia": "CL"
	}
	,
	{
		"codMec": "clic81100p",
		"tipo": "ISTITUTO COMPRENSIVO",
		"nome": "I.C. \"G.VERGA\" - GELA",
		"indirizzo": "VIA SALONICCO, 2",
		"cap": "93012",
		"comune": "GELA",
		"provincia": "CL"
	}
	,
	{
		"codMec": "clps03000n",
		"tipo": "LICEO SCIENTIFICO",
		"nome": "LICEO SCIENTIFICO- LINGUISTICO VITTORINI",
		"indirizzo": "VIA PITAGORA S.N.C.",
		"cap": "93012",
		"comune": "GELA",
		"provincia": "CL"
	}
	,
	{
		"codMec": "clee010001",
		"tipo": "CIRCOLO DIDATTICO",
		"nome": "\"GELA I \"",
		"indirizzo": "VIA FEACE, 136",
		"cap": "93012",
		"comune": "GELA",
		"provincia": "CL"
	}
	,
	{
		"codMec": "clis00300x",
		"tipo": "ISTITUTO SUPERIORE",
		"nome": "LUIGI STURZO",
		"indirizzo": "VIA  E. ROMAGNOLI 78",
		"cap": "93012",
		"comune": "GELA",
		"provincia": "CL"
	}
	,
	{
		"codMec": "clic83100x",
		"tipo": "ISTITUTO COMPRENSIVO",
		"nome": "DON LORENZO MILANI",
		"indirizzo": "VIA VENEZIA",
		"cap": "93012",
		"comune": "GELA",
		"provincia": "CL"
	}
	,
	{
		"codMec": "clis01800n",
		"tipo": "ISTITUTO SUPERIORE",
		"nome": "ESCHILO",
		"indirizzo": "VIA ERITREA, SN",
		"cap": "93012",
		"comune": "GELA",
		"provincia": "CL"
	}
	,
	{
		"codMec": "clic827008",
		"tipo": "ISTITUTO COMPRENSIVO",
		"nome": "\"SAN FRANCESCO\" GELA",
		"indirizzo": "PIAZZA SALANDRA, 1",
		"cap": "93012",
		"comune": "GELA",
		"provincia": "CL"
	}
	,
	{
		"codMec": "cltf020005",
		"tipo": "ISTITUTO TECNICO INDUSTRIALE",
		"nome": "SETTORE TECNOLOGICO \"E. MORSELLI\"",
		"indirizzo": "VIA        PITAGORA",
		"cap": "93012",
		"comune": "GELA",
		"provincia": "CL"
	}
	,
	{
		"codMec": "clic82400r",
		"tipo": "ISTITUTO COMPRENSIVO",
		"nome": "GELA E BUTERA",
		"indirizzo": "VIA BUTERA, SNC",
		"cap": "93012",
		"comune": "GELA",
		"provincia": "CL"
	}
	,
	{
		"codMec": "clic823001",
		"tipo": "ISTITUTO COMPRENSIVO",
		"nome": "\"PRIMO\" I.C. - GELA",
		"indirizzo": "VIA TRAPANI 1",
		"cap": "93012",
		"comune": "GELA",
		"provincia": "CL"
	}
	,
	{
		"codMec": "clic81600t",
		"tipo": "ISTITUTO COMPRENSIVO",
		"nome": "MAZZARINO",
		"indirizzo": "VIA        SICILIA             2",
		"cap": "93013",
		"comune": "MAZZARINO",
		"provincia": "CL"
	}
	,
	{
		"codMec": "clis007007",
		"tipo": "ISTITUTO SUPERIORE",
		"nome": "\"C.M.CARAFA\" MAZZARINO E RIESI",
		"indirizzo": "PIAZZA CARLO MARIA CARAFA, SNC",
		"cap": "93013",
		"comune": "MAZZARINO",
		"provincia": "CL"
	}
	,
	{
		"codMec": "clic806007",
		"tipo": "ISTITUTO COMPRENSIVO",
		"nome": "MILENA E CAMPOFRANCO",
		"indirizzo": "VIA VERDI, 32",
		"cap": "93010",
		"comune": "MILENA",
		"provincia": "CL"
	}
	,
	{
		"codMec": "clic81800d",
		"tipo": "ISTITUTO COMPRENSIVO",
		"nome": "1^ \"L. DA VINCI\" - MUSSOMELI",
		"indirizzo": "VIA        CONCETTO MARCHESI,11",
		"cap": "93014",
		"comune": "MUSSOMELI",
		"provincia": "CL"
	}
	,
	{
		"codMec": "clis016002",
		"tipo": "ISTITUTO SUPERIORE",
		"nome": "MUSSOMELI E CAMPOFRANCO",
		"indirizzo": "CONTRADA PRATO",
		"cap": "93014",
		"comune": "MUSSOMELI",
		"provincia": "CL"
	}
	,
	{
		"codMec": "clic819009",
		"tipo": "ISTITUTO COMPRENSIVO",
		"nome": "\"P. EMILIANI GIUDICI\" MUSSOMELI",
		"indirizzo": "VIALE PEPPE SORCE",
		"cap": "93014",
		"comune": "MUSSOMELI",
		"provincia": "CL"
	}
	,
	{
		"codMec": "clis008003",
		"tipo": "ISTITUTO SUPERIORE",
		"nome": "\"VIRGILIO\"",
		"indirizzo": "CONTRADA PRATO SNC",
		"cap": "93014",
		"comune": "MUSSOMELI",
		"provincia": "CL"
	}
	,
	{
		"codMec": "clee02100b",
		"tipo": "CIRCOLO DIDATTICO",
		"nome": "\"NISCEMI II\"",
		"indirizzo": "VIA CALATAFIMI, 12",
		"cap": "93015",
		"comune": "NISCEMI",
		"provincia": "CL"
	}
	,
	{
		"codMec": "clmm02400t",
		"tipo": "SCUOLA PRIMO GRADO",
		"nome": "S.M.  GIOVANNI VERGA - NISCEMI",
		"indirizzo": "VIALE MARIO GORI, SNC",
		"cap": "93015",
		"comune": "NISCEMI",
		"provincia": "CL"
	}
	,
	{
		"codMec": "clis002004",
		"tipo": "ISTITUTO SUPERIORE",
		"nome": "LEONARDO DA VINCI",
		"indirizzo": "CARLO ALBERTO DALLA CHIESA SNC",
		"cap": "93015",
		"comune": "NISCEMI",
		"provincia": "CL"
	}
	,
	{
		"codMec": "clic82900x",
		"tipo": "ISTITUTO COMPRENSIVO",
		"nome": "NISCEMI",
		"indirizzo": "VIA V. CRESCIMONE , 1",
		"cap": "93015",
		"comune": "NISCEMI",
		"provincia": "CL"
	}
	,
	{
		"codMec": "clee031002",
		"tipo": "CIRCOLO DIDATTICO",
		"nome": "\"NISCEMI III\"",
		"indirizzo": "VIA TOMASI DI LAMPEDUSA, 1",
		"cap": "93015",
		"comune": "NISCEMI",
		"provincia": "CL"
	}
	,
	{
		"codMec": "clee023003",
		"tipo": "CIRCOLO DIDATTICO",
		"nome": "\"DON LORENZO MILANI\"",
		"indirizzo": "VIA SOLDATO ZUFFANTI,57",
		"cap": "93016",
		"comune": "RIESI",
		"provincia": "CL"
	}
	,
	{
		"codMec": "clic81700n",
		"tipo": "ISTITUTO COMPRENSIVO",
		"nome": "\"G.CARDUCCI\" - RIESI -",
		"indirizzo": "VIA MALAGODI, SNC",
		"cap": "93016",
		"comune": "RIESI",
		"provincia": "CL"
	}
]