[
	{
		"codMec": "foic806001",
		"tipo": "ISTITUTO COMPRENSIVO",
		"nome": "IC BAGNO DI ROMAGNA",
		"indirizzo": "VIA VIGNE    N. 120",
		"cap": "47021",
		"comune": "BAGNO DI ROMAGNA",
		"provincia": "FO"
	}
	,
	{
		"codMec": "foic804009",
		"tipo": "ISTITUTO COMPRENSIVO",
		"nome": "IC BERTINORO",
		"indirizzo": "VIA   COLOMBARONE  N. 325",
		"cap": "47032",
		"comune": "BERTINORO",
		"provincia": "FO"
	}
	,
	{
		"codMec": "foic80800l",
		"tipo": "ISTITUTO COMPRENSIVO",
		"nome": "IC VALLE DEL MONTONE",
		"indirizzo": "V.LE       MARCONI            123",
		"cap": "47011",
		"comune": "CASTROCARO TERME",
		"provincia": "FO"
	}
	,
	{
		"codMec": "foee02300r",
		"tipo": "CIRCOLO DIDATTICO",
		"nome": "CD CESENA  7",
		"indirizzo": "VIA A. ZOLI 35",
		"cap": "47521",
		"comune": "CESENA",
		"provincia": "FO"
	}
	,
	{
		"codMec": "foee021005",
		"tipo": "CIRCOLO DIDATTICO",
		"nome": "CD CESENA 5",
		"indirizzo": "VIA ANNA FRANK 185",
		"cap": "47521",
		"comune": "CESENA",
		"provincia": "FO"
	}
	,
	{
		"codMec": "foee020009",
		"tipo": "CIRCOLO DIDATTICO",
		"nome": "CD CESENA 4",
		"indirizzo": "VIA VENETO 195",
		"cap": "47521",
		"comune": "CESENA",
		"provincia": "FO"
	}
	,
	{
		"codMec": "foee018009",
		"tipo": "CIRCOLO DIDATTICO",
		"nome": "CD CESENA  2",
		"indirizzo": "VIA QUARTO DEI MILLE 175",
		"cap": "47522",
		"comune": "CESENA",
		"provincia": "FO"
	}
	,
	{
		"codMec": "foee019005",
		"tipo": "CIRCOLO DIDATTICO",
		"nome": "CD CESENA  3",
		"indirizzo": "VIA P. TURCHI 1",
		"cap": "47521",
		"comune": "CESENA",
		"provincia": "FO"
	}
	,
	{
		"codMec": "fotf010008",
		"tipo": "ISTITUTO TECNICO INDUSTRIALE",
		"nome": "I.T.I. \"BLAISE PASCAL\"",
		"indirizzo": "PIAZZALE CINO MACRELLI, 100",
		"cap": "47521",
		"comune": "CESENA",
		"provincia": "FO"
	}
	,
	{
		"codMec": "fotd02000l",
		"tipo": "IST TEC COMMERCIALE E PER GEOMETRI",
		"nome": "I.T.C. \"SERRA\"",
		"indirizzo": "VIA TITO MACCIO PLAUTO N 67",
		"cap": "47521",
		"comune": "CESENA",
		"provincia": "FO"
	}
	,
	{
		"codMec": "fota03000r",
		"tipo": "ISTITUTO TECNICO AGRARIO",
		"nome": "I.T. \"GARIBALDI/DA VINCI\"",
		"indirizzo": "VIA  SAVIO  2400",
		"cap": "47522",
		"comune": "CESENA",
		"provincia": "FO"
	}
	,
	{
		"codMec": "fori01000b",
		"tipo": "IST PROF INDUSTRIA E ARTIGIANATO",
		"nome": "I.P.I.A. \"COMANDINI\"",
		"indirizzo": "VIA BOSCONE, 200",
		"cap": "47521",
		"comune": "CESENA",
		"provincia": "FO"
	}
	,
	{
		"codMec": "forf03000n",
		"tipo": "IST  PROF  FEMMINILE",
		"nome": "I.P.S. \"VERSARI/MACRELLI\"",
		"indirizzo": "VIA G. SPADOLINI, NR.111",
		"cap": "47521",
		"comune": "CESENA",
		"provincia": "FO"
	}
	,
	{
		"codMec": "fops010006",
		"tipo": "LICEO SCIENTIFICO",
		"nome": "L.SCIENTIFICO \"RIGHI\"",
		"indirizzo": "PIAZZA     ALDO MORO  N. 20",
		"cap": "47521",
		"comune": "CESENA",
		"provincia": "FO"
	}
	,
	{
		"codMec": "fopm05000n",
		"tipo": "ISTITUTO MAGISTRALE",
		"nome": "L. LINGUISTICO \"ILARIA ALPI\"",
		"indirizzo": "PIAZZA ALDO MORO, 76",
		"cap": "47521",
		"comune": "CESENA",
		"provincia": "FO"
	}
	,
	{
		"codMec": "fopc030008",
		"tipo": "LICEO CLASSICO",
		"nome": "L.CLASSICO \"MONTI\"",
		"indirizzo": "PIAZZA G.  SANGUINETTI, 50",
		"cap": "47521",
		"comune": "CESENA",
		"provincia": "FO"
	}
	,
	{
		"codMec": "fomm09400t",
		"tipo": "SCUOLA PRIMO GRADO",
		"nome": "VIA A.FRANK",
		"indirizzo": "VIA        ANNA FRANK          75",
		"cap": "47521",
		"comune": "CESENA",
		"provincia": "FO"
	}
	,
	{
		"codMec": "fomm03100p",
		"tipo": "SCUOLA PRIMO GRADO",
		"nome": "S.S. I GRADO VIA PASCOLI CESENA",
		"indirizzo": "VIA  G. PASCOLI   256",
		"cap": "47521",
		"comune": "CESENA",
		"provincia": "FO"
	}
	,
	{
		"codMec": "fomm02800v",
		"tipo": "SCUOLA PRIMO GRADO",
		"nome": "SMS  VIALE DELLA RESISTENZA",
		"indirizzo": "VIA S. COLOMBANO, 190",
		"cap": "47522",
		"comune": "CESENA",
		"provincia": "FO"
	}
	,
	{
		"codMec": "fomm08900a",
		"tipo": "SCUOLA PRIMO GRADO",
		"nome": "DANTE ARFELLI",
		"indirizzo": "VIA SOZZI N.6",
		"cap": "47042",
		"comune": "CESENATICO",
		"provincia": "FO"
	}
	,
	{
		"codMec": "foee03100q",
		"tipo": "CIRCOLO DIDATTICO",
		"nome": "CD CESENATICO  2",
		"indirizzo": "VIA LITORALE MARINA 170",
		"cap": "47042",
		"comune": "CESENATICO",
		"provincia": "FO"
	}
	,
	{
		"codMec": "fois00400d",
		"tipo": "ISTITUTO SUPERIORE",
		"nome": "LEONARDO DA VINCI",
		"indirizzo": "VIALE DEI MILLE, 158",
		"cap": "47042",
		"comune": "CESENATICO",
		"provincia": "FO"
	}
	,
	{
		"codMec": "foee03000x",
		"tipo": "CIRCOLO DIDATTICO",
		"nome": "CD CESENATICO  1",
		"indirizzo": "VIA SAFFI 3",
		"cap": "47042",
		"comune": "CESENATICO",
		"provincia": "FO"
	}
	,
	{
		"codMec": "foic80900c",
		"tipo": "ISTITUTO COMPRENSIVO",
		"nome": "IC CIVITELLA DI ROMAGNA",
		"indirizzo": "VIA        ALDO MORO N.8",
		"cap": "47012",
		"comune": "CIVITELLA DI ROMAGNA",
		"provincia": "FO"
	}
	,
	{
		"codMec": "foic820007",
		"tipo": "ISTITUTO COMPRENSIVO",
		"nome": "IC N. 9 - FORLI\\'",
		"indirizzo": "VIA MERCATORE N. 3",
		"cap": "47122",
		"comune": "FORLI\\'",
		"provincia": "FO"
	}
	,
	{
		"codMec": "foic819003",
		"tipo": "ISTITUTO COMPRENSIVO",
		"nome": "IC N. 5 - FORLI\\'",
		"indirizzo": "VIA SAPINIA, 38",
		"cap": "47121",
		"comune": "FORLI\\'",
		"provincia": "FO"
	}
	,
	{
		"codMec": "foic82200v",
		"tipo": "ISTITUTO COMPRENSIVO",
		"nome": "IC N. 2 - FORLI\\'",
		"indirizzo": "VIA BORGHETTO ACCADEMIA, 2",
		"cap": "47122",
		"comune": "FORLI\\'",
		"provincia": "FO"
	}
	,
	{
		"codMec": "foic82300p",
		"tipo": "ISTITUTO COMPRENSIVO",
		"nome": "IC N. 8 - FORLI\\'",
		"indirizzo": "VIA DELL\\'APPENNINO, 496",
		"cap": "47121",
		"comune": "FORLI\\'",
		"provincia": "FO"
	}
	,
	{
		"codMec": "foic82400e",
		"tipo": "ISTITUTO COMPRENSIVO",
		"nome": "IC N. 3 - FORLI\\'",
		"indirizzo": "VIA LAMBERTELLI 12",
		"cap": "47122",
		"comune": "FORLI\\'",
		"provincia": "FO"
	}
	,
	{
		"codMec": "foic82500a",
		"tipo": "ISTITUTO COMPRENSIVO",
		"nome": "IC N. 7 - FORLI\\'",
		"indirizzo": "VIA RIBOLLE, 47",
		"cap": "47121",
		"comune": "FORLI\\'",
		"provincia": "FO"
	}
	,
	{
		"codMec": "foic826006",
		"tipo": "ISTITUTO COMPRENSIVO",
		"nome": "IC N. 1 - FORLI\\'",
		"indirizzo": "VIA GIORGINA SAFFI 12",
		"cap": "47121",
		"comune": "FORLI\\'",
		"provincia": "FO"
	}
	,
	{
		"codMec": "foic827002",
		"tipo": "ISTITUTO COMPRENSIVO",
		"nome": "IC N. 6 - FORLI\\'",
		"indirizzo": "VIALE SPAZZOLI 67",
		"cap": "47121",
		"comune": "FORLI\\'",
		"provincia": "FO"
	}
	,
	{
		"codMec": "foic821003",
		"tipo": "ISTITUTO COMPRENSIVO",
		"nome": "IC  N. 4 - FORLI\\'",
		"indirizzo": "VIA FELICE ORSINI 48",
		"cap": "47121",
		"comune": "FORLI\\'",
		"provincia": "FO"
	}
	,
	{
		"codMec": "fotf03000d",
		"tipo": "ISTITUTO TECNICO INDUSTRIALE",
		"nome": "I.T.I. \"MARCONI\"",
		"indirizzo": "VIALE DELLA LIBERTA\\', 14",
		"cap": "47100",
		"comune": "FORLI\\'",
		"provincia": "FO"
	}
	,
	{
		"codMec": "fote020004",
		"tipo": "ISTITUTO TECNICO PER ATTIVITA\\' SOCIALI (GIA\\' ITF)",
		"nome": "I.T. \"SAFFI/ALBERTI\"",
		"indirizzo": "VIA TURATI, 5",
		"cap": "47121",
		"comune": "FORLI\\'",
		"provincia": "FO"
	}
	,
	{
		"codMec": "fosd020007",
		"tipo": "ISTITUTO D\\'ARTE",
		"nome": "L.ARTISTICO E MUSICALE",
		"indirizzo": "V.LE SALINATORE, 17",
		"cap": "47121",
		"comune": "FORLI\\'",
		"provincia": "FO"
	}
	,
	{
		"codMec": "fopc04000v",
		"tipo": "LICEO CLASSICO",
		"nome": "L.CLASSICO \"MORGAGNI\"",
		"indirizzo": "VIALE ROMA 1/3",
		"cap": "47122",
		"comune": "FORLI\\'",
		"provincia": "FO"
	}
	,
	{
		"codMec": "fotd010002",
		"tipo": "IST TEC COMMERCIALE E PER GEOMETRI",
		"nome": "I.T.C. \"MATTEUCCI\"",
		"indirizzo": "VIA  F.TURATI, 9",
		"cap": "47121",
		"comune": "FORLI\\'",
		"provincia": "FO"
	}
	,
	{
		"codMec": "fops040002",
		"tipo": "LICEO SCIENTIFICO",
		"nome": "L. SCIENTIFICO \"FULCIERI\"",
		"indirizzo": "VIA        ALDO MORO 13",
		"cap": "47121",
		"comune": "FORLI\\'",
		"provincia": "FO"
	}
	,
	{
		"codMec": "forf040008",
		"tipo": "IST  PROF  FEMMINILE",
		"nome": "I. P. \"RUFFILLI\"",
		"indirizzo": "VIA ROMANELLO DA FORLI\\', 6",
		"cap": "47121",
		"comune": "FORLI\\'",
		"provincia": "FO"
	}
	,
	{
		"codMec": "fotb010003",
		"tipo": "ISTITUTO TECNICO AERONAUTICO",
		"nome": "I.T.AER.  \"BARACCA\"",
		"indirizzo": "VIA MONTASPRO 94",
		"cap": "47121",
		"comune": "FORLI\\'",
		"provincia": "FO"
	}
	,
	{
		"codMec": "fomm09500n",
		"tipo": "SCUOLA PRIMO GRADO",
		"nome": "C.P.I.A.  FORLI\\' - CESENA",
		"indirizzo": "PIAZZA  MORGAGNI  N. 9",
		"cap": "47121",
		"comune": "FORLI\\'",
		"provincia": "FO"
	}
	,
	{
		"codMec": "foic805005",
		"tipo": "ISTITUTO COMPRENSIVO",
		"nome": "IC FORLIMPOPOLI - E. ROSETTI",
		"indirizzo": "VIA CROCETTE 34",
		"cap": "47034",
		"comune": "FORLIMPOPOLI",
		"provincia": "FO"
	}
	,
	{
		"codMec": "fois00200t",
		"tipo": "ISTITUTO SUPERIORE",
		"nome": "PELLEGRINO ARTUSI   FORLIMPOPOL",
		"indirizzo": "VIA MATTEOTTI, 54",
		"cap": "47034",
		"comune": "FORLIMPOPOLI",
		"provincia": "FO"
	}
	,
	{
		"codMec": "foic81500q",
		"tipo": "ISTITUTO COMPRENSIVO",
		"nome": "IC GAMBETTOLA",
		"indirizzo": "VIA GRAMSCI 37",
		"cap": "47035",
		"comune": "GAMBETTOLA",
		"provincia": "FO"
	}
	,
	{
		"codMec": "foic818007",
		"tipo": "ISTITUTO COMPRENSIVO",
		"nome": "IC GATTEO",
		"indirizzo": "VIA DON GHINELLI N.8",
		"cap": "47043",
		"comune": "GATTEO",
		"provincia": "FO"
	}
	,
	{
		"codMec": "foic80700r",
		"tipo": "ISTITUTO COMPRENSIVO",
		"nome": "IC LONGIANO",
		"indirizzo": "VIA CIRCONVALLAZIONE 1102",
		"cap": "47020",
		"comune": "LONGIANO",
		"provincia": "FO"
	}
	,
	{
		"codMec": "foic81100c",
		"tipo": "ISTITUTO COMPRENSIVO",
		"nome": "IC MELDOLA",
		"indirizzo": "VIALE DELLA REPUBBLICA N.47",
		"cap": "47014",
		"comune": "MELDOLA",
		"provincia": "FO"
	}
	,
	{
		"codMec": "foic80300d",
		"tipo": "ISTITUTO COMPRENSIVO",
		"nome": "IC VALLE SAVIO",
		"indirizzo": "V.LE       MATTEOTTI           73",
		"cap": "47025",
		"comune": "MERCATO SARACENO",
		"provincia": "FO"
	}
	,
	{
		"codMec": "foic81400x",
		"tipo": "ISTITUTO COMPRENSIVO",
		"nome": "IC MODIGLIANA -  SILVESTRO LEGA",
		"indirizzo": "VIA        MANZONI             13",
		"cap": "47015",
		"comune": "MODIGLIANA",
		"provincia": "FO"
	}
	,
	{
		"codMec": "foic813004",
		"tipo": "ISTITUTO COMPRENSIVO",
		"nome": "IC PREDAPPIO",
		"indirizzo": "VIA G. PASCOLI 8",
		"cap": "47016",
		"comune": "PREDAPPIO",
		"provincia": "FO"
	}
	,
	{
		"codMec": "foic81700b",
		"tipo": "ISTITUTO COMPRENSIVO",
		"nome": "IC SAN MAURO PASCOLI",
		"indirizzo": "VIA NENNI, 2",
		"cap": "47030",
		"comune": "SAN MAURO PASCOLI",
		"provincia": "FO"
	}
	,
	{
		"codMec": "foic812008",
		"tipo": "ISTITUTO COMPRENSIVO",
		"nome": "IC S.SOFIA",
		"indirizzo": "VIA  FRANCESCO ARCANGELI N. 1",
		"cap": "47018",
		"comune": "SANTA SOFIA",
		"provincia": "FO"
	}
	,
	{
		"codMec": "fois001002",
		"tipo": "ISTITUTO SUPERIORE",
		"nome": "MARIE CURIE",
		"indirizzo": "VIA TOGLIATTI, 5",
		"cap": "47039",
		"comune": "SAVIGNANO SUL RUBICONE",
		"provincia": "FO"
	}
	,
	{
		"codMec": "foic81600g",
		"tipo": "ISTITUTO COMPRENSIVO",
		"nome": "IC SAVIGNANO \"GIULIO CESARE\"",
		"indirizzo": "VIA GALVANI, 4",
		"cap": "47039",
		"comune": "SAVIGNANO SUL RUBICONE",
		"provincia": "FO"
	}
	,
	{
		"codMec": "foic80200n",
		"tipo": "ISTITUTO COMPRENSIVO",
		"nome": "IC SOGLIANO AL RUBICONE",
		"indirizzo": "VIA ALDO MORO, 6",
		"cap": "47030",
		"comune": "SOGLIANO AL RUBICONE",
		"provincia": "FO"
	}
]