[
	{
		"codMec": "fris00300r",
		"tipo": "ISTITUTO SUPERIORE",
		"nome": "I.I.S. \"S. PERTINI\" ALATRI",
		"indirizzo": "VIA MADONNA DELLA SANITA\\'",
		"cap": "03011",
		"comune": "ALATRI",
		"provincia": "FR"
	}
	,
	{
		"codMec": "frpm08000l",
		"tipo": "ISTITUTO MAGISTRALE",
		"nome": "ISTITUTO MAGISTRALE \"PIETROBONO\" ALATRI",
		"indirizzo": "PIAZZA SANTA MARIA MAGGIORE,6",
		"cap": "03011",
		"comune": "ALATRI",
		"provincia": "FR"
	}
	,
	{
		"codMec": "fric80800q",
		"tipo": "ISTITUTO COMPRENSIVO",
		"nome": "I.C. \"E. DANTI\"  ALATRI",
		"indirizzo": "VIALE DANIMARCA,1",
		"cap": "03011",
		"comune": "ALATRI",
		"provincia": "FR"
	}
	,
	{
		"codMec": "fric83800g",
		"tipo": "ISTITUTO COMPRENSIVO",
		"nome": "I.C. 2^ ALATRI \"SACCHETTI-SASSE",
		"indirizzo": "VIA MADONNA DELLA SANITA\\' 5/A",
		"cap": "03011",
		"comune": "ALATRI",
		"provincia": "FR"
	}
	,
	{
		"codMec": "fric83700q",
		"tipo": "ISTITUTO COMPRENSIVO",
		"nome": "I.C. 1^ ALATRI",
		"indirizzo": "VIA DEL CALASANZIO, 7",
		"cap": "03011",
		"comune": "ALATRI",
		"provincia": "FR"
	}
	,
	{
		"codMec": "fric82000a",
		"tipo": "ISTITUTO COMPRENSIVO",
		"nome": "ISTITUTO OMNICOMPRENSIVO ALVITO",
		"indirizzo": "VIA CASA GIAMOSCA, 9",
		"cap": "03041",
		"comune": "ALVITO",
		"provincia": "FR"
	}
	,
	{
		"codMec": "fric81200b",
		"tipo": "ISTITUTO COMPRENSIVO",
		"nome": "I.C. AMASENO",
		"indirizzo": "VIA PRATI SNC",
		"cap": "03021",
		"comune": "AMASENO",
		"provincia": "FR"
	}
	,
	{
		"codMec": "frvc040009",
		"tipo": "CONVITTO ANNESSO",
		"nome": "CONVITTO NAZIONALE \"R.MARGHERITA\" ANAGNI",
		"indirizzo": "PIAZZA     BONGHI N  2",
		"cap": "03012",
		"comune": "ANAGNI",
		"provincia": "FR"
	}
	,
	{
		"codMec": "fric84500p",
		"tipo": "ISTITUTO COMPRENSIVO",
		"nome": "I.C. 2^ ANAGNI",
		"indirizzo": "VIA SAN GIORGETTO",
		"cap": "03012",
		"comune": "ANAGNI",
		"provincia": "FR"
	}
	,
	{
		"codMec": "fric84400v",
		"tipo": "ISTITUTO COMPRENSIVO",
		"nome": "I.C. 1^ ANAGNI",
		"indirizzo": "VIALE REGINA MARGHERITA 17",
		"cap": "03012",
		"comune": "ANAGNI",
		"provincia": "FR"
	}
	,
	{
		"codMec": "fris01300b",
		"tipo": "ISTITUTO SUPERIORE",
		"nome": "I.I.S. \"G. MARCONI\" ANAGNI",
		"indirizzo": "VIA CALZATORA",
		"cap": "03012",
		"comune": "ANAGNI",
		"provincia": "FR"
	}
	,
	{
		"codMec": "fris023002",
		"tipo": "ISTITUTO SUPERIORE",
		"nome": "I.I.S. ANAGNI",
		"indirizzo": "STRADA PROVINCIALE ANAGNI-ACUTO",
		"cap": "03012",
		"comune": "ANAGNI",
		"provincia": "FR"
	}
	,
	{
		"codMec": "fric82300t",
		"tipo": "ISTITUTO COMPRENSIVO",
		"nome": "I. C. AQUINO",
		"indirizzo": "V.LE  MANZONI SNC",
		"cap": "03031",
		"comune": "AQUINO",
		"provincia": "FR"
	}
	,
	{
		"codMec": "fric81600p",
		"tipo": "ISTITUTO COMPRENSIVO",
		"nome": "I.C. \"GIOV. PAOLO II\" ARCE",
		"indirizzo": "VIA GUGLIELMO MARCONI S.N.C.",
		"cap": "03032",
		"comune": "ARCE",
		"provincia": "FR"
	}
	,
	{
		"codMec": "fris006008",
		"tipo": "ISTITUTO SUPERIORE",
		"nome": "I.I.S. \"TULLIANO\" ARPINO",
		"indirizzo": "PIAZZA MUNICIPIO, 49",
		"cap": "03033",
		"comune": "ARPINO",
		"provincia": "FR"
	}
	,
	{
		"codMec": "fric82900r",
		"tipo": "ISTITUTO COMPRENSIVO",
		"nome": "I. C.   ARPINO",
		"indirizzo": "VIA VITTORIA COLONNA",
		"cap": "03033",
		"comune": "ARPINO",
		"provincia": "FR"
	}
	,
	{
		"codMec": "fric821006",
		"tipo": "ISTITUTO COMPRENSIVO",
		"nome": "I.C. ATINA",
		"indirizzo": "VIA LIONE N.95",
		"cap": "03042",
		"comune": "ATINA",
		"provincia": "FR"
	}
	,
	{
		"codMec": "fric828001",
		"tipo": "ISTITUTO COMPRENSIVO",
		"nome": "I.C. BOVILLE ERNICA",
		"indirizzo": "VIA TORRIONE DEI NOBILI 2",
		"cap": "03022",
		"comune": "BOVILLE ERNICA",
		"provincia": "FR"
	}
	,
	{
		"codMec": "fric81700e",
		"tipo": "ISTITUTO COMPRENSIVO",
		"nome": "I.C. \"EVAN GORGA\" BROCCOSTELLA",
		"indirizzo": "VIA DELLA VANDRA 627",
		"cap": "03030",
		"comune": "BROCCOSTELLA",
		"provincia": "FR"
	}
	,
	{
		"codMec": "fric856005",
		"tipo": "ISTITUTO COMPRENSIVO",
		"nome": "I.C. 1^ CASSINO",
		"indirizzo": "VIA BELLINI, 1",
		"cap": "03043",
		"comune": "CASSINO",
		"provincia": "FR"
	}
	,
	{
		"codMec": "fric855009",
		"tipo": "ISTITUTO COMPRENSIVO",
		"nome": "I. C.  3^ CASSINO",
		"indirizzo": "VIA VITTORIO ALFIERI, 1",
		"cap": "03043",
		"comune": "CASSINO",
		"provincia": "FR"
	}
	,
	{
		"codMec": "fric85400d",
		"tipo": "ISTITUTO COMPRENSIVO",
		"nome": "I.C. 2^  CASSINO",
		"indirizzo": "VIA KARL HEROLD",
		"cap": "03043",
		"comune": "CASSINO",
		"provincia": "FR"
	}
	,
	{
		"codMec": "frtf020002",
		"tipo": "ISTITUTO TECNICO INDUSTRIALE",
		"nome": "I.T.I.S. \"ETTORE MAJORANA\" CASSINO",
		"indirizzo": "VIA RAPIDO N? 2",
		"cap": "03043",
		"comune": "CASSINO",
		"provincia": "FR"
	}
	,
	{
		"codMec": "frtd10000b",
		"tipo": "IST TEC COMMERCIALE E PER GEOMETRI",
		"nome": "I.T.C.G. \"MED. ORO CITTA DI CASSINO\"",
		"indirizzo": "VIA GARI SNC",
		"cap": "03043",
		"comune": "CASSINO",
		"provincia": "FR"
	}
	,
	{
		"codMec": "frps02000x",
		"tipo": "LICEO SCIENTIFICO",
		"nome": "LICEO SCIENTIFICO \"PELLECCHIA\" CASSINO",
		"indirizzo": "LOC. FOLCARA",
		"cap": "03043",
		"comune": "CASSINO",
		"provincia": "FR"
	}
	,
	{
		"codMec": "frpm070002",
		"tipo": "ISTITUTO MAGISTRALE",
		"nome": "ISTITUTO MAGISTRALE \"VARRONE\" CASSINO",
		"indirizzo": "VIALE EUROPA ,28",
		"cap": "03043",
		"comune": "CASSINO",
		"provincia": "FR"
	}
	,
	{
		"codMec": "frpc03000b",
		"tipo": "LICEO CLASSICO",
		"nome": "LICEO CLASSICO \"CARDUCCI\" CASSINO",
		"indirizzo": "VIA LOMBARDIA, 1",
		"cap": "03043",
		"comune": "CASSINO",
		"provincia": "FR"
	}
	,
	{
		"codMec": "fris014007",
		"tipo": "ISTITUTO SUPERIORE",
		"nome": "I.I.S. \"A. RIGHI \" CASSINO",
		"indirizzo": "VIA BERLINO, 2",
		"cap": "03043",
		"comune": "CASSINO",
		"provincia": "FR"
	}
	,
	{
		"codMec": "fris007004",
		"tipo": "ISTITUTO SUPERIORE",
		"nome": "I.I.S. \"SAN BENEDETTO\" CASSINO",
		"indirizzo": "VIA SANT\\'ANGELO  SNC",
		"cap": "03043",
		"comune": "CASSINO",
		"provincia": "FR"
	}
	,
	{
		"codMec": "fric814003",
		"tipo": "ISTITUTO COMPRENSIVO",
		"nome": "I.C. CASTRO DEI VOLSCI",
		"indirizzo": "VIA FRASSO SNC",
		"cap": "03020",
		"comune": "CASTRO DEI VOLSCI",
		"provincia": "FR"
	}
	,
	{
		"codMec": "fris027009",
		"tipo": "ISTITUTO SUPERIORE",
		"nome": "I.I.S. \"CESARE BARONIO\" SORA",
		"indirizzo": "VIALE SAN DOMENICO",
		"cap": "03039",
		"comune": "SORA",
		"provincia": "FR"
	}
	,
	{
		"codMec": "fric830001",
		"tipo": "ISTITUTO COMPRENSIVO",
		"nome": "I.  C.   SUPINO",
		"indirizzo": "VIA DE\\' NOTARI, SNC",
		"cap": "03019",
		"comune": "SUPINO",
		"provincia": "FR"
	}
	,
	{
		"codMec": "fric86100l",
		"tipo": "ISTITUTO COMPRENSIVO",
		"nome": "I.C. 1^ VEROLI",
		"indirizzo": "PIAZZA GIUSEPPE TRULLI, 8",
		"cap": "03029",
		"comune": "VEROLI",
		"provincia": "FR"
	}
	,
	{
		"codMec": "fric848006",
		"tipo": "ISTITUTO COMPRENSIVO",
		"nome": "I.C. 2^ VEROLI",
		"indirizzo": "VIA I LUCI",
		"cap": "03029",
		"comune": "VEROLI",
		"provincia": "FR"
	}
	,
	{
		"codMec": "frps03000e",
		"tipo": "LICEO SCIENTIFICO",
		"nome": "LICEO SCIENTIFICO \"G. SULPICIO\" VEROLI",
		"indirizzo": "PIAZZALE VITTORIO VENETO",
		"cap": "03029",
		"comune": "VEROLI",
		"provincia": "FR"
	}
	,
	{
		"codMec": "fric82500d",
		"tipo": "ISTITUTO COMPRENSIVO",
		"nome": "I.C. PIEDIMONTE SAN GERMANO",
		"indirizzo": "VIA MILAZZO, 21",
		"cap": "03030",
		"comune": "PIEDIMONTE SAN GERMANO",
		"provincia": "FR"
	}
	,
	{
		"codMec": "fric80700x",
		"tipo": "ISTITUTO COMPRENSIVO",
		"nome": "I.C. \"O. BOTTINI\" PIGLIO",
		"indirizzo": "VIA PIAGGE",
		"cap": "03010",
		"comune": "PIGLIO",
		"provincia": "FR"
	}
	,
	{
		"codMec": "fric85300n",
		"tipo": "ISTITUTO COMPRENSIVO",
		"nome": "I.C. 1^ PONTECORVO",
		"indirizzo": "VIA SAN GIOVANNI BATTISTA",
		"cap": "03037",
		"comune": "PONTECORVO",
		"provincia": "FR"
	}
	,
	{
		"codMec": "fric85200t",
		"tipo": "ISTITUTO COMPRENSIVO",
		"nome": "I.C. 2^ PONTECORVO",
		"indirizzo": "VIA ALDO MORO S.N.C.",
		"cap": "03037",
		"comune": "PONTECORVO",
		"provincia": "FR"
	}
	,
	{
		"codMec": "fris00900q",
		"tipo": "ISTITUTO SUPERIORE",
		"nome": "I.I.S. PONTECORVO",
		"indirizzo": "VIA XXIV MAGGI0, 106",
		"cap": "03037",
		"comune": "PONTECORVO",
		"provincia": "FR"
	}
	,
	{
		"codMec": "fric81100g",
		"tipo": "ISTITUTO COMPRENSIVO",
		"nome": "I.C. RIPI",
		"indirizzo": "PIAZZA G. BACCELLI, 4",
		"cap": "03027",
		"comune": "RIPI",
		"provincia": "FR"
	}
	,
	{
		"codMec": "fric834008",
		"tipo": "ISTITUTO COMPRENSIVO",
		"nome": "IST.OMNICOMPRENSIVO ROCCASECCA",
		"indirizzo": "VIA PIAVE, 9",
		"cap": "03038",
		"comune": "ROCCASECCA",
		"provincia": "FR"
	}
	,
	{
		"codMec": "fric826009",
		"tipo": "ISTITUTO COMPRENSIVO",
		"nome": "I.C. SAN GIORGIO A LIRI",
		"indirizzo": "VIA GARIBALDI S.N.C.",
		"cap": "03047",
		"comune": "SAN GIORGIO A LIRI",
		"provincia": "FR"
	}
	,
	{
		"codMec": "fric857001",
		"tipo": "ISTITUTO COMPRENSIVO",
		"nome": "I.C. SANT\\'ELIA FIUMERAPIDO",
		"indirizzo": "VIA DELLE TORRI",
		"cap": "03049",
		"comune": "SANT\\'ELIA FIUMERAPIDO",
		"provincia": "FR"
	}
	,
	{
		"codMec": "fric806004",
		"tipo": "ISTITUTO COMPRENSIVO",
		"nome": "I.C. SERRONE",
		"indirizzo": "VIA MONTE SCALAMBRA SNC",
		"cap": "03010",
		"comune": "SERRONE",
		"provincia": "FR"
	}
	,
	{
		"codMec": "fris02100a",
		"tipo": "ISTITUTO SUPERIORE",
		"nome": "I.I.S. \"SIMONCELLI\" SORA",
		"indirizzo": "VIALE VINCENZO SIMONCELLI",
		"cap": "03039",
		"comune": "SORA",
		"provincia": "FR"
	}
	,
	{
		"codMec": "fric849002",
		"tipo": "ISTITUTO COMPRENSIVO",
		"nome": "I.C. 1^ SORA",
		"indirizzo": "VIALE VINCENZO SIMONCELLI",
		"cap": "03039",
		"comune": "SORA",
		"provincia": "FR"
	}
	,
	{
		"codMec": "fric850006",
		"tipo": "ISTITUTO COMPRENSIVO",
		"nome": "I.C. 2^ \"RICCARDO GULIA\" SORA",
		"indirizzo": "VIA GUGLIELMO MARCONI",
		"cap": "03039",
		"comune": "SORA",
		"provincia": "FR"
	}
	,
	{
		"codMec": "fric851002",
		"tipo": "ISTITUTO COMPRENSIVO",
		"nome": "I.C. 3^  SORA",
		"indirizzo": "VIA PIEMONTE N. 20",
		"cap": "03039",
		"comune": "SORA",
		"provincia": "FR"
	}
	,
	{
		"codMec": "frps040005",
		"tipo": "LICEO SCIENTIFICO",
		"nome": "LICEO SCIENTIFICO \"LEONARDO DA VINCI\"",
		"indirizzo": "VIALE SAN DOMENICO N. 5",
		"cap": "03039",
		"comune": "SORA",
		"provincia": "FR"
	}
	,
	{
		"codMec": "fric85900l",
		"tipo": "ISTITUTO COMPRENSIVO",
		"nome": "I.C. 1^  FROSINONE",
		"indirizzo": "VIA MASTRUCCIA, 35",
		"cap": "03100",
		"comune": "FROSINONE",
		"provincia": "FR"
	}
	,
	{
		"codMec": "fris00800x",
		"tipo": "ISTITUTO SUPERIORE",
		"nome": "I.I.S. \"L.ANGELONI\"",
		"indirizzo": "VIALE ROMA, 69",
		"cap": "03100",
		"comune": "FROSINONE",
		"provincia": "FR"
	}
	,
	{
		"codMec": "fris01100q",
		"tipo": "ISTITUTO SUPERIORE",
		"nome": "I.I.S. \"A.G. BRAGAGLIA\" FROSINONE",
		"indirizzo": "VIA CASALE RICCI, 2",
		"cap": "03100",
		"comune": "FROSINONE",
		"provincia": "FR"
	}
	,
	{
		"codMec": "fris01700p",
		"tipo": "ISTITUTO SUPERIORE",
		"nome": "I.I.S. \"BRUNELLESCHI-DA VINCI\" FROSINONE",
		"indirizzo": "VIA PIAVE 39",
		"cap": "03100",
		"comune": "FROSINONE",
		"provincia": "FR"
	}
	,
	{
		"codMec": "fris01800e",
		"tipo": "ISTITUTO SUPERIORE",
		"nome": "I.I.S. \"A. VOLTA\" FROSINONE",
		"indirizzo": "VIALE ROMA",
		"cap": "03100",
		"comune": "FROSINONE",
		"provincia": "FR"
	}
	,
	{
		"codMec": "fric84700a",
		"tipo": "ISTITUTO COMPRENSIVO",
		"nome": "I.C. 2^ FROSINONE",
		"indirizzo": "VIA GIACOMO PUCCINI SNC",
		"cap": "03100",
		"comune": "FROSINONE",
		"provincia": "FR"
	}
	,
	{
		"codMec": "fris02400t",
		"tipo": "ISTITUTO SUPERIORE",
		"nome": "I.I.S. \"TURRIZIANI\" FROSINONE",
		"indirizzo": "VIA ACCIACCARELLI, 53",
		"cap": "03100",
		"comune": "FROSINONE",
		"provincia": "FR"
	}
	,
	{
		"codMec": "fric86000r",
		"tipo": "ISTITUTO COMPRENSIVO",
		"nome": "I.C. 3^ FROSINONE",
		"indirizzo": "VIA FOSSE ARDEATINE, 14",
		"cap": "03100",
		"comune": "FROSINONE",
		"provincia": "FR"
	}
	,
	{
		"codMec": "frps010009",
		"tipo": "LICEO SCIENTIFICO",
		"nome": "LICEO SCIENTIFICO \"SEVERI\" FROSINONE",
		"indirizzo": "VIALE EUROPA, 36",
		"cap": "03100",
		"comune": "FROSINONE",
		"provincia": "FR"
	}
	,
	{
		"codMec": "fric80400c",
		"tipo": "ISTITUTO COMPRENSIVO",
		"nome": "I.C. GUARCINO",
		"indirizzo": "VIA S. FRANCESCO N. 9",
		"cap": "03016",
		"comune": "GUARCINO",
		"provincia": "FR"
	}
	,
	{
		"codMec": "fric83200l",
		"tipo": "ISTITUTO COMPRENSIVO",
		"nome": "I.C. ISOLA DEL LIRI",
		"indirizzo": "VIA  CARNELLO, 38",
		"cap": "03036",
		"comune": "ISOLA DEL LIRI",
		"provincia": "FR"
	}
	,
	{
		"codMec": "fris02600d",
		"tipo": "ISTITUTO SUPERIORE",
		"nome": "I.I.S. \"NICOLUCCI-REGGIO\" ISOLA DEL LIRI",
		"indirizzo": "VIA LUIGI PIRANDELLO, 7",
		"cap": "03036",
		"comune": "ISOLA DEL LIRI",
		"provincia": "FR"
	}
	,
	{
		"codMec": "fric835004",
		"tipo": "ISTITUTO COMPRENSIVO",
		"nome": "I.C.  2^ M.S. GIOVANNI CAMPANO",
		"indirizzo": "VIA POZZO SAN PAOLO",
		"cap": "03025",
		"comune": "MONTE SAN GIOVANNI CAMPANO",
		"provincia": "FR"
	}
	,
	{
		"codMec": "fric83300c",
		"tipo": "ISTITUTO COMPRENSIVO",
		"nome": "I.C. 1^ M.S. GIOVANNI CAMPANO",
		"indirizzo": "VIA POZZO S.PAOLO S.N.C.",
		"cap": "03025",
		"comune": "MONTE SAN GIOVANNI CAMPANO",
		"provincia": "FR"
	}
	,
	{
		"codMec": "fric827005",
		"tipo": "ISTITUTO COMPRENSIVO",
		"nome": "I.C. PALIANO",
		"indirizzo": "VIA FRATELLI BEGUINOT, 30/A",
		"cap": "03018",
		"comune": "PALIANO",
		"provincia": "FR"
	}
	,
	{
		"codMec": "fris01900a",
		"tipo": "ISTITUTO SUPERIORE",
		"nome": "I.I.S. CECCANO",
		"indirizzo": "VIA GAETA, 105",
		"cap": "03023",
		"comune": "CECCANO",
		"provincia": "FR"
	}
	,
	{
		"codMec": "frps070001",
		"tipo": "LICEO SCIENTIFICO",
		"nome": "LICEO SCIENTIFICO E LINGUISTICO CECCANO",
		"indirizzo": "VIA FABRATERIA VETUS S.N.C.",
		"cap": "03023",
		"comune": "CECCANO",
		"provincia": "FR"
	}
	,
	{
		"codMec": "fric842007",
		"tipo": "ISTITUTO COMPRENSIVO",
		"nome": "I.C. 1^ CECCANO",
		"indirizzo": "VIA GIACOMO MATTEOTTI",
		"cap": "03023",
		"comune": "CECCANO",
		"provincia": "FR"
	}
	,
	{
		"codMec": "fric85800r",
		"tipo": "ISTITUTO COMPRENSIVO",
		"nome": "I.C. 2^ CECCANO",
		"indirizzo": "VIA GAETA 123",
		"cap": "03023",
		"comune": "CECCANO",
		"provincia": "FR"
	}
	,
	{
		"codMec": "fric83100r",
		"tipo": "ISTITUTO COMPRENSIVO",
		"nome": "I. C.  CEPRANO",
		"indirizzo": "VIA DON LUIGI CATELLI    SNC",
		"cap": "03024",
		"comune": "CEPRANO",
		"provincia": "FR"
	}
	,
	{
		"codMec": "fric843003",
		"tipo": "ISTITUTO COMPRENSIVO",
		"nome": "I.C. CERVARO",
		"indirizzo": "CORSO DELLA REPUBBLICA",
		"cap": "03044",
		"comune": "CERVARO",
		"provincia": "FR"
	}
	,
	{
		"codMec": "fric80300l",
		"tipo": "ISTITUTO COMPRENSIVO",
		"nome": "I.C. ESPERIA",
		"indirizzo": "VIA SAN ROCCO, 5",
		"cap": "03045",
		"comune": "ESPERIA",
		"provincia": "FR"
	}
	,
	{
		"codMec": "fris001005",
		"tipo": "ISTITUTO SUPERIORE",
		"nome": "I.I.S. \"FILETICO\" FERENTINO",
		"indirizzo": "PIAZZA COLLEGIO \"MARTINO FILETICO\"",
		"cap": "03013",
		"comune": "FERENTINO",
		"provincia": "FR"
	}
	,
	{
		"codMec": "frtf06000c",
		"tipo": "ISTITUTO TECNICO INDUSTRIALE",
		"nome": "I.T.I.S.\"M.O.V.M.DON MOROSINI\" FERENTINO",
		"indirizzo": "VIA CASILINA",
		"cap": "03013",
		"comune": "FERENTINO",
		"provincia": "FR"
	}
	,
	{
		"codMec": "fric84000g",
		"tipo": "ISTITUTO COMPRENSIVO",
		"nome": "I.C. 2^ FERENTINO",
		"indirizzo": "VIA ALFONSO BARTOLI, 53",
		"cap": "03013",
		"comune": "FERENTINO",
		"provincia": "FR"
	}
	,
	{
		"codMec": "fric83900b",
		"tipo": "ISTITUTO COMPRENSIVO",
		"nome": "I.C. 1^ FERENTINO",
		"indirizzo": "VIA CIRCONVALLAZIONE  LOLLI GHETTI",
		"cap": "03013",
		"comune": "FERENTINO",
		"provincia": "FR"
	}
	,
	{
		"codMec": "frrh030008",
		"tipo": "IST PROF  ALBERGHIERO",
		"nome": "I.P.S.S.E.O.A. \"M. BUONARROTI\" FIUGGI",
		"indirizzo": "VIA GIUSEPPE GARIBALDI",
		"cap": "03014",
		"comune": "FIUGGI",
		"provincia": "FR"
	}
	,
	{
		"codMec": "fric83600x",
		"tipo": "ISTITUTO COMPRENSIVO",
		"nome": "I.C. FIUGGI",
		"indirizzo": "VIA VAL MADONNA, 14",
		"cap": "03014",
		"comune": "FIUGGI",
		"provincia": "FR"
	}
	,
	{
		"codMec": "fric84600e",
		"tipo": "ISTITUTO COMPRENSIVO",
		"nome": "I.C. FROSINONE IV",
		"indirizzo": "VIALE TEVERE, 72",
		"cap": "03100",
		"comune": "FROSINONE",
		"provincia": "FR"
	}
	,
	{
		"codMec": "frmm466008",
		"tipo": "SCUOLA PRIMO GRADO",
		"nome": "8^ CPIA PROVINCIA FROSINONE",
		"indirizzo": "VIA MASCAGNI 14",
		"cap": "03100",
		"comune": "FROSINONE",
		"provincia": "FR"
	}
]