[
	{
		"codMec": "miic8e900v",
		"tipo": "ISTITUTO COMPRENSIVO",
		"nome": "I.C.  VIA PALESTRO",
		"indirizzo": "VIA  PALESTRO  41",
		"cap": "20081",
		"comune": "ABBIATEGRASSO",
		"provincia": "MI"
	}
	,
	{
		"codMec": "miis01400d",
		"tipo": "ISTITUTO SUPERIORE",
		"nome": "E.ALESSANDRINI",
		"indirizzo": "VIA        LUIGI EINAUDI 3",
		"cap": "20081",
		"comune": "ABBIATEGRASSO",
		"provincia": "MI"
	}
	,
	{
		"codMec": "miis003003",
		"tipo": "ISTITUTO SUPERIORE",
		"nome": "VITTORIO BACHELET",
		"indirizzo": "VIA  STIGNANI, 63/65",
		"cap": "20081",
		"comune": "ABBIATEGRASSO",
		"provincia": "MI"
	}
	,
	{
		"codMec": "miic8e8003",
		"tipo": "ISTITUTO COMPRENSIVO",
		"nome": "I.C.\"ALDO MORO\"ABBIATEGRASSO",
		"indirizzo": "VIA COLOMBO 10",
		"cap": "20081",
		"comune": "ABBIATEGRASSO",
		"provincia": "MI"
	}
	,
	{
		"codMec": "miic8e7007",
		"tipo": "ISTITUTO COMPRENSIVO",
		"nome": "I.C.  \"TIZIANO TERZANI\"",
		"indirizzo": "VIA LEGNANO 92",
		"cap": "20081",
		"comune": "ABBIATEGRASSO",
		"provincia": "MI"
	}
	,
	{
		"codMec": "miic8ey003",
		"tipo": "ISTITUTO COMPRENSIVO",
		"nome": "VIA S.DOMENICO SAVIO",
		"indirizzo": "VIA CESARE BATTISTI 44",
		"cap": "20864",
		"comune": "AGRATE BRIANZA",
		"provincia": "MI"
	}
	,
	{
		"codMec": "miic829003",
		"tipo": "ISTITUTO COMPRENSIVO",
		"nome": "IC ALBIATE TRIUGGIO",
		"indirizzo": "VIA KENNEDY 9",
		"cap": "20844",
		"comune": "ALBIATE",
		"provincia": "MI"
	}
	,
	{
		"codMec": "miic8bq00q",
		"tipo": "ISTITUTO COMPRENSIVO",
		"nome": "IC VIA MONGINEVRO",
		"indirizzo": "VIA MONGINEVRO, 1",
		"cap": "20862",
		"comune": "ARCORE",
		"provincia": "MI"
	}
	,
	{
		"codMec": "mips340002",
		"tipo": "LICEO SCIENTIFICO",
		"nome": "G.FALCONE E P. BORSELLINO",
		"indirizzo": "VIA MATTEOTTI,29",
		"cap": "20020",
		"comune": "ARESE",
		"provincia": "MI"
	}
	,
	{
		"codMec": "miic8eb004",
		"tipo": "ISTITUTO COMPRENSIVO",
		"nome": "IST. COMPRENSIVO EUROPA UNITA",
		"indirizzo": "VIA VARZI 13 INT. 1",
		"cap": "20020",
		"comune": "ARESE",
		"provincia": "MI"
	}
	,
	{
		"codMec": "miic8ec00x",
		"tipo": "ISTITUTO COMPRENSIVO",
		"nome": "DON GNOCCHI  - ARESE",
		"indirizzo": "VIA DEI GELSI, 1",
		"cap": "20020",
		"comune": "ARESE",
		"provincia": "MI"
	}
	,
	{
		"codMec": "miic860003",
		"tipo": "ISTITUTO COMPRENSIVO",
		"nome": "IC S.PELLICO/ARLUNO",
		"indirizzo": "PIAZZA EUROPA 9",
		"cap": "20010",
		"comune": "ARLUNO",
		"provincia": "MI"
	}
	,
	{
		"codMec": "miic886007",
		"tipo": "ISTITUTO COMPRENSIVO",
		"nome": "IC MARGHERITA HACK",
		"indirizzo": "VIA MATTEOTTI, 3",
		"cap": "20090",
		"comune": "ASSAGO",
		"provincia": "MI"
	}
	,
	{
		"codMec": "miic86700t",
		"tipo": "ISTITUTO COMPRENSIVO",
		"nome": "IC GIORGIO PERLASCA/BAREGGIO",
		"indirizzo": "VIA MATTEOTTI, 35",
		"cap": "20010",
		"comune": "BAREGGIO",
		"provincia": "MI"
	}
	,
	{
		"codMec": "miic85000c",
		"tipo": "ISTITUTO COMPRENSIVO",
		"nome": "IC BARLASSINA",
		"indirizzo": "VIA COLOMBO 32",
		"cap": "20825",
		"comune": "BARLASSINA",
		"provincia": "MI"
	}
	,
	{
		"codMec": "miic8ge00r",
		"tipo": "ISTITUTO COMPRENSIVO",
		"nome": "I.C.  VIA DON STURZO  BRESSO",
		"indirizzo": "VIA DON STURZO 46",
		"cap": "20091",
		"comune": "BRESSO",
		"provincia": "MI"
	}
	,
	{
		"codMec": "miic8gf00l",
		"tipo": "ISTITUTO COMPRENSIVO",
		"nome": "IC VIA BOLOGNA /BRESSO",
		"indirizzo": "VIA BOLOGNA N. 38",
		"cap": "20091",
		"comune": "BRESSO",
		"provincia": "MI"
	}
	,
	{
		"codMec": "miic8aj00c",
		"tipo": "ISTITUTO COMPRENSIVO",
		"nome": "IC  DON CAMAGNI/ BRUGHERIO",
		"indirizzo": "VIA KENNEDY, 15",
		"cap": "20861",
		"comune": "BRUGHERIO",
		"provincia": "MI"
	}
	,
	{
		"codMec": "miic8am00n",
		"tipo": "ISTITUTO COMPRENSIVO",
		"nome": "IC  FILIPPO DE PISIS/BRUGHERIO",
		"indirizzo": "VIA VITTORIO VENETO 54",
		"cap": "20861",
		"comune": "BRUGHERIO",
		"provincia": "MI"
	}
	,
	{
		"codMec": "miic8al00t",
		"tipo": "ISTITUTO COMPRENSIVO",
		"nome": "IC VIA N.SAURO/BRUGHERIO",
		"indirizzo": "VIA NAZARIO SAURO 135",
		"cap": "20861",
		"comune": "BRUGHERIO",
		"provincia": "MI"
	}
	,
	{
		"codMec": "miic8ef00b",
		"tipo": "ISTITUTO COMPRENSIVO",
		"nome": "VIA ALDO MORO-BUCCINASCO I",
		"indirizzo": "VIA ALDO MORO-ROBBIOLO",
		"cap": "20090",
		"comune": "BUCCINASCO",
		"provincia": "MI"
	}
	,
	{
		"codMec": "miic8eg007",
		"tipo": "ISTITUTO COMPRENSIVO",
		"nome": "RITA LEVI MONTALCINI",
		"indirizzo": "VIA LIGURIA N. 2",
		"cap": "20090",
		"comune": "BUCCINASCO",
		"provincia": "MI"
	}
	,
	{
		"codMec": "miic84000t",
		"tipo": "ISTITUTO COMPRENSIVO",
		"nome": "IST. OMNICOMPRENSIVO EUROPEO",
		"indirizzo": "VIA DELLE SCUOLE, 20",
		"cap": "20020",
		"comune": "BUSCATE",
		"provincia": "MI"
	}
	,
	{
		"codMec": "miic8dp005",
		"tipo": "ISTITUTO COMPRENSIVO",
		"nome": "IC BUSNAGO",
		"indirizzo": "VIA DEL CAMPO 4",
		"cap": "20874",
		"comune": "BUSNAGO",
		"provincia": "MI"
	}
	,
	{
		"codMec": "miic8bg00b",
		"tipo": "ISTITUTO COMPRENSIVO",
		"nome": "IC MONTE GRAPPA/BUSSERO",
		"indirizzo": "VIA G.DI VITTORIO, 1",
		"cap": "20060",
		"comune": "BUSSERO",
		"provincia": "MI"
	}
	,
	{
		"codMec": "miic8dl00n",
		"tipo": "ISTITUTO COMPRENSIVO",
		"nome": "IC TARRA/BUSTO GAROLFO",
		"indirizzo": "VIA CORREGGIO, 80",
		"cap": "20020",
		"comune": "BUSTO GAROLFO",
		"provincia": "MI"
	}
	,
	{
		"codMec": "miic844005",
		"tipo": "ISTITUTO COMPRENSIVO",
		"nome": "ICS ALDO MORO/CANEGRATE",
		"indirizzo": "VIA REDIPUGLIA 8",
		"cap": "20010",
		"comune": "CANEGRATE",
		"provincia": "MI"
	}
	,
	{
		"codMec": "miic830007",
		"tipo": "ISTITUTO COMPRENSIVO",
		"nome": "IC G.D.ROMAGNOSI/CARATE BRIANZA",
		"indirizzo": "VIA GENERAL CANTORE,16/A",
		"cap": "20841",
		"comune": "CARATE BRIANZA",
		"provincia": "MI"
	}
	,
	{
		"codMec": "miis09800n",
		"tipo": "ISTITUTO SUPERIORE",
		"nome": "LEONARDO DA VINCI",
		"indirizzo": "VIA DE GASPERI,1",
		"cap": "20841",
		"comune": "CARATE BRIANZA",
		"provincia": "MI"
	}
	,
	{
		"codMec": "miic8bz00x",
		"tipo": "ISTITUTO COMPRENSIVO",
		"nome": "ISTITUTO COMPRENSIVO CARNATE",
		"indirizzo": "VIA DON E. MAGNI, 2",
		"cap": "20866",
		"comune": "CARNATE",
		"provincia": "MI"
	}
	,
	{
		"codMec": "miic88400g",
		"tipo": "ISTITUTO COMPRENSIVO",
		"nome": "IC BASIGLIO",
		"indirizzo": "PIAZZA LEONARDO DA VINCI SNC",
		"cap": "20080",
		"comune": "BASIGLIO",
		"provincia": "MI"
	}
	,
	{
		"codMec": "miic8cp00e",
		"tipo": "ISTITUTO COMPRENSIVO",
		"nome": "IC  BELLUSCO E MEZZAGO",
		"indirizzo": "PASCOLI, 9",
		"cap": "20882",
		"comune": "BELLUSCO",
		"provincia": "MI"
	}
	,
	{
		"codMec": "miic8b100c",
		"tipo": "ISTITUTO COMPRENSIVO",
		"nome": "IC  VIA EUROPA/BERNAREGGIO",
		"indirizzo": "VIA EUROPA, 2",
		"cap": "20044",
		"comune": "BERNAREGGIO",
		"provincia": "MI"
	}
	,
	{
		"codMec": "miic83900n",
		"tipo": "ISTITUTO COMPRENSIVO",
		"nome": "IC GIOV.XIII BESANA IN BRIANZA",
		"indirizzo": "VIA LEONARDO DA VINCI, 5",
		"cap": "20045",
		"comune": "BESANA IN BRIANZA",
		"provincia": "MI"
	}
	,
	{
		"codMec": "miis00600e",
		"tipo": "ISTITUTO SUPERIORE",
		"nome": "GANDHI MOHANDAS KARAMCHAND",
		"indirizzo": "VIA  FOSCOLO, 1",
		"cap": "20842",
		"comune": "BESANA IN BRIANZA",
		"provincia": "MI"
	}
	,
	{
		"codMec": "miic82600g",
		"tipo": "ISTITUTO COMPRENSIVO",
		"nome": "IC \"S. ANDREA\" - BIASSONO",
		"indirizzo": "VIA A. LOCATELLI N. 41",
		"cap": "20853",
		"comune": "BIASSONO",
		"provincia": "MI"
	}
	,
	{
		"codMec": "miic8fe006",
		"tipo": "ISTITUTO COMPRENSIVO",
		"nome": "I.C. DI BINASCO",
		"indirizzo": "P.ZZA XXV APRILE, 30/A",
		"cap": "20082",
		"comune": "BINASCO",
		"provincia": "MI"
	}
	,
	{
		"codMec": "miic881004",
		"tipo": "ISTITUTO COMPRENSIVO",
		"nome": "IC  NOVIGLIO-CASARILE",
		"indirizzo": "VIA VERDI, 2/2",
		"cap": "20082",
		"comune": "BINASCO",
		"provincia": "MI"
	}
	,
	{
		"codMec": "miic8a900c",
		"tipo": "ISTITUTO COMPRENSIVO",
		"nome": "G. RODARI",
		"indirizzo": "VIA AQUILEIA, 1",
		"cap": "20021",
		"comune": "BOLLATE",
		"provincia": "MI"
	}
	,
	{
		"codMec": "miic8a800l",
		"tipo": "ISTITUTO COMPRENSIVO",
		"nome": "IC BRIANZA/BOLLATE",
		"indirizzo": "VIA BRIANZA, 20",
		"cap": "20021",
		"comune": "BOLLATE",
		"provincia": "MI"
	}
	,
	{
		"codMec": "mitd330007",
		"tipo": "IST TEC COMMERCIALE E PER GEOMETRI",
		"nome": "PRIMO LEVI",
		"indirizzo": "VIA  VARALLI,20",
		"cap": "20021",
		"comune": "BOLLATE",
		"provincia": "MI"
	}
	,
	{
		"codMec": "miic8ee00g",
		"tipo": "ISTITUTO COMPRENSIVO",
		"nome": "I.C. MONTESSORI BOLLATE",
		"indirizzo": "VIA  MONTESSORI  N. 10",
		"cap": "20021",
		"comune": "BOLLATE",
		"provincia": "MI"
	}
	,
	{
		"codMec": "miic8ed00q",
		"tipo": "ISTITUTO COMPRENSIVO",
		"nome": "\"ROSMINI\"",
		"indirizzo": "VIA DIAZ 44",
		"cap": "20021",
		"comune": "BOLLATE",
		"provincia": "MI"
	}
	,
	{
		"codMec": "mitd450009",
		"tipo": "IST TEC COMMERCIALE E PER GEOMETRI",
		"nome": "ERASMO DA ROTTERDAM",
		"indirizzo": "VIA VARALLI,24",
		"cap": "20021",
		"comune": "BOLLATE",
		"provincia": "MI"
	}
	,
	{
		"codMec": "miic86800n",
		"tipo": "ISTITUTO COMPRENSIVO",
		"nome": "IC MANZONI/BOVISIO MASCIAGO",
		"indirizzo": "VIA CANTU\\' 13",
		"cap": "20813",
		"comune": "BOVISIO-MASCIAGO",
		"provincia": "MI"
	}
	,
	{
		"codMec": "miic8bj003",
		"tipo": "ISTITUTO COMPRENSIVO",
		"nome": "ISTITUTO COMP. DI CARUGATE",
		"indirizzo": "VIA S.FRANCESCO,5",
		"cap": "20061",
		"comune": "CARUGATE",
		"provincia": "MI"
	}
	,
	{
		"codMec": "miic8cc00p",
		"tipo": "ISTITUTO COMPRENSIVO",
		"nome": "IC  Q. DI VONA/CASSANO D\\'ADDA",
		"indirizzo": "VIA L.DA VINCI,2",
		"cap": "20062",
		"comune": "CASSANO D\\'ADDA",
		"provincia": "MI"
	}
	,
	{
		"codMec": "miic8bh007",
		"tipo": "ISTITUTO COMPRENSIVO",
		"nome": "IC STATALE/CASSINA DE\\' PECCH",
		"indirizzo": "PIAZZA UNITA\\' D\\'ITALIA",
		"cap": "20060",
		"comune": "CASSINA DE\\' PECCHI",
		"provincia": "MI"
	}
	,
	{
		"codMec": "miis01200t",
		"tipo": "ISTITUTO SUPERIORE",
		"nome": "GIUSEPPE TORNO",
		"indirizzo": "PIAZZALE DON MILANI",
		"cap": "20022",
		"comune": "CASTANO PRIMO",
		"provincia": "MI"
	}
	,
	{
		"codMec": "miic837002",
		"tipo": "ISTITUTO COMPRENSIVO",
		"nome": "IC FALCONE E BORSELLINO CASTANO",
		"indirizzo": "VIA GIOLITTI",
		"cap": "20022",
		"comune": "CASTANO PRIMO",
		"provincia": "MI"
	}
	,
	{
		"codMec": "miic8cq00a",
		"tipo": "ISTITUTO COMPRENSIVO",
		"nome": "IC A. NEGRI/CAVENAGO B.",
		"indirizzo": "VIA SAN GIULIO, 20",
		"cap": "20873",
		"comune": "CAVENAGO DI BRIANZA",
		"provincia": "MI"
	}
	,
	{
		"codMec": "miic8e500g",
		"tipo": "ISTITUTO COMPRENSIVO",
		"nome": "IC VIA DON MILANI CERNUSCO S/N",
		"indirizzo": "VIA DON MILANI 4",
		"cap": "20063",
		"comune": "CERNUSCO SUL NAVIGLIO",
		"provincia": "MI"
	}
	,
	{
		"codMec": "miic8e400q",
		"tipo": "ISTITUTO COMPRENSIVO",
		"nome": "I.C PIAZZA UNITA D\\'ITALIA",
		"indirizzo": "PIAZZA UNITA D\\'ITALIA 4",
		"cap": "20063",
		"comune": "CERNUSCO SUL NAVIGLIO",
		"provincia": "MI"
	}
	,
	{
		"codMec": "mitd400008",
		"tipo": "IST TEC COMMERCIALE E PER GEOMETRI",
		"nome": "IST. TEC. STAT. AD ORDINAMENTO SPECIALE",
		"indirizzo": "VIA   MASACCIO,  4",
		"cap": "20063",
		"comune": "CERNUSCO SUL NAVIGLIO",
		"provincia": "MI"
	}
	,
	{
		"codMec": "miri21000e",
		"tipo": "IST PROF INDUSTRIA E ARTIGIANATO",
		"nome": "CERNUSCO SUL NAVIGLIO",
		"indirizzo": "VIA        VOLTA 11",
		"cap": "20063",
		"comune": "CERNUSCO SUL NAVIGLIO",
		"provincia": "MI"
	}
	,
	{
		"codMec": "miic84700l",
		"tipo": "ISTITUTO COMPRENSIVO",
		"nome": "IC  A. STROBINO/CERRO MAGGIORE",
		"indirizzo": "VIA BOCCACCIO 2E",
		"cap": "20023",
		"comune": "CERRO MAGGIORE",
		"provincia": "MI"
	}
	,
	{
		"codMec": "miic8et00x",
		"tipo": "ISTITUTO COMPRENSIVO",
		"nome": "DA VINCI - CESANO BOSCONE",
		"indirizzo": "VIA        VESPUCCI",
		"cap": "20090",
		"comune": "CESANO BOSCONE",
		"provincia": "MI"
	}
	,
	{
		"codMec": "miic8es004",
		"tipo": "ISTITUTO COMPRENSIVO",
		"nome": "IST. COMPRENSIVO ALESSANDRINI",
		"indirizzo": "VIA BRAMANTE 5",
		"cap": "20090",
		"comune": "CESANO BOSCONE",
		"provincia": "MI"
	}
	,
	{
		"codMec": "miis04200n",
		"tipo": "ISTITUTO SUPERIORE",
		"nome": "IS IRIS VERSARI",
		"indirizzo": "VIA CALABRIA,24",
		"cap": "20811",
		"comune": "CESANO MADERNO",
		"provincia": "MI"
	}
	,
	{
		"codMec": "miic8e1008",
		"tipo": "ISTITUTO COMPRENSIVO",
		"nome": "I.C.  I VIA DUCA D\\'AOSTA",
		"indirizzo": "VIA DUCA D\\'AOSTA, 3",
		"cap": "20811",
		"comune": "CESANO MADERNO",
		"provincia": "MI"
	}
	,
	{
		"codMec": "miic88900p",
		"tipo": "ISTITUTO COMPRENSIVO",
		"nome": "IC COPERNICO/CORSICO",
		"indirizzo": "VIA DON TORNAGHI N. 6",
		"cap": "20094",
		"comune": "CORSICO",
		"provincia": "MI"
	}
	,
	{
		"codMec": "miic83800t",
		"tipo": "ISTITUTO COMPRENSIVO",
		"nome": "IC  \"VIA CAVOUR\" CUGGIONO",
		"indirizzo": "VIA ANNONI, 47/A",
		"cap": "20012",
		"comune": "CUGGIONO",
		"provincia": "MI"
	}
	,
	{
		"codMec": "miic8ax00n",
		"tipo": "ISTITUTO COMPRENSIVO",
		"nome": "IC  E.FERMI/CUSANO MILANINO",
		"indirizzo": "P.ZZA TRENTO TRIESTE 1",
		"cap": "20095",
		"comune": "CUSANO MILANINO",
		"provincia": "MI"
	}
	,
	{
		"codMec": "miic8ay00d",
		"tipo": "ISTITUTO COMPRENSIVO",
		"nome": "IC GIOV. XXIII/CUSANO MILANINO",
		"indirizzo": "VIALE ROMA 27",
		"cap": "20095",
		"comune": "CUSANO MILANINO",
		"provincia": "MI"
	}
	,
	{
		"codMec": "miic87500r",
		"tipo": "ISTITUTO COMPRENSIVO",
		"nome": "IC  VIA PRATI/DESIO",
		"indirizzo": "PIAZZA NENNI,1",
		"cap": "20033",
		"comune": "DESIO",
		"provincia": "MI"
	}
	,
	{
		"codMec": "miic878008",
		"tipo": "ISTITUTO COMPRENSIVO",
		"nome": "IC  VIA TOLSTOJ 1/DESIO",
		"indirizzo": "VIA TOLSTOJ,1",
		"cap": "20033",
		"comune": "DESIO",
		"provincia": "MI"
	}
	,
	{
		"codMec": "mitf050004",
		"tipo": "ISTITUTO TECNICO INDUSTRIALE",
		"nome": "E. FERMI",
		"indirizzo": "VIA  AGNESI,24",
		"cap": "20832",
		"comune": "DESIO",
		"provincia": "MI"
	}
	,
	{
		"codMec": "mips10000t",
		"tipo": "LICEO SCIENTIFICO",
		"nome": "LICEO SCIENTIFICO E CLASSICO E. MAJORANA",
		"indirizzo": "VIA AGNESI 20",
		"cap": "20832",
		"comune": "DESIO",
		"provincia": "MI"
	}
	,
	{
		"codMec": "miic879004",
		"tipo": "ISTITUTO COMPRENSIVO",
		"nome": "IC  VIA AGNESI/DESIO",
		"indirizzo": "VIA AGNESI 10",
		"cap": "20832",
		"comune": "DESIO",
		"provincia": "MI"
	}
	,
	{
		"codMec": "miic874001",
		"tipo": "ISTITUTO COMPRENSIVO",
		"nome": "LEONARDO DA VINCI",
		"indirizzo": "VIA AL CORNICIONE, 35",
		"cap": "20083",
		"comune": "GAGGIANO",
		"provincia": "MI"
	}
	,
	{
		"codMec": "miis011002",
		"tipo": "ISTITUTO SUPERIORE",
		"nome": "IIS BERTRAND RUSSELL",
		"indirizzo": "VIA SAN CARLO, 19",
		"cap": "20024",
		"comune": "GARBAGNATE MILANESE",
		"provincia": "MI"
	}
	,
	{
		"codMec": "miic8ek004",
		"tipo": "ISTITUTO COMPRENSIVO",
		"nome": "I.C.S. \"KAROL  WOJTYLA\"",
		"indirizzo": "LARGO MONS. G. GERVASONI, 1",
		"cap": "20024",
		"comune": "GARBAGNATE MILANESE",
		"provincia": "MI"
	}
	,
	{
		"codMec": "miic8el00x",
		"tipo": "ISTITUTO COMPRENSIVO",
		"nome": "FUTURA",
		"indirizzo": "VIA  VILLORESI, 43",
		"cap": "20024",
		"comune": "GARBAGNATE MILANESE",
		"provincia": "MI"
	}
	,
	{
		"codMec": "miic8a6001",
		"tipo": "ISTITUTO COMPRENSIVO",
		"nome": "I.C. ALDA FAIP0\\'/ GESSATE",
		"indirizzo": "V.LE EUROPA 4",
		"cap": "20060",
		"comune": "GESSATE",
		"provincia": "MI"
	}
	,
	{
		"codMec": "misl12000x",
		"tipo": "LICEO ARTISTICO",
		"nome": "AMEDEO MODIGLIANI",
		"indirizzo": "VIA CAIMI 5",
		"cap": "20833",
		"comune": "GIUSSANO",
		"provincia": "MI"
	}
	,
	{
		"codMec": "miic8e2004",
		"tipo": "ISTITUTO COMPRENSIVO",
		"nome": "II VIA STELVIO",
		"indirizzo": "VIA STELVIO",
		"cap": "20811",
		"comune": "CESANO MADERNO",
		"provincia": "MI"
	}
	,
	{
		"codMec": "miis06200v",
		"tipo": "ISTITUTO SUPERIORE",
		"nome": "ETTORE MAJORANA",
		"indirizzo": "VIA DE GASPERI,6",
		"cap": "20811",
		"comune": "CESANO MADERNO",
		"provincia": "MI"
	}
	,
	{
		"codMec": "miic8ba00c",
		"tipo": "ISTITUTO COMPRENSIVO",
		"nome": "IC  GIOVANNI XXIII/CESATE",
		"indirizzo": "VIA VENEZIA",
		"cap": "20020",
		"comune": "CESATE",
		"provincia": "MI"
	}
	,
	{
		"codMec": "miic8as00r",
		"tipo": "ISTITUTO COMPRENSIVO",
		"nome": "IC ZANDONAI / CINISELLO BALSAMO",
		"indirizzo": "VIA RISORGIMENTO 174",
		"cap": "20092",
		"comune": "CINISELLO BALSAMO",
		"provincia": "MI"
	}
	,
	{
		"codMec": "miic8ar001",
		"tipo": "ISTITUTO COMPRENSIVO",
		"nome": "IC GARIBALDI/CINISELLO BALSAMO",
		"indirizzo": "VIA MARCONI 46",
		"cap": "20092",
		"comune": "CINISELLO BALSAMO",
		"provincia": "MI"
	}
	,
	{
		"codMec": "miic8aq005",
		"tipo": "ISTITUTO COMPRENSIVO",
		"nome": "IC  BUSCAGLIA/CINISELLO BALSAMO",
		"indirizzo": "VIA PAISIELLO, 2",
		"cap": "20092",
		"comune": "CINISELLO BALSAMO",
		"provincia": "MI"
	}
	,
	{
		"codMec": "miic8ap009",
		"tipo": "ISTITUTO COMPRENSIVO",
		"nome": "IC PIAZZA COSTA/CINISELLO",
		"indirizzo": "PIAZZA COSTA, 23",
		"cap": "20092",
		"comune": "CINISELLO BALSAMO",
		"provincia": "MI"
	}
	,
	{
		"codMec": "mitf270003",
		"tipo": "ISTITUTO TECNICO INDUSTRIALE",
		"nome": "CARTESIO",
		"indirizzo": "VIA GORKY N. 100",
		"cap": "20092",
		"comune": "CINISELLO BALSAMO",
		"provincia": "MI"
	}
	,
	{
		"codMec": "miic82500q",
		"tipo": "ISTITUTO COMPRENSIVO",
		"nome": "IC BALILLA PAGANELLI/ CINISELLO",
		"indirizzo": "VIA FRIULI ,18",
		"cap": "20092",
		"comune": "CINISELLO BALSAMO",
		"provincia": "MI"
	}
	,
	{
		"codMec": "mimm0cd00g",
		"tipo": "SCUOLA PRIMO GRADO",
		"nome": "CPIA 2 MILANO",
		"indirizzo": "PIAZZA COSTA 23",
		"cap": "20092",
		"comune": "CINISELLO BALSAMO",
		"provincia": "MI"
	}
	,
	{
		"codMec": "miis02800b",
		"tipo": "ISTITUTO SUPERIORE",
		"nome": "EUGENIO MONTALE",
		"indirizzo": "VIA GORKI,100",
		"cap": "20092",
		"comune": "CINISELLO BALSAMO",
		"provincia": "MI"
	}
	,
	{
		"codMec": "miis00100b",
		"tipo": "ISTITUTO SUPERIORE",
		"nome": "G.CASIRAGHI CON SEZ.STAC.L.CLAS",
		"indirizzo": "VIA GORKI 106",
		"cap": "20092",
		"comune": "CINISELLO BALSAMO",
		"provincia": "MI"
	}
	,
	{
		"codMec": "miic86900d",
		"tipo": "ISTITUTO COMPRENSIVO",
		"nome": "ICS ERASMO DA ROTTERDAM",
		"indirizzo": "VIA GIOVANNI XXIII N.8",
		"cap": "20080",
		"comune": "CISLIANO",
		"provincia": "MI"
	}
	,
	{
		"codMec": "miic866002",
		"tipo": "ISTITUTO COMPRENSIVO",
		"nome": "IC S.BATTISTI/COGLIATE",
		"indirizzo": "VIA BATTISTI 19",
		"cap": "20020",
		"comune": "COGLIATE",
		"provincia": "MI"
	}
	,
	{
		"codMec": "miic822008",
		"tipo": "ISTITUTO COMPRENSIVO",
		"nome": "IC MANZONI/COLOGNO MONZESE",
		"indirizzo": "VIA BOCCACCIO,13",
		"cap": "20093",
		"comune": "COLOGNO MONZESE",
		"provincia": "MI"
	}
	,
	{
		"codMec": "miic83400e",
		"tipo": "ISTITUTO COMPRENSIVO",
		"nome": "IC DON RINALDO BERETTA/GIUSSAN",
		"indirizzo": "VIA MANZONI 50",
		"cap": "20833",
		"comune": "GIUSSANO",
		"provincia": "MI"
	}
	,
	{
		"codMec": "miic83500a",
		"tipo": "ISTITUTO COMPRENSIVO",
		"nome": "IC GABRIO PIOLA/GIUSSANO",
		"indirizzo": "VIA MASSIMO D\\'AZEGLIO,41",
		"cap": "20833",
		"comune": "GIUSSANO",
		"provincia": "MI"
	}
	,
	{
		"codMec": "miis10300x",
		"tipo": "ISTITUTO SUPERIORE",
		"nome": "ARGENTIA",
		"indirizzo": "VIA   ADDA  N. 2",
		"cap": "20064",
		"comune": "GORGONZOLA",
		"provincia": "MI"
	}
	,
	{
		"codMec": "mitf21000b",
		"tipo": "ISTITUTO TECNICO INDUSTRIALE",
		"nome": "ITI G. MARCONI",
		"indirizzo": "VIA  ADDA,10",
		"cap": "20064",
		"comune": "GORGONZOLA",
		"provincia": "MI"
	}
	,
	{
		"codMec": "miic8bf00g",
		"tipo": "ISTITUTO COMPRENSIVO",
		"nome": "RITA LEVI MONTALCINI",
		"indirizzo": "VIA MAZZINI, 24",
		"cap": "20064",
		"comune": "GORGONZOLA",
		"provincia": "MI"
	}
	,
	{
		"codMec": "miic8e600b",
		"tipo": "ISTITUTO COMPRENSIVO",
		"nome": "I.C. MOLINO VECCHIO-GORGONZOLA",
		"indirizzo": "VIA MOLINO VECCHIO",
		"cap": "20064",
		"comune": "GORGONZOLA",
		"provincia": "MI"
	}
	,
	{
		"codMec": "miis016005",
		"tipo": "ISTITUTO SUPERIORE",
		"nome": "I.P.S.I.A. INVERUNO",
		"indirizzo": "VIA  MARCORA ,109",
		"cap": "20010",
		"comune": "INVERUNO",
		"provincia": "MI"
	}
	,
	{
		"codMec": "miic84100n",
		"tipo": "ISTITUTO COMPRENSIVO",
		"nome": "IC DON BOSCO/INVERUNO",
		"indirizzo": "VIA PALESTRO, 48",
		"cap": "20010",
		"comune": "INVERUNO",
		"provincia": "MI"
	}
	,
	{
		"codMec": "miis061003",
		"tipo": "ISTITUTO SUPERIORE",
		"nome": "IS MARISA BELLISARIO",
		"indirizzo": "VIA PADANA SUPERIORE, 20",
		"cap": "20065",
		"comune": "INZAGO",
		"provincia": "MI"
	}
	,
	{
		"codMec": "miic8ca003",
		"tipo": "ISTITUTO COMPRENSIVO",
		"nome": "IC  VIA LEOPARDI/INZAGO -",
		"indirizzo": "VIA LEOPARDI",
		"cap": "20065",
		"comune": "INZAGO",
		"provincia": "MI"
	}
	,
	{
		"codMec": "miic88200x",
		"tipo": "ISTITUTO COMPRENSIVO",
		"nome": "IC A. BENEDETTI MICHELANGELI",
		"indirizzo": "VIA DANTE,10",
		"cap": "20084",
		"comune": "LACCHIARELLA",
		"provincia": "MI"
	}
	,
	{
		"codMec": "miic8bc004",
		"tipo": "ISTITUTO COMPRENSIVO",
		"nome": "IC VIA LAMARMORA/LAINATE",
		"indirizzo": "VIA LAMARMORA",
		"cap": "20020",
		"comune": "LAINATE",
		"provincia": "MI"
	}
	,
	{
		"codMec": "miic8be00q",
		"tipo": "ISTITUTO COMPRENSIVO",
		"nome": "IC  VIA CAIROLI/LAINATE",
		"indirizzo": "VIA CAIROLI 31",
		"cap": "20020",
		"comune": "LAINATE",
		"provincia": "MI"
	}
	,
	{
		"codMec": "miic86400a",
		"tipo": "ISTITUTO COMPRENSIVO",
		"nome": "I.C.\" A. VOLTA\"/ LAZZATE",
		"indirizzo": "VIA LARATTA 1",
		"cap": "20824",
		"comune": "LAZZATE",
		"provincia": "MI"
	}
	,
	{
		"codMec": "miic852004",
		"tipo": "ISTITUTO COMPRENSIVO",
		"nome": "IC A.MANZONI LEGNANO",
		"indirizzo": "VIA S.TERESA 30",
		"cap": "20025",
		"comune": "LEGNANO",
		"provincia": "MI"
	}
	,
	{
		"codMec": "miic8au00c",
		"tipo": "ISTITUTO COMPRENSIVO",
		"nome": "IC IV/E. MONTALE/COLOGNO M.",
		"indirizzo": "VIA EMILIA 1",
		"cap": "20093",
		"comune": "COLOGNO MONZESE",
		"provincia": "MI"
	}
	,
	{
		"codMec": "miic8eh003",
		"tipo": "ISTITUTO COMPRENSIVO",
		"nome": "IC\" ALESSANDRO VOLTA\"/COLOGNO",
		"indirizzo": "VIA        VOLTA   13",
		"cap": "20093",
		"comune": "COLOGNO MONZESE",
		"provincia": "MI"
	}
	,
	{
		"codMec": "miic8ej008",
		"tipo": "ISTITUTO COMPRENSIVO",
		"nome": "ISTIT. COMP.VO  V.LE LOMBARDIA",
		"indirizzo": "VIALE LOMBARDIA, 24",
		"cap": "20093",
		"comune": "COLOGNO MONZESE",
		"provincia": "MI"
	}
	,
	{
		"codMec": "miis02700g",
		"tipo": "ISTITUTO SUPERIORE",
		"nome": "LEONARDO DA VINCI",
		"indirizzo": "VIA LEONARDO DA VINCI, 1",
		"cap": "20093",
		"comune": "COLOGNO MONZESE",
		"provincia": "MI"
	}
	,
	{
		"codMec": "miic8dm00d",
		"tipo": "ISTITUTO COMPRENSIVO",
		"nome": "IC  G. MARCONI/CONCOREZZO",
		"indirizzo": "VIA LAZZARETTO, 48",
		"cap": "20863",
		"comune": "CONCOREZZO",
		"provincia": "MI"
	}
	,
	{
		"codMec": "miic85600b",
		"tipo": "ISTITUTO COMPRENSIVO",
		"nome": "IC ALDO MORO/CORBETTA",
		"indirizzo": "VIA EUROPA",
		"cap": "20011",
		"comune": "CORBETTA",
		"provincia": "MI"
	}
	,
	{
		"codMec": "miic8en00g",
		"tipo": "ISTITUTO COMPRENSIVO",
		"nome": "25 APRILE - CORMANO",
		"indirizzo": "VIA MOLINAZZO 35",
		"cap": "20032",
		"comune": "CORMANO",
		"provincia": "MI"
	}
	,
	{
		"codMec": "miic8aw00t",
		"tipo": "ISTITUTO COMPRENSIVO",
		"nome": "IC  A.MANZONI/CORMANO",
		"indirizzo": "VIA ADDA 36",
		"cap": "20032",
		"comune": "CORMANO",
		"provincia": "MI"
	}
	,
	{
		"codMec": "miic8fl00e",
		"tipo": "ISTITUTO COMPRENSIVO",
		"nome": "I.C. VIA IV NOVEMBRE CORNAREDO",
		"indirizzo": "VIA 4 NOVEMBRE",
		"cap": "20010",
		"comune": "CORNAREDO",
		"provincia": "MI"
	}
	,
	{
		"codMec": "miic8fk00p",
		"tipo": "ISTITUTO COMPRENSIVO",
		"nome": "I.C.  VIA L. DA VINCI CORNAREDO",
		"indirizzo": "VIA LEONARDO DA VINCI, 34",
		"cap": "20010",
		"comune": "CORNAREDO",
		"provincia": "MI"
	}
	,
	{
		"codMec": "miic8cm00v",
		"tipo": "ISTITUTO COMPRENSIVO",
		"nome": "IC  D. ALIGHIERI/CORNATE D\\'ADDA",
		"indirizzo": "VIA ALDO MORO,9",
		"cap": "20872",
		"comune": "CORNATE D\\'ADDA",
		"provincia": "MI"
	}
	,
	{
		"codMec": "miic887003",
		"tipo": "ISTITUTO COMPRENSIVO",
		"nome": "IC GALILEI/CORSICO",
		"indirizzo": "VIA GALILEI, 16",
		"cap": "20094",
		"comune": "CORSICO",
		"provincia": "MI"
	}
	,
	{
		"codMec": "miis096002",
		"tipo": "ISTITUTO SUPERIORE",
		"nome": "I.I.S.  GIOVANNI FALCONE - AUGUSTO RIGHI",
		"indirizzo": "VIALE ITALIA,22/24",
		"cap": "20094",
		"comune": "CORSICO",
		"provincia": "MI"
	}
	,
	{
		"codMec": "mips26000a",
		"tipo": "LICEO SCIENTIFICO",
		"nome": "G.B.VICO",
		"indirizzo": "VIALE ITALIA,22/24",
		"cap": "20094",
		"comune": "CORSICO",
		"provincia": "MI"
	}
	,
	{
		"codMec": "miic88800v",
		"tipo": "ISTITUTO COMPRENSIVO",
		"nome": "IC  BUONARROTI/CORSICO",
		"indirizzo": "VIA L.SALMA 53",
		"cap": "20094",
		"comune": "CORSICO",
		"provincia": "MI"
	}
	,
	{
		"codMec": "mips20000p",
		"tipo": "LICEO SCIENTIFICO",
		"nome": "MARIE CURIE",
		"indirizzo": "VIA CIALDINI,181",
		"cap": "20821",
		"comune": "MEDA",
		"provincia": "MI"
	}
	,
	{
		"codMec": "mirc010004",
		"tipo": "IST  PROF  PER I SERVIZI COMM , TUR  E DELLA PUBB",
		"nome": "ISTITUTO P.S.S.C.T.S. \"L. MILANI\"",
		"indirizzo": "VIA COMO, 11",
		"cap": "20821",
		"comune": "MEDA",
		"provincia": "MI"
	}
	,
	{
		"codMec": "miic857007",
		"tipo": "ISTITUTO COMPRENSIVO",
		"nome": "IC VIA CIALDINI/MEDA",
		"indirizzo": "VIA GAGARIN, 2",
		"cap": "20821",
		"comune": "MEDA",
		"provincia": "MI"
	}
	,
	{
		"codMec": "miic8av002",
		"tipo": "ISTITUTO COMPRENSIVO",
		"nome": "IC  FRAZ.BUSTIGHERA/MEDIGLIA",
		"indirizzo": "VIA EUROPA  4",
		"cap": "20060",
		"comune": "MEDIGLIA",
		"provincia": "MI"
	}
	,
	{
		"codMec": "miis02100l",
		"tipo": "ISTITUTO SUPERIORE",
		"nome": "VINCENZO BENINI",
		"indirizzo": "VIALE      PREDABISSI 3",
		"cap": "20077",
		"comune": "MELEGNANO",
		"provincia": "MI"
	}
	,
	{
		"codMec": "miic89800d",
		"tipo": "ISTITUTO COMPRENSIVO",
		"nome": "IC G.DEZZA/MELEGNANO",
		"indirizzo": "VIA CADORNA 23",
		"cap": "20077",
		"comune": "MELEGNANO",
		"provincia": "MI"
	}
	,
	{
		"codMec": "miic89700n",
		"tipo": "ISTITUTO COMPRENSIVO",
		"nome": "IC PAOLO FRISI",
		"indirizzo": "VIA GIARDINO, 69",
		"cap": "20077",
		"comune": "MELEGNANO",
		"provincia": "MI"
	}
	,
	{
		"codMec": "mips210009",
		"tipo": "LICEO SCIENTIFICO",
		"nome": "GIORDANO BRUNO",
		"indirizzo": "VIALE      SVEZIA 4",
		"cap": "20066",
		"comune": "MELZO",
		"provincia": "MI"
	}
	,
	{
		"codMec": "miic8e300x",
		"tipo": "ISTITUTO COMPRENSIVO",
		"nome": "G.UNGARETTI - MELZO",
		"indirizzo": "VIA BOLOGNA 14",
		"cap": "20066",
		"comune": "MELZO",
		"provincia": "MI"
	}
	,
	{
		"codMec": "miic8bm008",
		"tipo": "ISTITUTO COMPRENSIVO",
		"nome": "IC  MASCAGNI/MELZO",
		"indirizzo": "VIA MASCAGNI, 11",
		"cap": "20066",
		"comune": "MELZO",
		"provincia": "MI"
	}
	,
	{
		"codMec": "miee306003",
		"tipo": "CIRCOLO DIDATTICO",
		"nome": "CD G.B.PERASSO / MILANO",
		"indirizzo": "VIA BOTTEGO, 4",
		"cap": "20132",
		"comune": "MILANO",
		"provincia": "MI"
	}
	,
	{
		"codMec": "miic80900t",
		"tipo": "ISTITUTO COMPRENSIVO",
		"nome": "IC \"E. MORANTE\"/MILANO",
		"indirizzo": "VIA HEINE, 2",
		"cap": "20141",
		"comune": "MILANO",
		"provincia": "MI"
	}
	,
	{
		"codMec": "miic814009",
		"tipo": "ISTITUTO COMPRENSIVO",
		"nome": "IC CAVALIERI/MILANO",
		"indirizzo": "VIA ANCO MARZIO, 9",
		"cap": "20123",
		"comune": "MILANO",
		"provincia": "MI"
	}
	,
	{
		"codMec": "miic815005",
		"tipo": "ISTITUTO COMPRENSIVO",
		"nome": "IC \"CARDARELLI MASSAUA\"-MILANO",
		"indirizzo": "VIA  SCROSATI 4",
		"cap": "20146",
		"comune": "MILANO",
		"provincia": "MI"
	}
	,
	{
		"codMec": "miic81700r",
		"tipo": "ISTITUTO COMPRENSIVO",
		"nome": "IC TEODORO CIRESOLA/MILANO",
		"indirizzo": "VIALE  BRIANZA 18",
		"cap": "20127",
		"comune": "MILANO",
		"provincia": "MI"
	}
	,
	{
		"codMec": "miic8c1003",
		"tipo": "ISTITUTO COMPRENSIVO",
		"nome": "IC  G. BORSI/MILANO",
		"indirizzo": "VIA OJETTI, 13",
		"cap": "20151",
		"comune": "MILANO",
		"provincia": "MI"
	}
	,
	{
		"codMec": "miic8c300p",
		"tipo": "ISTITUTO COMPRENSIVO",
		"nome": "IC RICCARDO MASSA/MILANO",
		"indirizzo": "VIA VIRGILIO BROCCHI, 5",
		"cap": "20151",
		"comune": "MILANO",
		"provincia": "MI"
	}
	,
	{
		"codMec": "miic8c400e",
		"tipo": "ISTITUTO COMPRENSIVO",
		"nome": "IC L.CADORNA/MILANO",
		"indirizzo": "VIA DOLCI 5",
		"cap": "20148",
		"comune": "MILANO",
		"provincia": "MI"
	}
	,
	{
		"codMec": "miic8c500a",
		"tipo": "ISTITUTO COMPRENSIVO",
		"nome": "IC S.GIUSEPPE CALASANZIO/MILANO",
		"indirizzo": "PIAZZA AXUM 5",
		"cap": "20148",
		"comune": "MILANO",
		"provincia": "MI"
	}
	,
	{
		"codMec": "miic8c6006",
		"tipo": "ISTITUTO COMPRENSIVO",
		"nome": "IC  \"VIA PARETO\"/MILANO",
		"indirizzo": "VIA GALLARATE 15",
		"cap": "20151",
		"comune": "MILANO",
		"provincia": "MI"
	}
	,
	{
		"codMec": "miic8c7002",
		"tipo": "ISTITUTO COMPRENSIVO",
		"nome": "I.C. LUCIANO MANARA",
		"indirizzo": "VIA LAMENNAIS, 20",
		"cap": "20153",
		"comune": "MILANO",
		"provincia": "MI"
	}
	,
	{
		"codMec": "miic8cb00v",
		"tipo": "ISTITUTO COMPRENSIVO",
		"nome": "ICS  JACOPO BAROZZI/MILANO",
		"indirizzo": "VIA BOCCONI, 17",
		"cap": "20136",
		"comune": "MILANO",
		"provincia": "MI"
	}
	,
	{
		"codMec": "miic8cd00e",
		"tipo": "ISTITUTO COMPRENSIVO",
		"nome": "IC P.THOUAR E L.GONZAGA/MILANO",
		"indirizzo": "VIA TABACCHI 15/A",
		"cap": "20136",
		"comune": "MILANO",
		"provincia": "MI"
	}
	,
	{
		"codMec": "miic8ce00a",
		"tipo": "ISTITUTO COMPRENSIVO",
		"nome": "IC \"G. PASCOLI\"/MILANO",
		"indirizzo": "VIA RASORI, 19",
		"cap": "20145",
		"comune": "MILANO",
		"provincia": "MI"
	}
	,
	{
		"codMec": "miic8cf006",
		"tipo": "ISTITUTO COMPRENSIVO",
		"nome": "IC  C. CANTU\\'/MILANO",
		"indirizzo": "VIA DEI BRASCHI 12",
		"cap": "20161",
		"comune": "MILANO",
		"provincia": "MI"
	}
	,
	{
		"codMec": "miic8cg002",
		"tipo": "ISTITUTO COMPRENSIVO",
		"nome": "IC  VIA SCIALOIA/MILANO",
		"indirizzo": "VIA SCIALOIA 21",
		"cap": "20161",
		"comune": "MILANO",
		"provincia": "MI"
	}
	,
	{
		"codMec": "miic8ch00t",
		"tipo": "ISTITUTO COMPRENSIVO",
		"nome": "IC  CONFALONIERI/MILANO",
		"indirizzo": "VIA DAL VERME 10",
		"cap": "20159",
		"comune": "MILANO",
		"provincia": "MI"
	}
	,
	{
		"codMec": "miic8cr006",
		"tipo": "ISTITUTO COMPRENSIVO",
		"nome": "IC SORELLE AGAZZI/ MILANO",
		"indirizzo": "VIA GABBRO 6/A",
		"cap": "20161",
		"comune": "MILANO",
		"provincia": "MI"
	}
	,
	{
		"codMec": "miic8cs002",
		"tipo": "ISTITUTO COMPRENSIVO",
		"nome": "IC  DON ORIONE/MILANO",
		"indirizzo": "VIA FABRIANO 4",
		"cap": "20161",
		"comune": "MILANO",
		"provincia": "MI"
	}
	,
	{
		"codMec": "miic8ct00t",
		"tipo": "ISTITUTO COMPRENSIVO",
		"nome": "IC  VITTORIO LOCCHI/MILANO",
		"indirizzo": "VIA PASSERINI,4/8",
		"cap": "20162",
		"comune": "MILANO",
		"provincia": "MI"
	}
	,
	{
		"codMec": "miic85500g",
		"tipo": "ISTITUTO COMPRENSIVO",
		"nome": "IC VIA DEI SALICI/LEGNANO",
		"indirizzo": "VIA ROBINO  25/A",
		"cap": "20025",
		"comune": "LEGNANO",
		"provincia": "MI"
	}
	,
	{
		"codMec": "mips13000n",
		"tipo": "LICEO SCIENTIFICO",
		"nome": "GALILEO GALILEI",
		"indirizzo": "V.LE       GORIZIA 16",
		"cap": "20025",
		"comune": "LEGNANO",
		"provincia": "MI"
	}
	,
	{
		"codMec": "mimm0cf007",
		"tipo": "SCUOLA PRIMO GRADO",
		"nome": "CPIA 4 MILANO",
		"indirizzo": "VIA SANTA TERESA 30",
		"cap": "20025",
		"comune": "LEGNANO",
		"provincia": "MI"
	}
	,
	{
		"codMec": "miis09700t",
		"tipo": "ISTITUTO SUPERIORE",
		"nome": "I.S.I.S.  A. BERNOCCHI",
		"indirizzo": "VIA        DIAZ 2",
		"cap": "20025",
		"comune": "LEGNANO",
		"provincia": "MI"
	}
	,
	{
		"codMec": "miis044009",
		"tipo": "ISTITUTO SUPERIORE",
		"nome": "C. DELL\\'ACQUA",
		"indirizzo": "VIA        BERNOCCHI 1",
		"cap": "20025",
		"comune": "LEGNANO",
		"provincia": "MI"
	}
	,
	{
		"codMec": "miic8ea008",
		"tipo": "ISTITUTO COMPRENSIVO",
		"nome": "GIOSUE\\' CARDUCCI - LEGNANO",
		"indirizzo": "VIA XX SETTEMBRE 2",
		"cap": "20025",
		"comune": "LEGNANO",
		"provincia": "MI"
	}
	,
	{
		"codMec": "miic8d9008",
		"tipo": "ISTITUTO COMPRENSIVO",
		"nome": "I.C.S. BONVESIN DE LA RIVA",
		"indirizzo": "VIA BONVESIN DE LA RIVA          1",
		"cap": "20025",
		"comune": "LEGNANO",
		"provincia": "MI"
	}
	,
	{
		"codMec": "miic8ev00g",
		"tipo": "ISTITUTO COMPRENSIVO",
		"nome": "ENRICO TOTI",
		"indirizzo": "VIA MONTE GENEROSO 15",
		"cap": "20030",
		"comune": "LENTATE SUL SEVESO",
		"provincia": "MI"
	}
	,
	{
		"codMec": "miic8bs00b",
		"tipo": "ISTITUTO COMPRENSIVO",
		"nome": "ISTITUTO COMPRENSIVO LESMO",
		"indirizzo": "VIA DONNA ROSA, 13",
		"cap": "20050",
		"comune": "LESMO",
		"provincia": "MI"
	}
	,
	{
		"codMec": "mitd49000q",
		"tipo": "IST TEC COMMERCIALE E PER GEOMETRI",
		"nome": "I.T.C.S.P.A.C.L.E. ELSA MORANTE",
		"indirizzo": "VIA BONAPARTE, 2/BIS",
		"cap": "20812",
		"comune": "LIMBIATE",
		"provincia": "MI"
	}
	,
	{
		"codMec": "miis073009",
		"tipo": "ISTITUTO SUPERIORE",
		"nome": "IIS \"LUIGI CASTIGLIONI\"",
		"indirizzo": "VIA GARIBALDI,115",
		"cap": "20812",
		"comune": "LIMBIATE",
		"provincia": "MI"
	}
	,
	{
		"codMec": "miic8gc005",
		"tipo": "ISTITUTO COMPRENSIVO",
		"nome": "L. DA VINCI",
		"indirizzo": "VIA L. DA VINCI, 73",
		"cap": "20812",
		"comune": "LIMBIATE",
		"provincia": "MI"
	}
	,
	{
		"codMec": "miic8f900d",
		"tipo": "ISTITUTO COMPRENSIVO",
		"nome": "VIA PACE",
		"indirizzo": "VIA PACE 38",
		"cap": "20812",
		"comune": "LIMBIATE",
		"provincia": "MI"
	}
	,
	{
		"codMec": "miic8ga00d",
		"tipo": "ISTITUTO COMPRENSIVO",
		"nome": "F.LLI CERVI",
		"indirizzo": "VIA MONTE GENEROSO",
		"cap": "20812",
		"comune": "LIMBIATE",
		"provincia": "MI"
	}
	,
	{
		"codMec": "miis06300p",
		"tipo": "ISTITUTO SUPERIORE",
		"nome": "G. MERONI",
		"indirizzo": "VIA ANTONIO STOPPANI 38",
		"cap": "20851",
		"comune": "LISSONE",
		"provincia": "MI"
	}
	,
	{
		"codMec": "miic8f400a",
		"tipo": "ISTITUTO COMPRENSIVO",
		"nome": "VIA MARIANI",
		"indirizzo": "VIA        MARIANI             1",
		"cap": "20851",
		"comune": "LISSONE",
		"provincia": "MI"
	}
	,
	{
		"codMec": "miis00700a",
		"tipo": "ISTITUTO SUPERIORE",
		"nome": "EUROPA UNITA",
		"indirizzo": "VIALE MARTIRI DELLA LIBERTA,124",
		"cap": "20851",
		"comune": "LISSONE",
		"provincia": "MI"
	}
	,
	{
		"codMec": "miic8f5006",
		"tipo": "ISTITUTO COMPRENSIVO",
		"nome": "P.ZZA CADUTI DI VIA FANI",
		"indirizzo": "VIA CARAVAGGIO,1",
		"cap": "20851",
		"comune": "LISSONE",
		"provincia": "MI"
	}
	,
	{
		"codMec": "miic89200e",
		"tipo": "ISTITUTO COMPRENSIVO",
		"nome": "IC III DE AMICIS/LISSONE",
		"indirizzo": "VIA TARRA 2",
		"cap": "20851",
		"comune": "LISSONE",
		"provincia": "MI"
	}
	,
	{
		"codMec": "miic88500b",
		"tipo": "ISTITUTO COMPRENSIVO",
		"nome": "IC DON MILANI LOCATE DI TRIULZI",
		"indirizzo": "VIA DON MILANI, SNC",
		"cap": "20085",
		"comune": "LOCATE DI TRIULZI",
		"provincia": "MI"
	}
	,
	{
		"codMec": "miic89600t",
		"tipo": "ISTITUTO COMPRENSIVO",
		"nome": "IC G.RODARI/MACHERIO",
		"indirizzo": "VIALE REGINA MARGHERITA N. 2",
		"cap": "20846",
		"comune": "MACHERIO",
		"provincia": "MI"
	}
	,
	{
		"codMec": "mips25000q",
		"tipo": "LICEO SCIENTIFICO",
		"nome": "D. BRAMANTE",
		"indirizzo": "VIA TRIESTE,70",
		"cap": "20013",
		"comune": "MAGENTA",
		"provincia": "MI"
	}
	,
	{
		"codMec": "mipc140005",
		"tipo": "LICEO CLASSICO",
		"nome": "SALVATORE QUASIMODO",
		"indirizzo": "VIA A.VOLTA,25",
		"cap": "20013",
		"comune": "MAGENTA",
		"provincia": "MI"
	}
	,
	{
		"codMec": "miis09100v",
		"tipo": "ISTITUTO SUPERIORE",
		"nome": "L. EINAUDI",
		"indirizzo": "VIA MAZENTA 51",
		"cap": "20013",
		"comune": "MAGENTA",
		"provincia": "MI"
	}
	,
	{
		"codMec": "miic8fr00d",
		"tipo": "ISTITUTO COMPRENSIVO",
		"nome": "ISTITUTO COMPRENSIVO",
		"indirizzo": "VIA PAPA GIOVANNI PAOLO II, 2/4",
		"cap": "20013",
		"comune": "MAGENTA",
		"provincia": "MI"
	}
	,
	{
		"codMec": "miic8fq00n",
		"tipo": "ISTITUTO COMPRENSIVO",
		"nome": "\"CARLO FONTANA\"",
		"indirizzo": "VIA F.LLI CAPROTTI, 4",
		"cap": "20013",
		"comune": "MAGENTA",
		"provincia": "MI"
	}
	,
	{
		"codMec": "miic84200d",
		"tipo": "ISTITUTO COMPRENSIVO",
		"nome": "IC ADA NEGRI/MAGNAGO",
		"indirizzo": "VIA DON MILANI   3",
		"cap": "20020",
		"comune": "MAGNAGO",
		"provincia": "MI"
	}
	,
	{
		"codMec": "miic858003",
		"tipo": "ISTITUTO COMPRENSIVO",
		"nome": "IC  E.DE AMICIS/MARCALLO C/C",
		"indirizzo": "VIA AL DONATORE DI  SANGUE, 11",
		"cap": "20010",
		"comune": "MARCALLO CON CASONE",
		"provincia": "MI"
	}
	,
	{
		"codMec": "miic8ck007",
		"tipo": "ISTITUTO COMPRENSIVO",
		"nome": "IST. COM. BASIANO/MASATE",
		"indirizzo": "VIA MONTE GRAPPA  16",
		"cap": "20060",
		"comune": "MASATE",
		"provincia": "MI"
	}
	,
	{
		"codMec": "miic85900v",
		"tipo": "ISTITUTO COMPRENSIVO",
		"nome": "IC  A.DIAZ-MEDA",
		"indirizzo": "VIA GIOVANNI XXIII,6",
		"cap": "20821",
		"comune": "MEDA",
		"provincia": "MI"
	}
	,
	{
		"codMec": "miic8cv007",
		"tipo": "ISTITUTO COMPRENSIVO",
		"nome": "IC  PAOLO E LARISSA PINI/MILANO",
		"indirizzo": "VIA STEFANARDO VIMERCATE,14",
		"cap": "20128",
		"comune": "MILANO",
		"provincia": "MI"
	}
	,
	{
		"codMec": "miic8cw003",
		"tipo": "ISTITUTO COMPRENSIVO",
		"nome": "IC Q.DI VONA-TITO SPERI/MILANO",
		"indirizzo": "VIA ANTONIO SACCHINI, 34",
		"cap": "20131",
		"comune": "MILANO",
		"provincia": "MI"
	}
	,
	{
		"codMec": "miic8cx00v",
		"tipo": "ISTITUTO COMPRENSIVO",
		"nome": "IC  FABIO FILZI/MILANO",
		"indirizzo": "VIA RAVENNA 15",
		"cap": "20139",
		"comune": "MILANO",
		"provincia": "MI"
	}
	,
	{
		"codMec": "miic8cy00p",
		"tipo": "ISTITUTO COMPRENSIVO",
		"nome": "IC  CAPPONI/MILANO",
		"indirizzo": "VIA PESTALOZZI 13",
		"cap": "20143",
		"comune": "MILANO",
		"provincia": "MI"
	}
	,
	{
		"codMec": "miic8cz00e",
		"tipo": "ISTITUTO COMPRENSIVO",
		"nome": "IC  NARCISI/MILANO",
		"indirizzo": "VIA DEI NARCISI 2",
		"cap": "20147",
		"comune": "MILANO",
		"provincia": "MI"
	}
	,
	{
		"codMec": "miic8d000t",
		"tipo": "ISTITUTO COMPRENSIVO",
		"nome": "IC IQBAL MASIH/MILANO",
		"indirizzo": "VIA BIANCA MILESI       4",
		"cap": "20152",
		"comune": "MILANO",
		"provincia": "MI"
	}
	,
	{
		"codMec": "miic8d100n",
		"tipo": "ISTITUTO COMPRENSIVO",
		"nome": "IC  RINNOVATA PIZZIGONI/MILANO",
		"indirizzo": "VIA C. DA CASTELLO 10",
		"cap": "20155",
		"comune": "MILANO",
		"provincia": "MI"
	}
	,
	{
		"codMec": "miic8d200d",
		"tipo": "ISTITUTO COMPRENSIVO",
		"nome": "IC VIA CONSOLE MARCELLO/MILANO",
		"indirizzo": "VIA CONSOLE MARCELLO 9",
		"cap": "20156",
		"comune": "MILANO",
		"provincia": "MI"
	}
	,
	{
		"codMec": "miic8d3009",
		"tipo": "ISTITUTO COMPRENSIVO",
		"nome": "I.C.  A. SCARPA MILANO",
		"indirizzo": "VIA CLERICETTI 22",
		"cap": "20133",
		"comune": "MILANO",
		"provincia": "MI"
	}
	,
	{
		"codMec": "miic8d4005",
		"tipo": "ISTITUTO COMPRENSIVO",
		"nome": "I.C. VIA MANIAGO/MILANO",
		"indirizzo": "VIA MANIAGO,30",
		"cap": "20134",
		"comune": "MILANO",
		"provincia": "MI"
	}
	,
	{
		"codMec": "miic8da00n",
		"tipo": "ISTITUTO COMPRENSIVO",
		"nome": "I.C. VIA ZUARA 7/ MILANO",
		"indirizzo": "VIA ZUARA 7",
		"cap": "20146",
		"comune": "MILANO",
		"provincia": "MI"
	}
	,
	{
		"codMec": "miic8dd005",
		"tipo": "ISTITUTO COMPRENSIVO",
		"nome": "I.C. VIA GIACOSA 46/MILANO",
		"indirizzo": "VIA GIACOSA 46",
		"cap": "20127",
		"comune": "MILANO",
		"provincia": "MI"
	}
	,
	{
		"codMec": "miic8de001",
		"tipo": "ISTITUTO COMPRENSIVO",
		"nome": "OMNICOMPRENSIVO MUSICALE MILANO",
		"indirizzo": "VIA CORRIDONI 34-36",
		"cap": "20122",
		"comune": "MILANO",
		"provincia": "MI"
	}
	,
	{
		"codMec": "miic8df00r",
		"tipo": "ISTITUTO COMPRENSIVO",
		"nome": "IC SANDRO PERTINI/MILANO",
		"indirizzo": "VIA THOMAS MANN 8",
		"cap": "20162",
		"comune": "MILANO",
		"provincia": "MI"
	}
	,
	{
		"codMec": "miic8dg00l",
		"tipo": "ISTITUTO COMPRENSIVO",
		"nome": "IC ARBE ZARA/MILANO",
		"indirizzo": "VIALE ZARA 96",
		"cap": "20125",
		"comune": "MILANO",
		"provincia": "MI"
	}
	,
	{
		"codMec": "miic81900c",
		"tipo": "ISTITUTO COMPRENSIVO",
		"nome": "IC  I.CALVINO/MILANO",
		"indirizzo": "VIA FRIGIA 4",
		"cap": "20126",
		"comune": "MILANO",
		"provincia": "MI"
	}
	,
	{
		"codMec": "miic82000l",
		"tipo": "ISTITUTO COMPRENSIVO",
		"nome": "IC  BRUNO MUNARI/ MILANO",
		"indirizzo": "VIA DEI SALICI,  2",
		"cap": "20152",
		"comune": "MILANO",
		"provincia": "MI"
	}
	,
	{
		"codMec": "miic823004",
		"tipo": "ISTITUTO COMPRENSIVO",
		"nome": "I.C. MARCELLO CANDIA",
		"indirizzo": "VIA POLESINE,12/14",
		"cap": "20139",
		"comune": "MILANO",
		"provincia": "MI"
	}
	,
	{
		"codMec": "miic82400x",
		"tipo": "ISTITUTO COMPRENSIVO",
		"nome": "IC G.GIUSTI E C.D\\'ASSISI/MILANO",
		"indirizzo": "VIA GIUSTI,15",
		"cap": "20154",
		"comune": "MILANO",
		"provincia": "MI"
	}
	,
	{
		"codMec": "miic8af001",
		"tipo": "ISTITUTO COMPRENSIVO",
		"nome": "IC  VIA TRILUSSA / MILANO",
		"indirizzo": "VIA TRILUSSA 10",
		"cap": "20157",
		"comune": "MILANO",
		"provincia": "MI"
	}
	,
	{
		"codMec": "miic8ag00r",
		"tipo": "ISTITUTO COMPRENSIVO",
		"nome": "IC VIA VAL LAGARINA /MILANO",
		"indirizzo": "VIA VAL LAGARINA 44",
		"cap": "20157",
		"comune": "MILANO",
		"provincia": "MI"
	}
	,
	{
		"codMec": "miic8an00d",
		"tipo": "ISTITUTO COMPRENSIVO",
		"nome": "IC  M.TERESA DI CALCUTTA/MILANO",
		"indirizzo": "VIA MONDOLFO 7",
		"cap": "20138",
		"comune": "MILANO",
		"provincia": "MI"
	}
	,
	{
		"codMec": "miic8b400x",
		"tipo": "ISTITUTO COMPRENSIVO",
		"nome": "IC  LUIGI GALVANI/MILANO",
		"indirizzo": "VIA GALVANI 7",
		"cap": "20124",
		"comune": "MILANO",
		"provincia": "MI"
	}
	,
	{
		"codMec": "miic8b600g",
		"tipo": "ISTITUTO COMPRENSIVO",
		"nome": "IC  A.STOPPANI/MILANO",
		"indirizzo": "VIA STOPPANI 1",
		"cap": "20129",
		"comune": "MILANO",
		"provincia": "MI"
	}
	,
	{
		"codMec": "miic8b700b",
		"tipo": "ISTITUTO COMPRENSIVO",
		"nome": "IC PISACANE E POERIO/MILANO",
		"indirizzo": "VIA PISACANE 9",
		"cap": "20129",
		"comune": "MILANO",
		"provincia": "MI"
	}
	,
	{
		"codMec": "miic8b8007",
		"tipo": "ISTITUTO COMPRENSIVO",
		"nome": "IC TOMMASO GROSSI/MILANO",
		"indirizzo": "VIA MONTE VELINO 2/4",
		"cap": "20137",
		"comune": "MILANO",
		"provincia": "MI"
	}
	,
	{
		"codMec": "miic8b9003",
		"tipo": "ISTITUTO COMPRENSIVO",
		"nome": "IC E.MOROSINI E B.SAVOIA/MILANO",
		"indirizzo": "VIA MOROSINI,11/13",
		"cap": "20135",
		"comune": "MILANO",
		"provincia": "MI"
	}
	,
	{
		"codMec": "miic8bb008",
		"tipo": "ISTITUTO COMPRENSIVO",
		"nome": "IC  A. DIAZ/MILANO",
		"indirizzo": "PIAZZA CARDINAL G.MASSAIA, 2",
		"cap": "20123",
		"comune": "MILANO",
		"provincia": "MI"
	}
	,
	{
		"codMec": "miic8bd00x",
		"tipo": "ISTITUTO COMPRENSIVO",
		"nome": "MILANO SPIGA ROSSARICASTIGLIONI",
		"indirizzo": "VIA S. SPIRITO, 21",
		"cap": "20121",
		"comune": "MILANO",
		"provincia": "MI"
	}
	,
	{
		"codMec": "miic8c0007",
		"tipo": "ISTITUTO COMPRENSIVO",
		"nome": "IC  LUIGI EINAUDI /MILANO",
		"indirizzo": "VIA VAL D\\'INTELVI 11",
		"cap": "20152",
		"comune": "MILANO",
		"provincia": "MI"
	}
	,
	{
		"codMec": "miic8fu00a",
		"tipo": "ISTITUTO COMPRENSIVO",
		"nome": "I.C. GUIDO GALLI",
		"indirizzo": "VIALE ROMAGNA 16/18",
		"cap": "20133",
		"comune": "MILANO",
		"provincia": "MI"
	}
	,
	{
		"codMec": "miic8fv006",
		"tipo": "ISTITUTO COMPRENSIVO",
		"nome": "I.C VIA PALMIERI - MILANO",
		"indirizzo": "VIA PALMIERI, 24",
		"cap": "20141",
		"comune": "MILANO",
		"provincia": "MI"
	}
	,
	{
		"codMec": "miic8fw002",
		"tipo": "ISTITUTO COMPRENSIVO",
		"nome": "I.C. VIA ARCADIA - MILANO",
		"indirizzo": "VIA DELL\\'ARCADIA 24",
		"cap": "20142",
		"comune": "MILANO",
		"provincia": "MI"
	}
	,
	{
		"codMec": "miic8fx00t",
		"tipo": "ISTITUTO COMPRENSIVO",
		"nome": "I.C. VIA MOISE\\' LORIA",
		"indirizzo": "VIA MOISE\\' LORIA 37",
		"cap": "20144",
		"comune": "MILANO",
		"provincia": "MI"
	}
	,
	{
		"codMec": "miic8fy00n",
		"tipo": "ISTITUTO COMPRENSIVO",
		"nome": "I.C VIA VESPRI SICILIANI/MILANO",
		"indirizzo": "VIA VESPRI SICILIANI 75",
		"cap": "20146",
		"comune": "MILANO",
		"provincia": "MI"
	}
	,
	{
		"codMec": "miic8fz00d",
		"tipo": "ISTITUTO COMPRENSIVO",
		"nome": "I.C. PIAZZA SICILIA/MILANO",
		"indirizzo": "PIAZZA SICILIA 2",
		"cap": "20146",
		"comune": "MILANO",
		"provincia": "MI"
	}
	,
	{
		"codMec": "miis00400v",
		"tipo": "ISTITUTO SUPERIORE",
		"nome": "CARLO CATTANEO",
		"indirizzo": "PIAZZA DELLA VETRA 9",
		"cap": "20123",
		"comune": "MILANO",
		"provincia": "MI"
	}
	,
	{
		"codMec": "miis017001",
		"tipo": "ISTITUTO SUPERIORE",
		"nome": "I.I.S. JAMES CLERK MAXWELL",
		"indirizzo": "VIA        DON G. CALABRIA 2",
		"cap": "20132",
		"comune": "MILANO",
		"provincia": "MI"
	}
	,
	{
		"codMec": "miis02200c",
		"tipo": "ISTITUTO SUPERIORE",
		"nome": "SALVADOR ALLENDE",
		"indirizzo": "VIA U. DINI,7",
		"cap": "20141",
		"comune": "MILANO",
		"provincia": "MI"
	}
	,
	{
		"codMec": "miis023008",
		"tipo": "ISTITUTO SUPERIORE",
		"nome": "IST.ISTR.SUP.G.CARDANO",
		"indirizzo": "VIA GIULIO NATTA,11",
		"cap": "20151",
		"comune": "MILANO",
		"provincia": "MI"
	}
	,
	{
		"codMec": "miis02600q",
		"tipo": "ISTITUTO SUPERIORE",
		"nome": "CREMONA",
		"indirizzo": "V.LE  MARCHE 71/73",
		"cap": "20159",
		"comune": "MILANO",
		"provincia": "MI"
	}
	,
	{
		"codMec": "miis03600a",
		"tipo": "ISTITUTO SUPERIORE",
		"nome": "\"VILFREDO FEDERICO PARETO\"",
		"indirizzo": "VIA  LITTA MODIGNANI, 55",
		"cap": "20161",
		"comune": "MILANO",
		"provincia": "MI"
	}
	,
	{
		"codMec": "miis038002",
		"tipo": "ISTITUTO SUPERIORE",
		"nome": "GIUSEPPE LUIGI LAGRANGE",
		"indirizzo": "VIA LITTA MODIGNANI,65",
		"cap": "20161",
		"comune": "MILANO",
		"provincia": "MI"
	}
	,
	{
		"codMec": "miis03900t",
		"tipo": "ISTITUTO SUPERIORE",
		"nome": "BERTRAND RUSSELL",
		"indirizzo": "VIA        GATTI 16",
		"cap": "20162",
		"comune": "MILANO",
		"provincia": "MI"
	}
	,
	{
		"codMec": "miis04300d",
		"tipo": "ISTITUTO SUPERIORE",
		"nome": "IS F.BESTA",
		"indirizzo": "VIA DON G.CALABRIA,16",
		"cap": "20132",
		"comune": "MILANO",
		"provincia": "MI"
	}
	,
	{
		"codMec": "miic8dq00c",
		"tipo": "ISTITUTO COMPRENSIVO",
		"nome": "I.C. LOCATELLI-QUASIMODO",
		"indirizzo": "VIA VEGLIA 80",
		"cap": "20159",
		"comune": "MILANO",
		"provincia": "MI"
	}
	,
	{
		"codMec": "miic8dr008",
		"tipo": "ISTITUTO COMPRENSIVO",
		"nome": "IC PASQUALE SOTTOCORNO/MILANO",
		"indirizzo": "VIA MONTE POPERA  12",
		"cap": "20138",
		"comune": "MILANO",
		"provincia": "MI"
	}
	,
	{
		"codMec": "miic8ds00d",
		"tipo": "ISTITUTO COMPRENSIVO",
		"nome": "IC PRIMO LEVI/MILANO",
		"indirizzo": "VIA PISTOIA, 30",
		"cap": "20153",
		"comune": "MILANO",
		"provincia": "MI"
	}
	,
	{
		"codMec": "miic8du005",
		"tipo": "ISTITUTO COMPRENSIVO",
		"nome": "IC R.PEZZANI/MILANO",
		"indirizzo": "VIA MARTINENGO, 34/6",
		"cap": "20139",
		"comune": "MILANO",
		"provincia": "MI"
	}
	,
	{
		"codMec": "miic8dv001",
		"tipo": "ISTITUTO COMPRENSIVO",
		"nome": "IC  FRANCESCHI/MILANO",
		"indirizzo": "VIA CAGLIERO N. 20",
		"cap": "20125",
		"comune": "MILANO",
		"provincia": "MI"
	}
	,
	{
		"codMec": "miic8dw00r",
		"tipo": "ISTITUTO COMPRENSIVO",
		"nome": "I.C. VIA DE ANDREIS /MILANO",
		"indirizzo": "VIA DE ANDREIS, 10",
		"cap": "20137",
		"comune": "MILANO",
		"provincia": "MI"
	}
	,
	{
		"codMec": "miic8dx00l",
		"tipo": "ISTITUTO COMPRENSIVO",
		"nome": "IC CINQUE GIORNATE/MILANO",
		"indirizzo": "VIA MUGELLO 5",
		"cap": "20137",
		"comune": "MILANO",
		"provincia": "MI"
	}
	,
	{
		"codMec": "miic8dy00c",
		"tipo": "ISTITUTO COMPRENSIVO",
		"nome": "IC  S.AMBROGIO/MILANO",
		"indirizzo": "VIA DE NICOLA 40",
		"cap": "20142",
		"comune": "MILANO",
		"provincia": "MI"
	}
	,
	{
		"codMec": "miic8dz008",
		"tipo": "ISTITUTO COMPRENSIVO",
		"nome": "IC.\"ILARIA ALPI\"MILANO",
		"indirizzo": "VIA SALERNO 1",
		"cap": "20142",
		"comune": "MILANO",
		"provincia": "MI"
	}
	,
	{
		"codMec": "miic8f0003",
		"tipo": "ISTITUTO COMPRENSIVO",
		"nome": "I.C. VIA GATTAMELATA 35/MILANO",
		"indirizzo": "VIA GATTAMELATA 35",
		"cap": "20149",
		"comune": "MILANO",
		"provincia": "MI"
	}
	,
	{
		"codMec": "miic8f100v",
		"tipo": "ISTITUTO COMPRENSIVO",
		"nome": "F.S.  CABRINI",
		"indirizzo": "VIA DELLE FORZE ARMATE 65",
		"cap": "20147",
		"comune": "MILANO",
		"provincia": "MI"
	}
	,
	{
		"codMec": "miic8f200p",
		"tipo": "ISTITUTO COMPRENSIVO",
		"nome": "I.C. VIA LINNEO/MILANO",
		"indirizzo": "VIA C.LINNEO, 2",
		"cap": "20145",
		"comune": "MILANO",
		"provincia": "MI"
	}
	,
	{
		"codMec": "miic8fp00t",
		"tipo": "ISTITUTO COMPRENSIVO",
		"nome": "I.C. VIA MAFFUCCI/MILANO",
		"indirizzo": "VIA        MAFFUCCI            60",
		"cap": "20158",
		"comune": "MILANO",
		"provincia": "MI"
	}
	,
	{
		"codMec": "miic8fs00p",
		"tipo": "ISTITUTO COMPRENSIVO",
		"nome": "I.C. VIA DELLA COMMENDA /MILANO",
		"indirizzo": "VIA DELLA  COMMENDA  22 A",
		"cap": "20122",
		"comune": "MILANO",
		"provincia": "MI"
	}
	,
	{
		"codMec": "miic8ft00e",
		"tipo": "ISTITUTO COMPRENSIVO",
		"nome": "I.C. P.ZA L.DA VINCI/MILANO",
		"indirizzo": "PIAZZA LEONARDO DA VINCI 2",
		"cap": "20133",
		"comune": "MILANO",
		"provincia": "MI"
	}
	,
	{
		"codMec": "miis05100c",
		"tipo": "ISTITUTO SUPERIORE",
		"nome": "CLAUDIO VARALLI",
		"indirizzo": "VIA ULISSE DINI, 7",
		"cap": "20142",
		"comune": "MILANO",
		"provincia": "MI"
	}
	,
	{
		"codMec": "miis05400x",
		"tipo": "ISTITUTO SUPERIORE",
		"nome": "GALVANI",
		"indirizzo": "VIA  GATTI,14",
		"cap": "20162",
		"comune": "MILANO",
		"provincia": "MI"
	}
	,
	{
		"codMec": "miis05700b",
		"tipo": "ISTITUTO SUPERIORE",
		"nome": "NICOLA MORESCHI",
		"indirizzo": "VIALE SAN MICHELE DEL CARSO 25",
		"cap": "20144",
		"comune": "MILANO",
		"provincia": "MI"
	}
	,
	{
		"codMec": "miis058007",
		"tipo": "ISTITUTO SUPERIORE",
		"nome": "PAOLO FRISI",
		"indirizzo": "VIA OTRANTO-CITTADINI,1",
		"cap": "20157",
		"comune": "MILANO",
		"provincia": "MI"
	}
	,
	{
		"codMec": "miis059003",
		"tipo": "ISTITUTO SUPERIORE",
		"nome": "\"ORIANI-MAZZINI\"  MILANO",
		"indirizzo": "VIA ZANTE, 34",
		"cap": "20138",
		"comune": "MILANO",
		"provincia": "MI"
	}
	,
	{
		"codMec": "miis07200d",
		"tipo": "ISTITUTO SUPERIORE",
		"nome": "SEVERI - CORRENTI",
		"indirizzo": "VIA ALCUINO, 4",
		"cap": "20149",
		"comune": "MILANO",
		"provincia": "MI"
	}
	,
	{
		"codMec": "miis074005",
		"tipo": "ISTITUTO SUPERIORE",
		"nome": "MARELLI",
		"indirizzo": "VIA LIVIGNO,11",
		"cap": "20158",
		"comune": "MILANO",
		"provincia": "MI"
	}
	,
	{
		"codMec": "miis07700l",
		"tipo": "ISTITUTO SUPERIORE",
		"nome": "G. GALILEI - R. LUXEMBURG",
		"indirizzo": "VIA PARAVIA, 31",
		"cap": "20148",
		"comune": "MILANO",
		"provincia": "MI"
	}
	,
	{
		"codMec": "miis079008",
		"tipo": "ISTITUTO SUPERIORE",
		"nome": "I.I.S. \"CATERINA DA SIENA\"",
		"indirizzo": "VIALE  LOMBARDIA, 89",
		"cap": "20131",
		"comune": "MILANO",
		"provincia": "MI"
	}
	,
	{
		"codMec": "miis081008",
		"tipo": "ISTITUTO SUPERIORE",
		"nome": "\"P. VERRI\"",
		"indirizzo": "VIA  LATTANZIO, 38",
		"cap": "20137",
		"comune": "MILANO",
		"provincia": "MI"
	}
	,
	{
		"codMec": "miis082004",
		"tipo": "ISTITUTO SUPERIORE",
		"nome": "GIORGI",
		"indirizzo": "VIALE LIGURIA,19",
		"cap": "20143",
		"comune": "MILANO",
		"provincia": "MI"
	}
	,
	{
		"codMec": "miis09300e",
		"tipo": "ISTITUTO SUPERIORE",
		"nome": "MARIE CURIE - PIERO SRAFFA",
		"indirizzo": "VIA F.LLI  ZOIA, 130",
		"cap": "20153",
		"comune": "MILANO",
		"provincia": "MI"
	}
	,
	{
		"codMec": "miis09400a",
		"tipo": "ISTITUTO SUPERIORE",
		"nome": "BERTARELLI - FERRARIS",
		"indirizzo": "CORSO      DI PORTA ROMANA 110",
		"cap": "20122",
		"comune": "MILANO",
		"provincia": "MI"
	}
	,
	{
		"codMec": "miis09900d",
		"tipo": "ISTITUTO SUPERIORE",
		"nome": "SCHIAPARELLI-GRAMSCI",
		"indirizzo": "VIA L. SETTEMBRINI 4",
		"cap": "20124",
		"comune": "MILANO",
		"provincia": "MI"
	}
	,
	{
		"codMec": "miis101008",
		"tipo": "ISTITUTO SUPERIORE",
		"nome": "TORRICELLI",
		"indirizzo": "VIA U. DINI 7",
		"cap": "20142",
		"comune": "MILANO",
		"provincia": "MI"
	}
	,
	{
		"codMec": "miic85300x",
		"tipo": "ISTITUTO COMPRENSIVO",
		"nome": "IC  NERVIANO",
		"indirizzo": "VIA ROMA, 51",
		"cap": "20014",
		"comune": "NERVIANO",
		"provincia": "MI"
	}
	,
	{
		"codMec": "miic8e000c",
		"tipo": "ISTITUTO COMPRENSIVO",
		"nome": "VIA MAZZINI - NOVA MILANESE",
		"indirizzo": "VIA LEONARDO DA VINCI, 16",
		"cap": "20834",
		"comune": "NOVA MILANESE",
		"provincia": "MI"
	}
	,
	{
		"codMec": "miic8ez00v",
		"tipo": "ISTITUTO COMPRENSIVO",
		"nome": "GIOVANNI XXIII - NOVA MILANESE",
		"indirizzo": "VIA BIONDI, 12",
		"cap": "20834",
		"comune": "NOVA MILANESE",
		"provincia": "MI"
	}
	,
	{
		"codMec": "miic8br00g",
		"tipo": "ISTITUTO COMPRENSIVO",
		"nome": "IC GIOVANNI TESTORI",
		"indirizzo": "VIA DELLO SPORT,18",
		"cap": "20026",
		"comune": "NOVATE MILANESE",
		"provincia": "MI"
	}
	,
	{
		"codMec": "miic8db00d",
		"tipo": "ISTITUTO COMPRENSIVO",
		"nome": "IC DON MILANI/NOVATE MILANESE",
		"indirizzo": "VIA BARANZATE N.8",
		"cap": "20026",
		"comune": "NOVATE MILANESE",
		"provincia": "MI"
	}
	,
	{
		"codMec": "miic87700c",
		"tipo": "ISTITUTO COMPRENSIVO",
		"nome": "IC  DANTE ALIGHIERI/OPERA",
		"indirizzo": "VIA GIOVANNI XXIII, 14",
		"cap": "20090",
		"comune": "OPERA",
		"provincia": "MI"
	}
	,
	{
		"codMec": "miic8cn00p",
		"tipo": "ISTITUTO COMPRENSIVO",
		"nome": "IC  MANZONI DI ORNAGO E BURAGO",
		"indirizzo": "VIA PORTA 6",
		"cap": "20876",
		"comune": "ORNAGO",
		"provincia": "MI"
	}
	,
	{
		"codMec": "miic85400q",
		"tipo": "ISTITUTO COMPRENSIVO",
		"nome": "IC DUCA D\\' AOSTA -OSSONA",
		"indirizzo": "VIA DANTE, 1",
		"cap": "20010",
		"comune": "OSSONA",
		"provincia": "MI"
	}
	,
	{
		"codMec": "miic8d700l",
		"tipo": "ISTITUTO COMPRENSIVO",
		"nome": "IC ALLENDE  PADERNO DUGNANO",
		"indirizzo": "VIA ITALIA,13",
		"cap": "20037",
		"comune": "PADERNO DUGNANO",
		"provincia": "MI"
	}
	,
	{
		"codMec": "miic8f300e",
		"tipo": "ISTITUTO COMPRENSIVO",
		"nome": "DE MARCHI - PADERNO DUGNANO",
		"indirizzo": "VIA IV NOVEMBRE, 49",
		"cap": "20037",
		"comune": "PADERNO DUGNANO",
		"provincia": "MI"
	}
	,
	{
		"codMec": "miic8fj00v",
		"tipo": "ISTITUTO COMPRENSIVO",
		"nome": "IC CROCI - PADERNO DUGNANO",
		"indirizzo": "VIA CHOPIN 9",
		"cap": "20037",
		"comune": "PADERNO DUGNANO",
		"provincia": "MI"
	}
	,
	{
		"codMec": "miis04100t",
		"tipo": "ISTITUTO SUPERIORE",
		"nome": "CARLO EMILIO GADDA",
		"indirizzo": "VIA  LEONARDO DA VINCI, 18",
		"cap": "20037",
		"comune": "PADERNO DUGNANO",
		"provincia": "MI"
	}
	,
	{
		"codMec": "miic8d800c",
		"tipo": "ISTITUTO COMPRENSIVO",
		"nome": "IC PADERNO DUGNANO VIA MANZONI",
		"indirizzo": "VIA MANZONI,31",
		"cap": "20037",
		"comune": "PADERNO DUGNANO",
		"provincia": "MI"
	}
	,
	{
		"codMec": "miic8at00l",
		"tipo": "ISTITUTO COMPRENSIVO",
		"nome": "IC \"FALCONE-BORSELLINO\"PANTIGLI",
		"indirizzo": "VIALE GIUSEPPE DI VITTORIO, 14",
		"cap": "20090",
		"comune": "PANTIGLIATE",
		"provincia": "MI"
	}
	,
	{
		"codMec": "miic8fh00n",
		"tipo": "ISTITUTO COMPRENSIVO",
		"nome": "IC VIA IV NOVEMBRE  - PARABIAGO",
		"indirizzo": "VIA IV NOVEMBRE 23",
		"cap": "20015",
		"comune": "PARABIAGO",
		"provincia": "MI"
	}
	,
	{
		"codMec": "miis102004",
		"tipo": "ISTITUTO SUPERIORE",
		"nome": "DANIELE MARIGNONI - MARCO POLO",
		"indirizzo": "VIA        MELZI D\\'ERIL 9",
		"cap": "20154",
		"comune": "MILANO",
		"provincia": "MI"
	}
	,
	{
		"codMec": "mimm0cg003",
		"tipo": "SCUOLA PRIMO GRADO",
		"nome": "CPIA 5 MILANO",
		"indirizzo": "VIA PONTANO, 43",
		"cap": "20127",
		"comune": "MILANO",
		"provincia": "MI"
	}
	,
	{
		"codMec": "mimm11300b",
		"tipo": "SCUOLA PRIMO GRADO",
		"nome": "SMS VIA VIVAIO \"PER CIECHI\"",
		"indirizzo": "VIA        VIVAIO              7",
		"cap": "20122",
		"comune": "MILANO",
		"provincia": "MI"
	}
	,
	{
		"codMec": "mipc01000c",
		"tipo": "LICEO CLASSICO",
		"nome": "MANZONI",
		"indirizzo": "VIA ORAZIO,  3",
		"cap": "20123",
		"comune": "MILANO",
		"provincia": "MI"
	}
	,
	{
		"codMec": "mipc03000n",
		"tipo": "LICEO CLASSICO",
		"nome": "CARDUCCI",
		"indirizzo": "VIA BEROLDO,9",
		"cap": "20127",
		"comune": "MILANO",
		"provincia": "MI"
	}
	,
	{
		"codMec": "mipc040008",
		"tipo": "LICEO CLASSICO",
		"nome": "BECCARIA",
		"indirizzo": "VIA CARLO LINNEO,5",
		"cap": "20145",
		"comune": "MILANO",
		"provincia": "MI"
	}
	,
	{
		"codMec": "mipc05000v",
		"tipo": "LICEO CLASSICO",
		"nome": "BERCHET",
		"indirizzo": "VIA DELLA COMMENDA,26",
		"cap": "20122",
		"comune": "MILANO",
		"provincia": "MI"
	}
	,
	{
		"codMec": "mipc170001",
		"tipo": "LICEO CLASSICO",
		"nome": "PARINI",
		"indirizzo": "VIA GOITO,4",
		"cap": "20121",
		"comune": "MILANO",
		"provincia": "MI"
	}
	,
	{
		"codMec": "mipc20000g",
		"tipo": "LICEO CLASSICO",
		"nome": "TITO LIVIO",
		"indirizzo": "VIA CIRCO  4",
		"cap": "20123",
		"comune": "MILANO",
		"provincia": "MI"
	}
	,
	{
		"codMec": "mipm03000t",
		"tipo": "ISTITUTO MAGISTRALE",
		"nome": "AGNESI",
		"indirizzo": "VIA        TABACCHI 17",
		"cap": "20136",
		"comune": "MILANO",
		"provincia": "MI"
	}
	,
	{
		"codMec": "mipm050003",
		"tipo": "ISTITUTO MAGISTRALE",
		"nome": "VIRGILIO",
		"indirizzo": "PIAZZA ASCOLI 2",
		"cap": "20129",
		"comune": "MILANO",
		"provincia": "MI"
	}
	,
	{
		"codMec": "mipm11000d",
		"tipo": "ISTITUTO MAGISTRALE",
		"nome": "CARLO TENCA",
		"indirizzo": "BASTIONI PORTA VOLTA, 16",
		"cap": "20121",
		"comune": "MILANO",
		"provincia": "MI"
	}
	,
	{
		"codMec": "mips01000g",
		"tipo": "LICEO SCIENTIFICO",
		"nome": "L.S.   EINSTEIN",
		"indirizzo": "VIA        EINSTEIN 3",
		"cap": "20137",
		"comune": "MILANO",
		"provincia": "MI"
	}
	,
	{
		"codMec": "mips03000r",
		"tipo": "LICEO SCIENTIFICO",
		"nome": "LEONARDO DA VINCI",
		"indirizzo": "VIA OTTORINO RESPIGHI,5",
		"cap": "20122",
		"comune": "MILANO",
		"provincia": "MI"
	}
	,
	{
		"codMec": "mips070007",
		"tipo": "LICEO SCIENTIFICO",
		"nome": "VITTORIO VENETO",
		"indirizzo": "VIA        DE VINCENTI 7",
		"cap": "20148",
		"comune": "MILANO",
		"provincia": "MI"
	}
	,
	{
		"codMec": "mips08000t",
		"tipo": "LICEO SCIENTIFICO",
		"nome": "VOLTA",
		"indirizzo": "VIA BENEDETTO MARCELLO,7",
		"cap": "20124",
		"comune": "MILANO",
		"provincia": "MI"
	}
	,
	{
		"codMec": "mips15000v",
		"tipo": "LICEO SCIENTIFICO",
		"nome": "\"P. BOTTONI\"",
		"indirizzo": "VIA        MAC MAHON 96/98",
		"cap": "20155",
		"comune": "MILANO",
		"provincia": "MI"
	}
	,
	{
		"codMec": "mips16000d",
		"tipo": "LICEO SCIENTIFICO",
		"nome": "\"G.MARCONI\"",
		"indirizzo": "VIA        DEI NARCISI,5",
		"cap": "20147",
		"comune": "MILANO",
		"provincia": "MI"
	}
	,
	{
		"codMec": "mips18000p",
		"tipo": "LICEO SCIENTIFICO",
		"nome": "ELIO VITTORINI",
		"indirizzo": "VIA MARIO DONATI,5/7",
		"cap": "20146",
		"comune": "MILANO",
		"provincia": "MI"
	}
	,
	{
		"codMec": "mips37000t",
		"tipo": "LICEO SCIENTIFICO",
		"nome": "L.S.S. \"R.DONATELLI-B.PASCAL\"",
		"indirizzo": "VIALE CAMPANIA,6 E VIA A.CORTI,16",
		"cap": "20133",
		"comune": "MILANO",
		"provincia": "MI"
	}
	,
	{
		"codMec": "mips67000c",
		"tipo": "LICEO SCIENTIFICO",
		"nome": "LICEO SCIENTIFICO L. LONGONE",
		"indirizzo": "VIA OLIVETANI 9",
		"cap": "20123",
		"comune": "MILANO",
		"provincia": "MI"
	}
	,
	{
		"codMec": "mirc08000a",
		"tipo": "IST  PROF  PER I SERVIZI COMM , TUR  E DELLA PUBB",
		"nome": "CAVALIERI",
		"indirizzo": "VIA OLONA,14",
		"cap": "20123",
		"comune": "MILANO",
		"provincia": "MI"
	}
	,
	{
		"codMec": "mirc300004",
		"tipo": "IST  PROF  PER I SERVIZI COMM , TUR  E DELLA PUBB",
		"nome": "KANDINSKY",
		"indirizzo": "VIA C. BARONI,35",
		"cap": "20142",
		"comune": "MILANO",
		"provincia": "MI"
	}
	,
	{
		"codMec": "mirh010009",
		"tipo": "IST PROF  ALBERGHIERO",
		"nome": "A. VESPUCCI",
		"indirizzo": "VIA VALVASSORI PERONI,8",
		"cap": "20133",
		"comune": "MILANO",
		"provincia": "MI"
	}
	,
	{
		"codMec": "mirh02000x",
		"tipo": "IST PROF  ALBERGHIERO",
		"nome": "CARLO PORTA",
		"indirizzo": "VIA URUGUAY, 26/3",
		"cap": "20151",
		"comune": "MILANO",
		"provincia": "MI"
	}
	,
	{
		"codMec": "misl01000c",
		"tipo": "LICEO ARTISTICO",
		"nome": "LICEO ARTISTICO STATALE DI BRERA",
		"indirizzo": "VIA   HAJECH ,27",
		"cap": "20129",
		"comune": "MILANO",
		"provincia": "MI"
	}
	,
	{
		"codMec": "misl020003",
		"tipo": "LICEO ARTISTICO",
		"nome": "LICEO ARTISTICO \"CARAVAGGIO\"",
		"indirizzo": "VIA   PRINETTI ,47",
		"cap": "20127",
		"comune": "MILANO",
		"provincia": "MI"
	}
	,
	{
		"codMec": "misl03000n",
		"tipo": "LICEO ARTISTICO",
		"nome": "U.BOCCIONI",
		"indirizzo": "PIAZZALE   ARDUINO, N.4",
		"cap": "20149",
		"comune": "MILANO",
		"provincia": "MI"
	}
	,
	{
		"codMec": "mite01000v",
		"tipo": "ISTITUTO TECNICO PER ATTIVITA\\' SOCIALI (GIA\\' ITF)",
		"nome": "\"GIULIO NATTA\"",
		"indirizzo": "VIA DON GIOVANNI CALABRIA,16",
		"cap": "20132",
		"comune": "MILANO",
		"provincia": "MI"
	}
	,
	{
		"codMec": "mitf070009",
		"tipo": "ISTITUTO TECNICO INDUSTRIALE",
		"nome": "FELTRINELLI",
		"indirizzo": "PIAZZA TITO LUCREZIO CARO,8",
		"cap": "20136",
		"comune": "MILANO",
		"provincia": "MI"
	}
	,
	{
		"codMec": "mitf11000e",
		"tipo": "ISTITUTO TECNICO INDUSTRIALE",
		"nome": "ITI MOLINARI",
		"indirizzo": "VIA CRESCENZAGO 110",
		"cap": "20132",
		"comune": "MILANO",
		"provincia": "MI"
	}
	,
	{
		"codMec": "mitf19000b",
		"tipo": "ISTITUTO TECNICO INDUSTRIALE",
		"nome": "I.T.S.O.S. \"ALBE STEINER\"",
		"indirizzo": "VIA S. DIONIGI, 36",
		"cap": "20139",
		"comune": "MILANO",
		"provincia": "MI"
	}
	,
	{
		"codMec": "mitf290008",
		"tipo": "ISTITUTO TECNICO INDUSTRIALE",
		"nome": "ETTORE CONTI",
		"indirizzo": "VIA        A. DE VINCENTI 11",
		"cap": "20148",
		"comune": "MILANO",
		"provincia": "MI"
	}
	,
	{
		"codMec": "mitn02000x",
		"tipo": "ISTITUTO TECNICO PER IL TURISMO",
		"nome": "PIER PAOLO PASOLINI",
		"indirizzo": "VIA BISTOLFI,15",
		"cap": "20134",
		"comune": "MILANO",
		"provincia": "MI"
	}
	,
	{
		"codMec": "mitn03000e",
		"tipo": "ISTITUTO TECNICO PER IL TURISMO",
		"nome": "ARTEMISIA GENTILESCHI",
		"indirizzo": "VIA NATTA,11",
		"cap": "20151",
		"comune": "MILANO",
		"provincia": "MI"
	}
	,
	{
		"codMec": "mivc01000q",
		"tipo": "CONVITTO ANNESSO",
		"nome": "L. LONGONE",
		"indirizzo": "VIA        DEGLI OLIVETANI     9",
		"cap": "20123",
		"comune": "MILANO",
		"provincia": "MI"
	}
	,
	{
		"codMec": "mive01000p",
		"tipo": "EDUCANDATO",
		"nome": "EMANUELA SETTI CARRARO DALLA CHIESA",
		"indirizzo": "VIA PASSIONE, 12",
		"cap": "20122",
		"comune": "MILANO",
		"provincia": "MI"
	}
	,
	{
		"codMec": "miic8gb009",
		"tipo": "ISTITUTO COMPRENSIVO",
		"nome": "CONFALONIERI",
		"indirizzo": "VIA S. MARTINO 4",
		"cap": "20900",
		"comune": "MONZA",
		"provincia": "MI"
	}
	,
	{
		"codMec": "mitd41000v",
		"tipo": "IST TEC COMMERCIALE E PER GEOMETRI",
		"nome": "ACHILLE MAPELLI",
		"indirizzo": "VIA        PARMENIDE, 18",
		"cap": "20900",
		"comune": "MONZA",
		"provincia": "MI"
	}
	,
	{
		"codMec": "misl13000e",
		"tipo": "LICEO ARTISTICO",
		"nome": "LICEO ARTISTICO NANNI VALENTINI",
		"indirizzo": "VIA BOCCACCIO 1",
		"cap": "20900",
		"comune": "MONZA",
		"provincia": "MI"
	}
	,
	{
		"codMec": "mirc060005",
		"tipo": "IST  PROF  PER I SERVIZI COMM , TUR  E DELLA PUBB",
		"nome": "A. OLIVETTI",
		"indirizzo": "VIA LECCO,12",
		"cap": "20900",
		"comune": "MONZA",
		"provincia": "MI"
	}
	,
	{
		"codMec": "miic8aa00t",
		"tipo": "ISTITUTO COMPRENSIVO",
		"nome": "IC  SALVO D\\'ACQUISTO/ MONZA",
		"indirizzo": "VIA  N. PAGANINI,30",
		"cap": "20900",
		"comune": "MONZA",
		"provincia": "MI"
	}
	,
	{
		"codMec": "miic8ac00d",
		"tipo": "ISTITUTO COMPRENSIVO",
		"nome": "IC  SAN FRUTTUOSO/MONZA",
		"indirizzo": "VIA ISEO 18",
		"cap": "20052",
		"comune": "MONZA",
		"provincia": "MI"
	}
	,
	{
		"codMec": "miic8ad009",
		"tipo": "ISTITUTO COMPRENSIVO",
		"nome": "IC  ANNA FRANK/ MONZA",
		"indirizzo": "VIA TOSCANA,10",
		"cap": "20052",
		"comune": "MONZA",
		"provincia": "MI"
	}
	,
	{
		"codMec": "miic8ae005",
		"tipo": "ISTITUTO COMPRENSIVO",
		"nome": "IC  DON  LORENZO MILANI/ MONZA",
		"indirizzo": "VIA MONTE BISBINO 12",
		"cap": "20900",
		"comune": "MONZA",
		"provincia": "MI"
	}
	,
	{
		"codMec": "miic8fg00t",
		"tipo": "ISTITUTO COMPRENSIVO",
		"nome": "IC VIALE LEGNANO - PARABIAGO",
		"indirizzo": "VIALE      LEGNANO             6",
		"cap": "20015",
		"comune": "PARABIAGO",
		"provincia": "MI"
	}
	,
	{
		"codMec": "mitd57000b",
		"tipo": "IST TEC COMMERCIALE E PER GEOMETRI",
		"nome": "G.MAGGIOLINI",
		"indirizzo": "VIA   SPAGLIARDI, 19",
		"cap": "20015",
		"comune": "PARABIAGO",
		"provincia": "MI"
	}
	,
	{
		"codMec": "mips290006",
		"tipo": "LICEO SCIENTIFICO",
		"nome": "CLAUDIO CAVALLERI",
		"indirizzo": "VIA SPAGLIARDI 23",
		"cap": "20015",
		"comune": "PARABIAGO",
		"provincia": "MI"
	}
	,
	{
		"codMec": "miic8a200n",
		"tipo": "ISTITUTO COMPRENSIVO",
		"nome": "IC EUGENIO CURIEL/PAULLO",
		"indirizzo": "VIA FLEMING 11",
		"cap": "20067",
		"comune": "PAULLO",
		"provincia": "MI"
	}
	,
	{
		"codMec": "miic8bt007",
		"tipo": "ISTITUTO COMPRENSIVO",
		"nome": "ISTITUTO COMPRENSIVO DI PERO",
		"indirizzo": "VIA GIOVANNI XXIII,6",
		"cap": "20016",
		"comune": "PERO",
		"provincia": "MI"
	}
	,
	{
		"codMec": "miic8ab00n",
		"tipo": "ISTITUTO COMPRENSIVO",
		"nome": "IC FABRIZIO DE ANDRE\\'/PESCHIERA",
		"indirizzo": "VIA GOLDONI 1",
		"cap": "20068",
		"comune": "PESCHIERA BORROMEO",
		"provincia": "MI"
	}
	,
	{
		"codMec": "miic899009",
		"tipo": "ISTITUTO COMPRENSIVO",
		"nome": "IC R.L. MONTALCINI/PESCHIERA B.",
		"indirizzo": "VIA CARDUCCI 7",
		"cap": "20068",
		"comune": "PESCHIERA BORROMEO",
		"provincia": "MI"
	}
	,
	{
		"codMec": "miic8a4009",
		"tipo": "ISTITUTO COMPRENSIVO",
		"nome": "IC DANIELA MAURO/PESSANO C/B",
		"indirizzo": "VIA ROMA 8",
		"cap": "20060",
		"comune": "PESSANO CON BORNAGO",
		"provincia": "MI"
	}
	,
	{
		"codMec": "miic8d5001",
		"tipo": "ISTITUTO COMPRENSIVO",
		"nome": "IC VIA VIQUARTERIO/PIEVE EMANUE",
		"indirizzo": "VIA VIQUARTERIO",
		"cap": "20090",
		"comune": "PIEVE EMANUELE",
		"provincia": "MI"
	}
	,
	{
		"codMec": "miic8d600r",
		"tipo": "ISTITUTO COMPRENSIVO",
		"nome": "IC VIA DELLE BETULLE/PIEVE EMAN",
		"indirizzo": "VIA DELLE BETULLE",
		"cap": "20090",
		"comune": "PIEVE EMANUELE",
		"provincia": "MI"
	}
	,
	{
		"codMec": "miic8fd00a",
		"tipo": "ISTITUTO COMPRENSIVO",
		"nome": "IC \"MATTEI - DI VITTORIO\"",
		"indirizzo": "VIA BIZET, 1",
		"cap": "20096",
		"comune": "PIOLTELLO",
		"provincia": "MI"
	}
	,
	{
		"codMec": "miic8bl00c",
		"tipo": "ISTITUTO COMPRENSIVO",
		"nome": "I.C. IQBAL  MASIH/PIOLTELLO",
		"indirizzo": "VIA IQBAL MASIH N.7",
		"cap": "20096",
		"comune": "PIOLTELLO",
		"provincia": "MI"
	}
	,
	{
		"codMec": "miis029007",
		"tipo": "ISTITUTO SUPERIORE",
		"nome": "NICCOLO\\' MACHIAVELLI",
		"indirizzo": "VIA RIVOLTANA 93/B",
		"cap": "20090",
		"comune": "PIOLTELLO",
		"provincia": "MI"
	}
	,
	{
		"codMec": "miic8bu003",
		"tipo": "ISTITUTO COMPRENSIVO",
		"nome": "IC PAOLO NEGLIA",
		"indirizzo": "VIA GARIBALDI 27",
		"cap": "20010",
		"comune": "POGLIANO MILANESE",
		"provincia": "MI"
	}
	,
	{
		"codMec": "miic8b500q",
		"tipo": "ISTITUTO COMPRENSIVO",
		"nome": "IC A.MANZONI/POZZUOLO M",
		"indirizzo": "PIAZZA  PIETRO NENNI 1",
		"cap": "20060",
		"comune": "POZZUOLO MARTESANA",
		"provincia": "MI"
	}
	,
	{
		"codMec": "miic8ah00l",
		"tipo": "ISTITUTO COMPRENSIVO",
		"nome": "IC  KOINE\\'/ MONZA",
		"indirizzo": "VIA GENTILI 20",
		"cap": "20900",
		"comune": "MONZA",
		"provincia": "MI"
	}
	,
	{
		"codMec": "miic8f6002",
		"tipo": "ISTITUTO COMPRENSIVO",
		"nome": "VIA RAIBERTI",
		"indirizzo": "VIA G. RAIBERTI, 4",
		"cap": "20900",
		"comune": "MONZA",
		"provincia": "MI"
	}
	,
	{
		"codMec": "miic8f700t",
		"tipo": "ISTITUTO COMPRENSIVO",
		"nome": "VIA CORREGGIO",
		"indirizzo": "VIA CORREGGIO 27",
		"cap": "20900",
		"comune": "MONZA",
		"provincia": "MI"
	}
	,
	{
		"codMec": "miic8f800n",
		"tipo": "ISTITUTO COMPRENSIVO",
		"nome": "VIA FOSCOLO",
		"indirizzo": "VIALE FOSCOLO, 6",
		"cap": "20900",
		"comune": "MONZA",
		"provincia": "MI"
	}
	,
	{
		"codMec": "mitf410005",
		"tipo": "ISTITUTO TECNICO INDUSTRIALE",
		"nome": "P.HENSEMBERGER",
		"indirizzo": "VIA  BERCHET,2",
		"cap": "20900",
		"comune": "MONZA",
		"provincia": "MI"
	}
	,
	{
		"codMec": "miis06800t",
		"tipo": "ISTITUTO SUPERIORE",
		"nome": "M. BIANCHI",
		"indirizzo": "VIA        MINERVA 1",
		"cap": "20052",
		"comune": "MONZA",
		"provincia": "MI"
	}
	,
	{
		"codMec": "miis10400q",
		"tipo": "ISTITUTO SUPERIORE",
		"nome": "I.I.S.  \"ENZO ANSELMO FERRARI\"",
		"indirizzo": "VIA  MONTE GRAPPA ,1",
		"cap": "20900",
		"comune": "MONZA",
		"provincia": "MI"
	}
	,
	{
		"codMec": "mimm0cc00q",
		"tipo": "SCUOLA PRIMO GRADO",
		"nome": "CPIA MONZA",
		"indirizzo": "VIA CERNUSCHI 8",
		"cap": "20900",
		"comune": "MONZA",
		"provincia": "MI"
	}
	,
	{
		"codMec": "mipc020003",
		"tipo": "LICEO CLASSICO",
		"nome": "B. ZUCCHI",
		"indirizzo": "PIAZZA  TRENTO TRIESTE,6",
		"cap": "20900",
		"comune": "MONZA",
		"provincia": "MI"
	}
	,
	{
		"codMec": "mipm06000n",
		"tipo": "ISTITUTO MAGISTRALE",
		"nome": "CARLO PORTA",
		"indirizzo": "VIA DELLA GUERRINA,15",
		"cap": "20900",
		"comune": "MONZA",
		"provincia": "MI"
	}
	,
	{
		"codMec": "mips050002",
		"tipo": "LICEO SCIENTIFICO",
		"nome": "PAOLO FRISI",
		"indirizzo": "VIA SEMPIONE,21",
		"cap": "20900",
		"comune": "MONZA",
		"provincia": "MI"
	}
	,
	{
		"codMec": "miic872009",
		"tipo": "ISTITUTO COMPRENSIVO",
		"nome": "IC  A. NEGRI/ MOTTA VISCONTI",
		"indirizzo": "VIA DON MILANI, 4",
		"cap": "20086",
		"comune": "MOTTA VISCONTI",
		"provincia": "MI"
	}
	,
	{
		"codMec": "miis08400q",
		"tipo": "ISTITUTO SUPERIORE",
		"nome": "MARTIN LUTHER KING",
		"indirizzo": "VIA        ALLENDE  3",
		"cap": "20835",
		"comune": "MUGGIO\\'",
		"provincia": "MI"
	}
	,
	{
		"codMec": "miic89100p",
		"tipo": "ISTITUTO COMPRENSIVO",
		"nome": "IC SALVO D ACQUISTO /MUGGIO\\'",
		"indirizzo": "VIA  FRATELLI  CERVI 3 A",
		"cap": "20835",
		"comune": "MUGGIO\\'",
		"provincia": "MI"
	}
	,
	{
		"codMec": "miic88300q",
		"tipo": "ISTITUTO COMPRENSIVO",
		"nome": "IC  A.CASATI/MUGGIO\\'",
		"indirizzo": "VIA 1 MAGGIO",
		"cap": "20835",
		"comune": "MUGGIO\\'",
		"provincia": "MI"
	}
	,
	{
		"codMec": "miic810002",
		"tipo": "ISTITUTO COMPRENSIVO",
		"nome": "IC A. RIZZOLI/PREGNANA MILANESE",
		"indirizzo": "VIA        VARESE              3",
		"cap": "20010",
		"comune": "PREGNANA MILANESE",
		"provincia": "MI"
	}
	,
	{
		"codMec": "miic831003",
		"tipo": "ISTITUTO COMPRENSIVO",
		"nome": "IC ALFREDO SASSI/RENATE",
		"indirizzo": "VIA XXV APRILE 29",
		"cap": "20055",
		"comune": "RENATE",
		"provincia": "MI"
	}
	,
	{
		"codMec": "miic849008",
		"tipo": "ISTITUTO COMPRENSIVO",
		"nome": "IC A.MANZONI",
		"indirizzo": "VIA LOMBARDI,12",
		"cap": "20027",
		"comune": "RESCALDINA",
		"provincia": "MI"
	}
	,
	{
		"codMec": "miic851008",
		"tipo": "ISTITUTO COMPRENSIVO",
		"nome": "IC D.ALIGHIERI/ RESCALDINA",
		"indirizzo": "VIA MATTEOTTI 2",
		"cap": "20027",
		"comune": "RESCALDINA",
		"provincia": "MI"
	}
	,
	{
		"codMec": "miic8fn006",
		"tipo": "ISTITUTO COMPRENSIVO",
		"nome": "I.C. ANNA FRANK/RHO",
		"indirizzo": "VIA CHIMINELLO,2",
		"cap": "20017",
		"comune": "RHO",
		"provincia": "MI"
	}
	,
	{
		"codMec": "mitd52000a",
		"tipo": "IST TEC COMMERCIALE E PER GEOMETRI",
		"nome": "ENRICO MATTEI",
		"indirizzo": "VIA        PADRE VAIANI 18",
		"cap": "20017",
		"comune": "RHO",
		"provincia": "MI"
	}
	,
	{
		"codMec": "mips120003",
		"tipo": "LICEO SCIENTIFICO",
		"nome": "ETTORE MAJORANA",
		"indirizzo": "VIA        RATTI 88",
		"cap": "20017",
		"comune": "RHO",
		"provincia": "MI"
	}
	,
	{
		"codMec": "mipc13000e",
		"tipo": "LICEO CLASSICO",
		"nome": "CLEMENTE REBORA",
		"indirizzo": "VIA PAPA GIOVANNI XXIII",
		"cap": "20017",
		"comune": "RHO",
		"provincia": "MI"
	}
	,
	{
		"codMec": "miis08900v",
		"tipo": "ISTITUTO SUPERIORE",
		"nome": "PUECHER - OLIVETTI",
		"indirizzo": "VIA  BERSAGLIO 56",
		"cap": "20017",
		"comune": "RHO",
		"provincia": "MI"
	}
	,
	{
		"codMec": "miic8gd001",
		"tipo": "ISTITUTO COMPRENSIVO",
		"nome": "I.C. EZIO FRANCESCHINI/RHO",
		"indirizzo": "VIA TEVERE 13",
		"cap": "20017",
		"comune": "RHO",
		"provincia": "MI"
	}
	,
	{
		"codMec": "mitf13000q",
		"tipo": "ISTITUTO TECNICO INDUSTRIALE",
		"nome": "STANISLAO CANNIZZARO",
		"indirizzo": "VIA  RAFFAELLO SANZIO,2",
		"cap": "20017",
		"comune": "RHO",
		"provincia": "MI"
	}
	,
	{
		"codMec": "miic8bv00l",
		"tipo": "ISTITUTO COMPRENSIVO",
		"nome": "IC FABRIZIO DE ANDRE\\'/RHO",
		"indirizzo": "VIA GRAZIA DELEDDA, 2",
		"cap": "20017",
		"comune": "RHO",
		"provincia": "MI"
	}
	,
	{
		"codMec": "miic8ff002",
		"tipo": "ISTITUTO COMPRENSIVO",
		"nome": "I.C. TOMMASO GROSSI",
		"indirizzo": "VIA T. GROSSI 35",
		"cap": "20017",
		"comune": "RHO",
		"provincia": "MI"
	}
	,
	{
		"codMec": "miic87600l",
		"tipo": "ISTITUTO COMPRENSIVO",
		"nome": "IC. A. MANZONI/ ROSATE",
		"indirizzo": "VIALE  DELLE RIMEMBRANZE 34 - 36",
		"cap": "20088",
		"comune": "ROSATE",
		"provincia": "MI"
	}
	,
	{
		"codMec": "miis01900l",
		"tipo": "ISTITUTO SUPERIORE",
		"nome": "ITALO CALVINO",
		"indirizzo": "VIA   GUIDO ROSSA",
		"cap": "20089",
		"comune": "ROZZANO",
		"provincia": "MI"
	}
	,
	{
		"codMec": "miic845001",
		"tipo": "ISTITUTO COMPRENSIVO",
		"nome": "IC CARDUCCI/SAN VITTORE OLONA",
		"indirizzo": "VIA DON MAGNI 2",
		"cap": "20028",
		"comune": "SAN VITTORE OLONA",
		"provincia": "MI"
	}
	,
	{
		"codMec": "miic865006",
		"tipo": "ISTITUTO COMPRENSIVO",
		"nome": "IC MATTEOTTI-SEDRIANO",
		"indirizzo": "VIA MATTEOTTI, 8",
		"cap": "20018",
		"comune": "SEDRIANO",
		"provincia": "MI"
	}
	,
	{
		"codMec": "miic8bw00c",
		"tipo": "ISTITUTO COMPRENSIVO",
		"nome": "ROSANNA GALBUSERA",
		"indirizzo": "STRADA ANULARE 2-A",
		"cap": "20090",
		"comune": "SEGRATE",
		"provincia": "MI"
	}
	,
	{
		"codMec": "miic8bx008",
		"tipo": "ISTITUTO COMPRENSIVO",
		"nome": "IC  SCHWEITZER /SEGRATE",
		"indirizzo": "VIA SAN ROCCO, N.4",
		"cap": "20090",
		"comune": "SEGRATE",
		"provincia": "MI"
	}
	,
	{
		"codMec": "miic8bk00l",
		"tipo": "ISTITUTO COMPRENSIVO",
		"nome": "IC  A.B. SABIN/SEGRATE",
		"indirizzo": "VIA FRATELLI CERVI",
		"cap": "20090",
		"comune": "SEGRATE",
		"provincia": "MI"
	}
	,
	{
		"codMec": "miic8ep007",
		"tipo": "ISTITUTO COMPRENSIVO",
		"nome": "I.C. LEONARDO DA VINCI - SENAGO",
		"indirizzo": "VIA RISORGIMENTO, 45",
		"cap": "20030",
		"comune": "SENAGO",
		"provincia": "MI"
	}
	,
	{
		"codMec": "miic8er00v",
		"tipo": "ISTITUTO COMPRENSIVO",
		"nome": "\"MARCO POLO\"",
		"indirizzo": "VIA LIBERAZIONE",
		"cap": "20030",
		"comune": "SENAGO",
		"provincia": "MI"
	}
	,
	{
		"codMec": "miic84800c",
		"tipo": "ISTITUTO COMPRENSIVO",
		"nome": "IC GIANNI RODARI/SEREGNO",
		"indirizzo": "VIA PACINI 71",
		"cap": "20831",
		"comune": "SEREGNO",
		"provincia": "MI"
	}
	,
	{
		"codMec": "miic8dc009",
		"tipo": "ISTITUTO COMPRENSIVO",
		"nome": "IC  ALDO MORO/SEREGNO",
		"indirizzo": "VIA TIZIANO,50",
		"cap": "20831",
		"comune": "SEREGNO",
		"provincia": "MI"
	}
	,
	{
		"codMec": "miis04900c",
		"tipo": "ISTITUTO SUPERIORE",
		"nome": "\"MARTINO BASSI\"",
		"indirizzo": "VIA   BRIANTINA, 68",
		"cap": "20831",
		"comune": "SEREGNO",
		"provincia": "MI"
	}
	,
	{
		"codMec": "miic84600r",
		"tipo": "ISTITUTO COMPRENSIVO",
		"nome": "IC ANTONIO STOPPANI/SEREGNO",
		"indirizzo": "VIA CARROCCIO, 51 53",
		"cap": "20831",
		"comune": "SEREGNO",
		"provincia": "MI"
	}
	,
	{
		"codMec": "mitd430004",
		"tipo": "IST TEC COMMERCIALE E PER GEOMETRI",
		"nome": "PRIMO LEVI",
		"indirizzo": "VIA        BRIANTINA, 68",
		"cap": "20831",
		"comune": "SEREGNO",
		"provincia": "MI"
	}
	,
	{
		"codMec": "mipm08000v",
		"tipo": "ISTITUTO MAGISTRALE",
		"nome": "GIUSEPPE PARINI",
		"indirizzo": "VIA        GRAMSCI 17",
		"cap": "20831",
		"comune": "SEREGNO",
		"provincia": "MI"
	}
	,
	{
		"codMec": "miic8c800t",
		"tipo": "ISTITUTO COMPRENSIVO",
		"nome": "IC  DANTE ALIGHIERI/SESTO S/G",
		"indirizzo": "VIA FALCK, 110",
		"cap": "20099",
		"comune": "SESTO SAN GIOVANNI",
		"provincia": "MI"
	}
	,
	{
		"codMec": "mirc12000g",
		"tipo": "IST  PROF  PER I SERVIZI COMM , TUR  E DELLA PUBB",
		"nome": "E.FALCK",
		"indirizzo": "VIA BALILLA,50",
		"cap": "20099",
		"comune": "SESTO SAN GIOVANNI",
		"provincia": "MI"
	}
	,
	{
		"codMec": "miic8dk00t",
		"tipo": "ISTITUTO COMPRENSIVO",
		"nome": "IC  VILLA CORTESE",
		"indirizzo": "VIA OLCELLA, 24",
		"cap": "20020",
		"comune": "VILLA CORTESE",
		"provincia": "MI"
	}
	,
	{
		"codMec": "miis08300x",
		"tipo": "ISTITUTO SUPERIORE",
		"nome": "GREGORIO MENDEL",
		"indirizzo": "VIA  FERRAZZI ,15",
		"cap": "20020",
		"comune": "VILLA CORTESE",
		"provincia": "MI"
	}
	,
	{
		"codMec": "miic8dn009",
		"tipo": "ISTITUTO COMPRENSIVO",
		"nome": "ISTITUTO COMPRENSIVO VILLASANTA",
		"indirizzo": "VIA A. VILLA, 5",
		"cap": "20852",
		"comune": "VILLASANTA",
		"provincia": "MI"
	}
	,
	{
		"codMec": "mitf150001",
		"tipo": "ISTITUTO TECNICO INDUSTRIALE",
		"nome": "ALBERT EINSTEIN",
		"indirizzo": "VIA ADDA,6",
		"cap": "20059",
		"comune": "VIMERCATE",
		"provincia": "MI"
	}
	,
	{
		"codMec": "miic8ex007",
		"tipo": "ISTITUTO COMPRENSIVO",
		"nome": "DON MILANI - VIMERCATE II",
		"indirizzo": "VIA MASCAGNI",
		"cap": "20871",
		"comune": "VIMERCATE",
		"provincia": "MI"
	}
	,
	{
		"codMec": "mips240005",
		"tipo": "LICEO SCIENTIFICO",
		"nome": "\" BANFI \"",
		"indirizzo": "VIA ADDA,6",
		"cap": "20871",
		"comune": "VIMERCATE",
		"provincia": "MI"
	}
	,
	{
		"codMec": "miis053004",
		"tipo": "ISTITUTO SUPERIORE",
		"nome": "EZIO VANONI",
		"indirizzo": "VIA ADDA,6",
		"cap": "20059",
		"comune": "VIMERCATE",
		"provincia": "MI"
	}
	,
	{
		"codMec": "miis024004",
		"tipo": "ISTITUTO SUPERIORE",
		"nome": "\"VIRGILIO FLORIANI\"",
		"indirizzo": "VIA CREMAGNANI,18",
		"cap": "20871",
		"comune": "VIMERCATE",
		"provincia": "MI"
	}
	,
	{
		"codMec": "miic8ew00b",
		"tipo": "ISTITUTO COMPRENSIVO",
		"nome": "MANZONI",
		"indirizzo": "P.LE MARTIRI VIMERCATESI,1 -VIMERCATE",
		"cap": "20871",
		"comune": "VIMERCATE",
		"provincia": "MI"
	}
	,
	{
		"codMec": "miic8b000l",
		"tipo": "ISTITUTO COMPRENSIVO",
		"nome": "IC  VIA PIAVE/VIMODRONE",
		"indirizzo": "VIA PIAVE, 62",
		"cap": "20090",
		"comune": "VIMODRONE",
		"provincia": "MI"
	}
	,
	{
		"codMec": "miis09200p",
		"tipo": "ISTITUTO SUPERIORE",
		"nome": "E.ALESSANDRINI",
		"indirizzo": "VIALE ZARA,23/C",
		"cap": "20010",
		"comune": "VITTUONE",
		"provincia": "MI"
	}
	,
	{
		"codMec": "miic86200p",
		"tipo": "ISTITUTO COMPRENSIVO",
		"nome": "IC D.ALIGHIERI/VITTUONE",
		"indirizzo": "VIA PIAVE 27",
		"cap": "20010",
		"comune": "VITTUONE",
		"provincia": "MI"
	}
	,
	{
		"codMec": "miic8a300d",
		"tipo": "ISTITUTO COMPRENSIVO",
		"nome": "IC DELLA MARGHERITA VIZZOLO P.",
		"indirizzo": "VIA VERDI,3",
		"cap": "20070",
		"comune": "VIZZOLO PREDABISSI",
		"provincia": "MI"
	}
	,
	{
		"codMec": "miic8az009",
		"tipo": "ISTITUTO COMPRENSIVO",
		"nome": "IC  R0VANI/SESTO SAN GIOVANNI",
		"indirizzo": "VIA MARCONI 44",
		"cap": "20099",
		"comune": "SESTO SAN GIOVANNI",
		"provincia": "MI"
	}
	,
	{
		"codMec": "miic8a5005",
		"tipo": "ISTITUTO COMPRENSIVO",
		"nome": "IC MARTIRI DELLA LIBERTA/SESTO",
		"indirizzo": "VIA F. CAVALLOTTI N. 88",
		"cap": "20099",
		"comune": "SESTO SAN GIOVANNI",
		"provincia": "MI"
	}
	,
	{
		"codMec": "miic8a700r",
		"tipo": "ISTITUTO COMPRENSIVO",
		"nome": "IC MARZABOTTO/SESTO S/G.",
		"indirizzo": "VIA SAVONA,135",
		"cap": "20099",
		"comune": "SESTO SAN GIOVANNI",
		"provincia": "MI"
	}
	,
	{
		"codMec": "miic8a0002",
		"tipo": "ISTITUTO COMPRENSIVO",
		"nome": "IC G.PASCOLI/SESTO S.GIOVANNI",
		"indirizzo": "VIA FRATELLI DI DIO 101",
		"cap": "20099",
		"comune": "SESTO SAN GIOVANNI",
		"provincia": "MI"
	}
	,
	{
		"codMec": "miic8a100t",
		"tipo": "ISTITUTO COMPRENSIVO",
		"nome": "IC  ANNA FRANK/SESTO S.GIOVANNI",
		"indirizzo": "VIA BOCCACCIO 336",
		"cap": "20099",
		"comune": "SESTO SAN GIOVANNI",
		"provincia": "MI"
	}
	,
	{
		"codMec": "mipm070008",
		"tipo": "ISTITUTO MAGISTRALE",
		"nome": "IM ERASMO DA ROTTERDAM",
		"indirizzo": "VIALE      ITALIA 409",
		"cap": "20099",
		"comune": "SESTO SAN GIOVANNI",
		"provincia": "MI"
	}
	,
	{
		"codMec": "miis04700r",
		"tipo": "ISTITUTO SUPERIORE",
		"nome": "IIS ENRICO DE NICOLA",
		"indirizzo": "VIA SAINT DENIS, 200",
		"cap": "20099",
		"comune": "SESTO SAN GIOVANNI",
		"provincia": "MI"
	}
	,
	{
		"codMec": "miis008006",
		"tipo": "ISTITUTO SUPERIORE",
		"nome": "ALTIERO SPINELLI",
		"indirizzo": "VIA        LEOPARDI 132",
		"cap": "20099",
		"comune": "SESTO SAN GIOVANNI",
		"provincia": "MI"
	}
	,
	{
		"codMec": "miic8eu00q",
		"tipo": "ISTITUTO COMPRENSIVO",
		"nome": "I.C.\"BREDA\"-SESTO SAN GIOVANNI",
		"indirizzo": "VIALE MATTEOTTI 381",
		"cap": "20099",
		"comune": "SESTO SAN GIOVANNI",
		"provincia": "MI"
	}
	,
	{
		"codMec": "miic8bn004",
		"tipo": "ISTITUTO COMPRENSIVO",
		"nome": "IC LEONARDO DA VINCI/SETTALA",
		"indirizzo": "VIA VERDI,8/B",
		"cap": "20090",
		"comune": "SETTALA",
		"provincia": "MI"
	}
	,
	{
		"codMec": "miic83200v",
		"tipo": "ISTITUTO COMPRENSIVO",
		"nome": "I.C. SETTIMO MILANESE",
		"indirizzo": "VIA BUOZZI, 1",
		"cap": "20019",
		"comune": "SETTIMO MILANESE",
		"provincia": "MI"
	}
	,
	{
		"codMec": "miic86300e",
		"tipo": "ISTITUTO COMPRENSIVO",
		"nome": "IC VIA ADUA-SEVESO",
		"indirizzo": "VIA ADUA 41- 43",
		"cap": "20822",
		"comune": "SEVESO",
		"provincia": "MI"
	}
	,
	{
		"codMec": "miic86100v",
		"tipo": "ISTITUTO COMPRENSIVO",
		"nome": "IC  VIA DE GASPERI/SEVESO",
		"indirizzo": "VIA DE GASPERI,5",
		"cap": "20030",
		"comune": "SEVESO",
		"provincia": "MI"
	}
	,
	{
		"codMec": "miic83300p",
		"tipo": "ISTITUTO COMPRENSIVO",
		"nome": "IC REGINA ELENA/SOLARO",
		"indirizzo": "VIA DRIZZA,16",
		"cap": "20020",
		"comune": "SOLARO",
		"provincia": "MI"
	}
	,
	{
		"codMec": "miic894006",
		"tipo": "ISTITUTO COMPRENSIVO",
		"nome": "IC GIACOMO PACCINI/SOVICO",
		"indirizzo": "VIA F.BARACCA, 25",
		"cap": "20845",
		"comune": "SOVICO",
		"provincia": "MI"
	}
	,
	{
		"codMec": "miic8fm00a",
		"tipo": "ISTITUTO COMPRENSIVO",
		"nome": "I.C. VIALE LIGURIA - ROZZANO",
		"indirizzo": "VIALE      LIGURIA",
		"cap": "20089",
		"comune": "ROZZANO",
		"provincia": "MI"
	}
	,
	{
		"codMec": "miic8gg00c",
		"tipo": "ISTITUTO COMPRENSIVO",
		"nome": "I.C. MONTE AMIATA",
		"indirizzo": "VIA LAMBRO 92",
		"cap": "20089",
		"comune": "ROZZANO",
		"provincia": "MI"
	}
	,
	{
		"codMec": "miic8fc00e",
		"tipo": "ISTITUTO COMPRENSIVO",
		"nome": "I.C. VIA DEI GAROFANI -ROZZANO",
		"indirizzo": "VIA DEI GAROFANI",
		"cap": "20089",
		"comune": "ROZZANO",
		"provincia": "MI"
	}
	,
	{
		"codMec": "mimm0ce00b",
		"tipo": "SCUOLA PRIMO GRADO",
		"nome": "CPIA 3 MILANO",
		"indirizzo": "VIA LIGURIA 7",
		"cap": "20089",
		"comune": "ROZZANO",
		"provincia": "MI"
	}
	,
	{
		"codMec": "miic880008",
		"tipo": "ISTITUTO COMPRENSIVO",
		"nome": "IC  ORCHIDEE  ROZZANO",
		"indirizzo": "VIA ORCHIDEE",
		"cap": "20089",
		"comune": "ROZZANO",
		"provincia": "MI"
	}
	,
	{
		"codMec": "miic81300d",
		"tipo": "ISTITUTO COMPRENSIVO",
		"nome": "IC D.GNOCCHI-S.COLOMBANO A/L",
		"indirizzo": "VIA STEFFENINI, 96/B",
		"cap": "20078",
		"comune": "SAN COLOMBANO AL LAMBRO",
		"provincia": "MI"
	}
	,
	{
		"codMec": "mips11000c",
		"tipo": "LICEO SCIENTIFICO",
		"nome": "LICEO \"PRIMO LEVI\"  SCIENT. - CLASSICO",
		"indirizzo": "VIA MARTIRI DI CEFALONIA, 46",
		"cap": "20097",
		"comune": "SAN DONATO MILANESE",
		"provincia": "MI"
	}
	,
	{
		"codMec": "miis037006",
		"tipo": "ISTITUTO SUPERIORE",
		"nome": "IS PIERO DELLA FRANCESCA",
		"indirizzo": "VIA MARTIRI DI CEFALONIA, 46",
		"cap": "20097",
		"comune": "SAN DONATO MILANESE",
		"provincia": "MI"
	}
	,
	{
		"codMec": "miee242009",
		"tipo": "CIRCOLO DIDATTICO",
		"nome": "GREPPI III CIRCOLO/S.DONATO MIL",
		"indirizzo": "VIA MARIO GREPPI,13",
		"cap": "20097",
		"comune": "SAN DONATO MILANESE",
		"provincia": "MI"
	}
	,
	{
		"codMec": "miic8fb00p",
		"tipo": "ISTITUTO COMPRENSIVO",
		"nome": "I.C. MARGHERITA HACK",
		"indirizzo": "VIA CROCE ROSSA, 4",
		"cap": "20097",
		"comune": "SAN DONATO MILANESE",
		"provincia": "MI"
	}
	,
	{
		"codMec": "mitf390005",
		"tipo": "ISTITUTO TECNICO INDUSTRIALE",
		"nome": "E.MATTEI",
		"indirizzo": "VIA MARTIRI DI CEFALONIA,46",
		"cap": "20097",
		"comune": "SAN DONATO MILANESE",
		"provincia": "MI"
	}
	,
	{
		"codMec": "miic8fa00v",
		"tipo": "ISTITUTO COMPRENSIVO",
		"nome": "IC VIA LIBERTA\\' S. DONATO MI",
		"indirizzo": "VIA LIBERTA\\', 24",
		"cap": "20097",
		"comune": "SAN DONATO MILANESE",
		"provincia": "MI"
	}
	,
	{
		"codMec": "miic8em00q",
		"tipo": "ISTITUTO COMPRENSIVO",
		"nome": "G.CAVALCANTI",
		"indirizzo": "VIA CAVALCANTI, 11",
		"cap": "20098",
		"comune": "SAN GIULIANO MILANESE",
		"provincia": "MI"
	}
	,
	{
		"codMec": "miic89300a",
		"tipo": "ISTITUTO COMPRENSIVO",
		"nome": "IC ENRICO FERMI/SAN GIULIANO M",
		"indirizzo": "VIA GIOVANNI XXIII N. 18",
		"cap": "20098",
		"comune": "SAN GIULIANO MILANESE",
		"provincia": "MI"
	}
	,
	{
		"codMec": "miic895002",
		"tipo": "ISTITUTO COMPRENSIVO",
		"nome": "IC MONTESSORI/SAN GIULIANO M.SE",
		"indirizzo": "P.ZA ITALIA",
		"cap": "20098",
		"comune": "SAN GIULIANO MILANESE",
		"provincia": "MI"
	}
	,
	{
		"codMec": "miic8dj008",
		"tipo": "ISTITUTO COMPRENSIVO",
		"nome": "IC MONTESSORI/RONCO B/SULBIATE",
		"indirizzo": "VIA IV NOVEMBRE, 7",
		"cap": "20884",
		"comune": "SULBIATE",
		"provincia": "MI"
	}
	,
	{
		"codMec": "miic8cj00n",
		"tipo": "ISTITUTO COMPRENSIVO",
		"nome": "IC M.GANDHI/TREZZANO ROSA",
		"indirizzo": "VIA COMMENDATOR BRAMBATI",
		"cap": "20060",
		"comune": "TREZZANO ROSA",
		"provincia": "MI"
	}
	,
	{
		"codMec": "miic89000v",
		"tipo": "ISTITUTO COMPRENSIVO",
		"nome": "IC FRANCESCHI/TREZZANO S/N",
		"indirizzo": "VIA CONCORDIA 2/4",
		"cap": "20090",
		"comune": "TREZZANO SUL NAVIGLIO",
		"provincia": "MI"
	}
	,
	{
		"codMec": "miic8eq003",
		"tipo": "ISTITUTO COMPRENSIVO",
		"nome": "GOBETTI - TREZZANO SUL NAVIGLIO",
		"indirizzo": "VIA TINTORETTO, 9",
		"cap": "20090",
		"comune": "TREZZANO SUL NAVIGLIO",
		"provincia": "MI"
	}
	,
	{
		"codMec": "mitd51000q",
		"tipo": "IST TEC COMMERCIALE E PER GEOMETRI",
		"nome": "JACOPO NIZZOLA",
		"indirizzo": "VIA PIETRO NENNI, 10",
		"cap": "20056",
		"comune": "TREZZO SULL\\'ADDA",
		"provincia": "MI"
	}
	,
	{
		"codMec": "miic8b2008",
		"tipo": "ISTITUTO COMPRENSIVO",
		"nome": "IC AI NOSTRI CADUTI/TREZZO S/A",
		"indirizzo": "VIA NENNI 2",
		"cap": "20056",
		"comune": "TREZZO SULL\\'ADDA",
		"provincia": "MI"
	}
	,
	{
		"codMec": "miic836006",
		"tipo": "ISTITUTO COMPRENSIVO",
		"nome": "IC \"DON LORENZO MILANI\" TURBIGO",
		"indirizzo": "VIA TRIESTE 21",
		"cap": "20029",
		"comune": "TURBIGO",
		"provincia": "MI"
	}
	,
	{
		"codMec": "miic8cl003",
		"tipo": "ISTITUTO COMPRENSIVO",
		"nome": "IC LINA MANDELLI/USMATE VELATE",
		"indirizzo": "VIA  BERNARDINO LUINI, 2",
		"cap": "20865",
		"comune": "USMATE VELATE",
		"provincia": "MI"
	}
	,
	{
		"codMec": "miic8b3004",
		"tipo": "ISTITUTO COMPRENSIVO",
		"nome": "IC  A.DIAZ/VAPRIO D\\'ADDA",
		"indirizzo": "V.LE DELLA VITTORIA, 11",
		"cap": "20069",
		"comune": "VAPRIO D\\'ADDA",
		"provincia": "MI"
	}
	,
	{
		"codMec": "miic87000n",
		"tipo": "ISTITUTO COMPRENSIVO",
		"nome": "IC A.MORO E M.RI V. FANI VAREDO",
		"indirizzo": "V.LE BRIANZA 125",
		"cap": "20814",
		"comune": "VAREDO",
		"provincia": "MI"
	}
	,
	{
		"codMec": "miic87100d",
		"tipo": "ISTITUTO COMPRENSIVO",
		"nome": "IC BAGATTI VALSECCHI/VAREDO",
		"indirizzo": "P.ZA BIRAGHI 5",
		"cap": "20039",
		"comune": "VAREDO",
		"provincia": "MI"
	}
	,
	{
		"codMec": "miic81200n",
		"tipo": "ISTITUTO COMPRENSIVO",
		"nome": "ICS  \"GIOVANNI XXIII\" VEDANO",
		"indirizzo": "VIA ITALIA, 15",
		"cap": "20854",
		"comune": "VEDANO AL LAMBRO",
		"provincia": "MI"
	}
	,
	{
		"codMec": "miic843009",
		"tipo": "ISTITUTO COMPRENSIVO",
		"nome": "IC VIA SAURO/VERANO BRIANZA",
		"indirizzo": "VIA SAURO 30",
		"cap": "20843",
		"comune": "VERANO BRIANZA",
		"provincia": "MI"
	}
	,
	{
		"codMec": "miic873005",
		"tipo": "ISTITUTO COMPRENSIVO",
		"nome": "IC G.RODARI/ VERMEZZO",
		"indirizzo": "VIA CARDUCCI, 2",
		"cap": "20080",
		"comune": "VERMEZZO",
		"provincia": "MI"
	}
	,
	{
		"codMec": "miic8bp00x",
		"tipo": "ISTITUTO COMPRENSIVO",
		"nome": "IC  VIA GALVANI/VIGNATE",
		"indirizzo": "VIA GALVANI 1",
		"cap": "20060",
		"comune": "VIGNATE",
		"provincia": "MI"
	}
]