[
	{
		"codMec": "mtis016004",
		"tipo": "ISTITUTO SUPERIORE",
		"nome": "IIS BERNALDA FERRANDINA",
		"indirizzo": "VIA SCHWARTZ",
		"cap": "75012",
		"comune": "BERNALDA",
		"provincia": "MT"
	}
	,
	{
		"codMec": "mtic835009",
		"tipo": "ISTITUTO COMPRENSIVO",
		"nome": "ISTITUTO COMPRENSIVO",
		"indirizzo": "VIA ANACREONTE, 60",
		"cap": "75012",
		"comune": "BERNALDA",
		"provincia": "MT"
	}
	,
	{
		"codMec": "mtic81800g",
		"tipo": "ISTITUTO COMPRENSIVO",
		"nome": "\"F. D\\'ONOFRIO\"",
		"indirizzo": "VIA LANZILLOTTI",
		"cap": "75013",
		"comune": "FERRANDINA",
		"provincia": "MT"
	}
	,
	{
		"codMec": "mtic808001",
		"tipo": "ISTITUTO COMPRENSIVO",
		"nome": "\"A. ILVENTO\"",
		"indirizzo": "VIA  CAPITANO PIRRONE",
		"cap": "75014",
		"comune": "GRASSANO",
		"provincia": "MT"
	}
	,
	{
		"codMec": "mtic80900r",
		"tipo": "ISTITUTO COMPRENSIVO",
		"nome": "IRSINA (MT)",
		"indirizzo": "CORSO CANIO MUSACCHIO 131",
		"cap": "75022",
		"comune": "IRSINA",
		"provincia": "MT"
	}
	,
	{
		"codMec": "mtmm107003",
		"tipo": "SCUOLA PRIMO GRADO",
		"nome": "CPIA C/O ISTITUTO OLIVETTI",
		"indirizzo": "VIA MATARAZZO",
		"cap": "75100",
		"comune": "MATERA",
		"provincia": "MT"
	}
	,
	{
		"codMec": "mtpm01000g",
		"tipo": "ISTITUTO MAGISTRALE",
		"nome": "\"T. STIGLIANI\"",
		"indirizzo": "VIA        LANERA 61",
		"cap": "75100",
		"comune": "MATERA",
		"provincia": "MT"
	}
	,
	{
		"codMec": "mtps01000e",
		"tipo": "LICEO SCIENTIFICO",
		"nome": "LICEO SCIENTIFICO \"DANTE ALIGHIERI\"",
		"indirizzo": "VIALE DELLE NAZIONI UNITE,2",
		"cap": "75100",
		"comune": "MATERA",
		"provincia": "MT"
	}
	,
	{
		"codMec": "mtis009001",
		"tipo": "ISTITUTO SUPERIORE",
		"nome": "ISABELLA MORRA",
		"indirizzo": "VIA        DANTE 84",
		"cap": "75100",
		"comune": "MATERA",
		"provincia": "MT"
	}
	,
	{
		"codMec": "mtic82400v",
		"tipo": "ISTITUTO COMPRENSIVO",
		"nome": "G. MINOZZI - N. FESTA",
		"indirizzo": "VIA LUCANA, 190",
		"cap": "75100",
		"comune": "MATERA",
		"provincia": "MT"
	}
	,
	{
		"codMec": "mtis01200r",
		"tipo": "ISTITUTO SUPERIORE",
		"nome": "I.I.S. \" G.B. PENTASUGLIA \"",
		"indirizzo": "VIA E. MATTEI S.N.C.",
		"cap": "75100",
		"comune": "MATERA",
		"provincia": "MT"
	}
	,
	{
		"codMec": "mtis01300l",
		"tipo": "ISTITUTO SUPERIORE",
		"nome": "E. DUNI - C. LEVI",
		"indirizzo": "VIALE DELLE NAZIONI UNITE 6",
		"cap": "75100",
		"comune": "MATERA",
		"provincia": "MT"
	}
	,
	{
		"codMec": "mttd06000b",
		"tipo": "IST TEC COMMERCIALE E PER GEOMETRI",
		"nome": "LOPERFIDO - OLIVETTI",
		"indirizzo": "VIA ALDO MORO,28",
		"cap": "75100",
		"comune": "MATERA",
		"provincia": "MT"
	}
	,
	{
		"codMec": "mtic829002",
		"tipo": "ISTITUTO COMPRENSIVO",
		"nome": "N.6 - MATERA",
		"indirizzo": "VIA BRAMANTE,  8",
		"cap": "75100",
		"comune": "MATERA",
		"provincia": "MT"
	}
	,
	{
		"codMec": "mtic828006",
		"tipo": "ISTITUTO COMPRENSIVO",
		"nome": "I. C. N.4 EX II CIRCOLO",
		"indirizzo": "VIA FERMI",
		"cap": "75100",
		"comune": "MATERA",
		"provincia": "MT"
	}
	,
	{
		"codMec": "mtis01700x",
		"tipo": "ISTITUTO SUPERIORE",
		"nome": "ENRICO FERMI",
		"indirizzo": "VIA        PUGLIA",
		"cap": "75025",
		"comune": "POLICORO",
		"provincia": "MT"
	}
	,
	{
		"codMec": "mtic81600x",
		"tipo": "ISTITUTO COMPRENSIVO",
		"nome": "\"TEN R.DAVIA\"",
		"indirizzo": "CORSO DANTE",
		"cap": "75017",
		"comune": "SALANDRA",
		"provincia": "MT"
	}
	,
	{
		"codMec": "mtic81900b",
		"tipo": "ISTITUTO COMPRENSIVO",
		"nome": "\" FABRIZIO DE ANDRE\\' \"",
		"indirizzo": "VIA TRATTURO DEL RE  N. 10",
		"cap": "75020",
		"comune": "SCANZANO IONICO",
		"provincia": "MT"
	}
	,
	{
		"codMec": "mtic81100r",
		"tipo": "ISTITUTO COMPRENSIVO",
		"nome": "\"ROCCO MONTANO\"",
		"indirizzo": "VIA BERARDI, 9",
		"cap": "75018",
		"comune": "STIGLIANO",
		"provincia": "MT"
	}
	,
	{
		"codMec": "mtis002006",
		"tipo": "ISTITUTO SUPERIORE",
		"nome": "\"FELICE ALDERISIO\"",
		"indirizzo": "L.GO       GRAMSCI 1",
		"cap": "75018",
		"comune": "STIGLIANO",
		"provincia": "MT"
	}
	,
	{
		"codMec": "mtis00400t",
		"tipo": "ISTITUTO SUPERIORE",
		"nome": "CARLO LEVI",
		"indirizzo": "VIA  APPIA, SNC",
		"cap": "75019",
		"comune": "TRICARICO",
		"provincia": "MT"
	}
	,
	{
		"codMec": "mtic82100b",
		"tipo": "ISTITUTO COMPRENSIVO",
		"nome": "\"TRICARICO\"",
		"indirizzo": "VIALE REG.MARGHERITA 89",
		"cap": "75019",
		"comune": "TRICARICO",
		"provincia": "MT"
	}
	,
	{
		"codMec": "mttd020001",
		"tipo": "IST TEC COMMERCIALE E PER GEOMETRI",
		"nome": "MANLIO CAPITOLO",
		"indirizzo": "VIA SANTI QUARANTA",
		"cap": "75028",
		"comune": "TURSI",
		"provincia": "MT"
	}
	,
	{
		"codMec": "mtic814008",
		"tipo": "ISTITUTO COMPRENSIVO",
		"nome": "\"ALBINO PIERRO\"",
		"indirizzo": "VIA ROMA 196",
		"cap": "75028",
		"comune": "TURSI",
		"provincia": "MT"
	}
	,
	{
		"codMec": "mtic83400d",
		"tipo": "ISTITUTO COMPRENSIVO",
		"nome": "\"ISABELLA MORRA\"",
		"indirizzo": "VIA G. FORTUNATO 6",
		"cap": "75029",
		"comune": "VALSINNI",
		"provincia": "MT"
	}
	,
	{
		"codMec": "mtic82700a",
		"tipo": "ISTITUTO COMPRENSIVO",
		"nome": "EX S.M. \"G.PASCOLI\"",
		"indirizzo": "VIA   PARINI     1",
		"cap": "75100",
		"comune": "MATERA",
		"provincia": "MT"
	}
	,
	{
		"codMec": "mtic82600e",
		"tipo": "ISTITUTO COMPRENSIVO",
		"nome": "\"EX V CIRCOLO\"",
		"indirizzo": "PIAZZA  SEMERIA, 2",
		"cap": "75100",
		"comune": "MATERA",
		"provincia": "MT"
	}
	,
	{
		"codMec": "mtis01400c",
		"tipo": "ISTITUTO SUPERIORE",
		"nome": "\"A.TURI\"",
		"indirizzo": "VIA        CASTELLO 19",
		"cap": "75100",
		"comune": "MATERA",
		"provincia": "MT"
	}
	,
	{
		"codMec": "mtic82500p",
		"tipo": "ISTITUTO COMPRENSIVO",
		"nome": "EX S.M. \" TORRACA \"",
		"indirizzo": "VIA   A. MORO  6",
		"cap": "75100",
		"comune": "MATERA",
		"provincia": "MT"
	}
	,
	{
		"codMec": "mtic83300n",
		"tipo": "ISTITUTO COMPRENSIVO",
		"nome": "ISTITUTO COMPRENSIVO STATALE",
		"indirizzo": "VIA ESTRAMURALE CASTELLO",
		"cap": "75010",
		"comune": "MIGLIONICO",
		"provincia": "MT"
	}
	,
	{
		"codMec": "mtis00100a",
		"tipo": "ISTITUTO SUPERIORE",
		"nome": "PITAGORA",
		"indirizzo": "PIAZZA     LIVORNO, N.2",
		"cap": "75023",
		"comune": "MONTALBANO IONICO",
		"provincia": "MT"
	}
	,
	{
		"codMec": "mtic82000g",
		"tipo": "ISTITUTO COMPRENSIVO",
		"nome": "\"N. FIORENTINO\"",
		"indirizzo": "VIALE DEI CADUTI N.26",
		"cap": "75023",
		"comune": "MONTALBANO IONICO",
		"provincia": "MT"
	}
	,
	{
		"codMec": "mtic823003",
		"tipo": "ISTITUTO COMPRENSIVO",
		"nome": "\"DON LIBORIO PALAZZO\"",
		"indirizzo": "RIONE MARCO POLO",
		"cap": "75024",
		"comune": "MONTESCAGLIOSO",
		"provincia": "MT"
	}
	,
	{
		"codMec": "mtic81700q",
		"tipo": "ISTITUTO COMPRENSIVO",
		"nome": "\"LUIGI SETTEMBRINI\"",
		"indirizzo": "VIA ENRICO FERMI",
		"cap": "75020",
		"comune": "NOVA SIRI",
		"provincia": "MT"
	}
	,
	{
		"codMec": "mtic810001",
		"tipo": "ISTITUTO COMPRENSIVO",
		"nome": "\"P. PIO DA PIETRALCINA\"",
		"indirizzo": "VIA MARCO POLO S.N.",
		"cap": "75015",
		"comune": "PISTICCI",
		"provincia": "MT"
	}
	,
	{
		"codMec": "mtis011001",
		"tipo": "ISTITUTO SUPERIORE",
		"nome": "GIUSTINO FORTUNATO",
		"indirizzo": "PIAZZA     CRISTO RE",
		"cap": "75015",
		"comune": "PISTICCI",
		"provincia": "MT"
	}
	,
	{
		"codMec": "mtic822007",
		"tipo": "ISTITUTO COMPRENSIVO",
		"nome": "\"Q. O. FLACCO\"",
		"indirizzo": "VIA MONREALE SNC",
		"cap": "75020",
		"comune": "PISTICCI",
		"provincia": "MT"
	}
	,
	{
		"codMec": "mtic83200t",
		"tipo": "ISTITUTO COMPRENSIVO",
		"nome": "N. 2 - \"GIOVANNI PAOLO II\"",
		"indirizzo": "VIA ALLENDE S.N.C.",
		"cap": "75025",
		"comune": "POLICORO",
		"provincia": "MT"
	}
	,
	{
		"codMec": "mtic831002",
		"tipo": "ISTITUTO COMPRENSIVO",
		"nome": "N. 1 \"L. MILANI\"",
		"indirizzo": "VIA PUGLIA, 4",
		"cap": "75025",
		"comune": "POLICORO",
		"provincia": "MT"
	}
	,
	{
		"codMec": "mtis01800q",
		"tipo": "ISTITUTO SUPERIORE",
		"nome": "PITAGORA",
		"indirizzo": "VIA        PUGLIA 24",
		"cap": "75025",
		"comune": "POLICORO",
		"provincia": "MT"
	}
]