{ "sex" : "<M o F>",
  "name" : "<Nome Cognome    (codice fiscale CGNNMOxxxxxxxxxx)>",
  "birthTown" : "<comune di nascita>",
  "birthArea" : "<codice provincia di nascita>",
  "birthDate" : "<data di nascita in formato GG/MM/AAAA",
  "residTown" : "<comune di residenza>",
  "residAddress" : "<indirizzo di residenza>",
  "militare" : "<esente, di solito. Vedi modulo non compilato per capire di cosa si tratta>",
  "degreeSubject" : "<titolo di studio>",
  "degreeExams" : "<eventuali esami da specidficare>",
  "degreeDate" : "<data di conseguimento titolo in formato GG/MM/AAAA",
  "degreeInstitute" : "<istituzione>",
  "subjects" : "<classi di insegnamento materie insegnate, vedi http://hubmiur.pubblica.istruzione.it/PRTA-TitoliAccesso/avvio.action>",
  "recapitoName" : "<Nome Cognome -- STRETTAMENTE!>",
  "recapitoAddress" : "<indirizzo di recapito>",
  "recapitoCAP" : "<CAP recapito>",
  "recapitoTown" : "<comune recapito>",
  "recapitoTel" : "<numero di telefono>",
  "recapitoCell" : "<numero di telefono cellulare>",
  "recapitoEMail" : "<indirizzo email>",
  "pathToSignFile" : "<percorso file immagine contenente firma>"
}
