[
	{
		"codMec": "atee00100d",
		"tipo": "CIRCOLO DIDATTICO",
		"nome": "IST. SCOLASTICA I CIRCOLO ASTI",
		"indirizzo": "CORSO DANTE, 88",
		"cap": "14100",
		"comune": "ASTI",
		"provincia": "AT"
	}
	,
	{
		"codMec": "attf01000t",
		"tipo": "ISTITUTO TECNICO INDUSTRIALE",
		"nome": "ALESSANDRO ARTOM",
		"indirizzo": "VIA        G.ROMITA 42",
		"cap": "14100",
		"comune": "ASTI",
		"provincia": "AT"
	}
	,
	{
		"codMec": "atee00500r",
		"tipo": "CIRCOLO DIDATTICO",
		"nome": "DIREZIONE DIDATTICA V CIRCOLO",
		"indirizzo": "CORSO XXV APRILE, 151",
		"cap": "14100",
		"comune": "ASTI",
		"provincia": "AT"
	}
	,
	{
		"codMec": "atps01000q",
		"tipo": "LICEO SCIENTIFICO",
		"nome": "F. VERCELLI",
		"indirizzo": "VIA  DELL\\'ARAZZERIA, 6",
		"cap": "14100",
		"comune": "ASTI",
		"provincia": "AT"
	}
	,
	{
		"codMec": "atpm01000r",
		"tipo": "ISTITUTO MAGISTRALE",
		"nome": "AUGUSTO MONTI",
		"indirizzo": "PIAZZA CAGNI, 2",
		"cap": "14100",
		"comune": "ASTI",
		"provincia": "AT"
	}
	,
	{
		"codMec": "atmm11300g",
		"tipo": "SCUOLA PRIMO GRADO",
		"nome": "CPIA 1 ASTI",
		"indirizzo": "PIAZZA LEONARDO DA VINCI 22",
		"cap": "14100",
		"comune": "ASTI",
		"provincia": "AT"
	}
	,
	{
		"codMec": "atmm003004",
		"tipo": "SCUOLA PRIMO GRADO",
		"nome": "ANGELO BROFFERIO - ASTI",
		"indirizzo": "CORSO      XXV APRILE, 2",
		"cap": "14100",
		"comune": "ASTI",
		"provincia": "AT"
	}
	,
	{
		"codMec": "atis00700e",
		"tipo": "ISTITUTO SUPERIORE",
		"nome": "A. CASTIGLIANO",
		"indirizzo": "VIA        MARTORELLI 1",
		"cap": "14100",
		"comune": "ASTI",
		"provincia": "AT"
	}
	,
	{
		"codMec": "atis00600p",
		"tipo": "ISTITUTO SUPERIORE",
		"nome": "G. A. GIOBERT",
		"indirizzo": "VIA        G. RORETO 32",
		"cap": "14100",
		"comune": "ASTI",
		"provincia": "AT"
	}
	,
	{
		"codMec": "atis004003",
		"tipo": "ISTITUTO SUPERIORE",
		"nome": "IST.ISTR.SEC.STAT.  \"G. PENNA\"",
		"indirizzo": "LOCALITA\\' VIATOSTO, N. 54",
		"cap": "14100",
		"comune": "ASTI",
		"provincia": "AT"
	}
	,
	{
		"codMec": "atis003007",
		"tipo": "ISTITUTO SUPERIORE",
		"nome": "VITTORIO ALFIERI",
		"indirizzo": "CORSO ALFIERI 367",
		"cap": "14100",
		"comune": "ASTI",
		"provincia": "AT"
	}
	,
	{
		"codMec": "atic81800r",
		"tipo": "ISTITUTO COMPRENSIVO",
		"nome": "I.C. 1 ASTI",
		"indirizzo": "VIA SARDEGNA, 5",
		"cap": "14100",
		"comune": "ASTI",
		"provincia": "AT"
	}
	,
	{
		"codMec": "atic817001",
		"tipo": "ISTITUTO COMPRENSIVO",
		"nome": "I.C. 2  ASTI",
		"indirizzo": "VIA GOLTIERI, 9",
		"cap": "14100",
		"comune": "ASTI",
		"provincia": "AT"
	}
	,
	{
		"codMec": "atic81400d",
		"tipo": "ISTITUTO COMPRENSIVO",
		"nome": "I.C. 3  ASTI",
		"indirizzo": "VIA FENOGLIO,9",
		"cap": "14100",
		"comune": "ASTI",
		"provincia": "AT"
	}
	,
	{
		"codMec": "atic81300n",
		"tipo": "ISTITUTO COMPRENSIVO",
		"nome": "CANELLI",
		"indirizzo": "P.ZZA DELLA REPUBBLICA, 3",
		"cap": "14053",
		"comune": "CANELLI",
		"provincia": "AT"
	}
	,
	{
		"codMec": "atic80500p",
		"tipo": "ISTITUTO COMPRENSIVO",
		"nome": "I C CASTELL\\'ALFERO",
		"indirizzo": "VIA CASALE 97",
		"cap": "14033",
		"comune": "CASTELL\\'ALFERO",
		"provincia": "AT"
	}
	,
	{
		"codMec": "atic80100b",
		"tipo": "ISTITUTO COMPRENSIVO",
		"nome": "IC CASTELNUOVO -COCCONATO- MON",
		"indirizzo": "VIA MERCADILLO 24",
		"cap": "14022",
		"comune": "CASTELNUOVO DON BOSCO",
		"provincia": "AT"
	}
	,
	{
		"codMec": "atic81200t",
		"tipo": "ISTITUTO COMPRENSIVO",
		"nome": "COSTIGLIOLE",
		"indirizzo": "PIAZZA MEDICI, 1",
		"cap": "14055",
		"comune": "COSTIGLIOLE D\\'ASTI",
		"provincia": "AT"
	}
	,
	{
		"codMec": "atic815009",
		"tipo": "ISTITUTO COMPRENSIVO",
		"nome": "IC DELLE QUATTRO VALLI",
		"indirizzo": "PIAZZA  FERRARO 10",
		"cap": "14045",
		"comune": "INCISA SCAPACCINO",
		"provincia": "AT"
	}
	,
	{
		"codMec": "atic80400v",
		"tipo": "ISTITUTO COMPRENSIVO",
		"nome": "MONCALVO - RITA LEVI MONTALCINI",
		"indirizzo": "VIA ABELE TRUFFA, 11",
		"cap": "14036",
		"comune": "MONCALVO",
		"provincia": "AT"
	}
	,
	{
		"codMec": "atic808006",
		"tipo": "ISTITUTO COMPRENSIVO",
		"nome": "IC MONTEGROSSO",
		"indirizzo": "VIA RE UMBERTO, 29",
		"cap": "14048",
		"comune": "MONTEGROSSO D\\'ASTI",
		"provincia": "AT"
	}
	,
	{
		"codMec": "atic816005",
		"tipo": "ISTITUTO COMPRENSIVO",
		"nome": "\"C.A. DALLA CHIESA\" NIZZA MONF.",
		"indirizzo": "VIA  CAMPOLUNGO",
		"cap": "14049",
		"comune": "NIZZA MONFERRATO",
		"provincia": "AT"
	}
	,
	{
		"codMec": "atis00200b",
		"tipo": "ISTITUTO SUPERIORE",
		"nome": "N. PELLATI",
		"indirizzo": "VIA IV NOVEMBRE 40",
		"cap": "14049",
		"comune": "NIZZA MONFERRATO",
		"provincia": "AT"
	}
	,
	{
		"codMec": "atic809002",
		"tipo": "ISTITUTO COMPRENSIVO",
		"nome": "ROCCHETTA TANARO",
		"indirizzo": "VIA N. SARDI 29",
		"cap": "14030",
		"comune": "ROCCHETTA TANARO",
		"provincia": "AT"
	}
	,
	{
		"codMec": "atic811002",
		"tipo": "ISTITUTO COMPRENSIVO",
		"nome": "ISTITUTO COMPRENSIVO S. DAMIANO",
		"indirizzo": "VIA CISTERNA 13",
		"cap": "14015",
		"comune": "SAN DAMIANO D\\'ASTI",
		"provincia": "AT"
	}
	,
	{
		"codMec": "atic810006",
		"tipo": "ISTITUTO COMPRENSIVO",
		"nome": "VILLAFRANCA D\\'ASTI",
		"indirizzo": "PIAZZA G.GORIA N. 1",
		"cap": "14018",
		"comune": "VILLAFRANCA D\\'ASTI",
		"provincia": "AT"
	}
	,
	{
		"codMec": "atic80600e",
		"tipo": "ISTITUTO COMPRENSIVO",
		"nome": "VILLANOVA D\\'ASTI",
		"indirizzo": "VIA ZABERT, 14",
		"cap": "14019",
		"comune": "VILLANOVA D\\'ASTI",
		"provincia": "AT"
	}
]