[
	{
		"codMec": "bois00100p",
		"tipo": "ISTITUTO SUPERIORE",
		"nome": "I.I.S. MARIA  MONTESSORI - L. DA VINCI",
		"indirizzo": "VIA DELLA REPUBBLICA 3",
		"cap": "40046",
		"comune": "ALTO RENO TERME",
		"provincia": "BO"
	}
	,
	{
		"codMec": "boic81400l",
		"tipo": "ISTITUTO COMPRENSIVO",
		"nome": "DE AMICIS - ANZOLA EMILIA",
		"indirizzo": "VIA CHIARINI 5",
		"cap": "40011",
		"comune": "ANZOLA DELL\\'EMILIA",
		"provincia": "BO"
	}
	,
	{
		"codMec": "boic833002",
		"tipo": "ISTITUTO COMPRENSIVO",
		"nome": "I.C. DI ARGELATO",
		"indirizzo": "VIA I MAGGIO 8",
		"cap": "40050",
		"comune": "ARGELATO",
		"provincia": "BO"
	}
	,
	{
		"codMec": "boic86300t",
		"tipo": "ISTITUTO COMPRENSIVO",
		"nome": "I.C.  BAZZANO - MONTEVEGLIO",
		"indirizzo": "VIA DE AMICIS 6",
		"cap": "40053",
		"comune": "BAZZANO",
		"provincia": "BO"
	}
	,
	{
		"codMec": "boic816008",
		"tipo": "ISTITUTO COMPRENSIVO",
		"nome": "I.C. N.5 VIA A.DI VINCENZO",
		"indirizzo": "VIA ANTONIO DI VINCENZO 55",
		"cap": "40129",
		"comune": "BOLOGNA",
		"provincia": "BO"
	}
	,
	{
		"codMec": "boic817004",
		"tipo": "ISTITUTO COMPRENSIVO",
		"nome": "I.C. N.6 VIA FINELLI",
		"indirizzo": "VIA FINELLI 2",
		"cap": "40126",
		"comune": "BOLOGNA",
		"provincia": "BO"
	}
	,
	{
		"codMec": "boic81800x",
		"tipo": "ISTITUTO COMPRENSIVO",
		"nome": "I.C. N.7 VIA SCANDELLARA",
		"indirizzo": "VIA SCANDELLARA 54/7",
		"cap": "40138",
		"comune": "BOLOGNA",
		"provincia": "BO"
	}
	,
	{
		"codMec": "boic85100g",
		"tipo": "ISTITUTO COMPRENSIVO",
		"nome": "I.C. N.8  CA\\' SELVATICA",
		"indirizzo": "VIA CA\\' SELVATICA 11",
		"cap": "40123",
		"comune": "BOLOGNA",
		"provincia": "BO"
	}
	,
	{
		"codMec": "boic85200b",
		"tipo": "ISTITUTO COMPRENSIVO",
		"nome": "I.C. N.9 VIA LONGO",
		"indirizzo": "VIA LUIGI LONGO 4",
		"cap": "40139",
		"comune": "BOLOGNA",
		"provincia": "BO"
	}
	,
	{
		"codMec": "boic853007",
		"tipo": "ISTITUTO COMPRENSIVO",
		"nome": "I.C.  N.10 VIA A. MORO",
		"indirizzo": "VIALE ALDO MORO 31",
		"cap": "40127",
		"comune": "BOLOGNA",
		"provincia": "BO"
	}
	,
	{
		"codMec": "boic854003",
		"tipo": "ISTITUTO COMPRENSIVO",
		"nome": "I.C. N.11 VIA BEROALDO",
		"indirizzo": "VIA BEROALDO 34",
		"cap": "40127",
		"comune": "BOLOGNA",
		"provincia": "BO"
	}
	,
	{
		"codMec": "boic85500v",
		"tipo": "ISTITUTO COMPRENSIVO",
		"nome": "I.C. N. 12  VIA BARTOLINI",
		"indirizzo": "VIA LORENZO BARTOLINI  2",
		"cap": "40139",
		"comune": "BOLOGNA",
		"provincia": "BO"
	}
	,
	{
		"codMec": "boic85700e",
		"tipo": "ISTITUTO COMPRENSIVO",
		"nome": "I.C. N.13",
		"indirizzo": "VIA BUON PASTORE , 4",
		"cap": "40141",
		"comune": "BOLOGNA",
		"provincia": "BO"
	}
	,
	{
		"codMec": "boic85800a",
		"tipo": "ISTITUTO COMPRENSIVO",
		"nome": "I.C. N.14 VIA BIANCOLELLI",
		"indirizzo": "VIA EMILIA PONENTE, 311",
		"cap": "40132",
		"comune": "BOLOGNA",
		"provincia": "BO"
	}
	,
	{
		"codMec": "boic87200l",
		"tipo": "ISTITUTO COMPRENSIVO",
		"nome": "IC N.15 VIA LOMBARDI",
		"indirizzo": "VIA LOMBARDI 40",
		"cap": "40128",
		"comune": "BOLOGNA",
		"provincia": "BO"
	}
	,
	{
		"codMec": "boic87300c",
		"tipo": "ISTITUTO COMPRENSIVO",
		"nome": "IC.N.16 VICOLO BOLOGNETTI",
		"indirizzo": "VICOLO BOLOGNETTI 10",
		"cap": "40125",
		"comune": "BOLOGNA",
		"provincia": "BO"
	}
	,
	{
		"codMec": "boic87600x",
		"tipo": "ISTITUTO COMPRENSIVO",
		"nome": "I.C. N. 17 BOLOGNA",
		"indirizzo": "VIA GRAZIANO 8",
		"cap": "40122",
		"comune": "BOLOGNA",
		"provincia": "BO"
	}
	,
	{
		"codMec": "botd06000q",
		"tipo": "IST TEC COMMERCIALE E PER GEOMETRI",
		"nome": "ITC ROSA LUXEMBURG",
		"indirizzo": "VIA DALLA VOLTA  4",
		"cap": "40131",
		"comune": "BOLOGNA",
		"provincia": "BO"
	}
	,
	{
		"codMec": "boic87800g",
		"tipo": "ISTITUTO COMPRENSIVO",
		"nome": "I.C. 19 BOLOGNA",
		"indirizzo": "VIA D\\'AZEGLIO 82",
		"cap": "40123",
		"comune": "BOLOGNA",
		"provincia": "BO"
	}
	,
	{
		"codMec": "boic87900b",
		"tipo": "ISTITUTO COMPRENSIVO",
		"nome": "I.C. N. 20 BOLOGNA",
		"indirizzo": "VIA DANTE 3",
		"cap": "40125",
		"comune": "BOLOGNA",
		"provincia": "BO"
	}
	,
	{
		"codMec": "boic88000g",
		"tipo": "ISTITUTO COMPRENSIVO",
		"nome": "ISTITUTO COMPRENSIVO N. 21",
		"indirizzo": "VIA LAURA BASSI N. 20",
		"cap": "40137",
		"comune": "BOLOGNA",
		"provincia": "BO"
	}
	,
	{
		"codMec": "boic883003",
		"tipo": "ISTITUTO COMPRENSIVO",
		"nome": "I.C.  N. 22 BOLOGNA",
		"indirizzo": "VIA MILANO 13",
		"cap": "40139",
		"comune": "BOLOGNA",
		"provincia": "BO"
	}
	,
	{
		"codMec": "boic81500c",
		"tipo": "ISTITUTO COMPRENSIVO",
		"nome": "I.C. N.4 VIA VERNE",
		"indirizzo": "VIA GIULIO VERNE 19",
		"cap": "40128",
		"comune": "BOLOGNA",
		"provincia": "BO"
	}
	,
	{
		"codMec": "boic81300r",
		"tipo": "ISTITUTO COMPRENSIVO",
		"nome": "I.C. N.3 LAME",
		"indirizzo": "VIA DELLA BEVERARA 158",
		"cap": "40131",
		"comune": "BOLOGNA",
		"provincia": "BO"
	}
	,
	{
		"codMec": "boic812001",
		"tipo": "ISTITUTO COMPRENSIVO",
		"nome": "I.C. N.2 BOLOGNA",
		"indirizzo": "VIA SEGANTINI 31",
		"cap": "40133",
		"comune": "BOLOGNA",
		"provincia": "BO"
	}
	,
	{
		"codMec": "boic808009",
		"tipo": "ISTITUTO COMPRENSIVO",
		"nome": "I.C. N.1 VIA DE CAROLIS",
		"indirizzo": "VIA DE CAROLIS 23",
		"cap": "40133",
		"comune": "BOLOGNA",
		"provincia": "BO"
	}
	,
	{
		"codMec": "boic87700q",
		"tipo": "ISTITUTO COMPRENSIVO",
		"nome": "I.C. N. 18 BOLOGNA",
		"indirizzo": "VIA GALLIERA 74",
		"cap": "40121",
		"comune": "BOLOGNA",
		"provincia": "BO"
	}
	,
	{
		"codMec": "bois00600t",
		"tipo": "ISTITUTO SUPERIORE",
		"nome": "I.I.S ARRIGO SERPIERI",
		"indirizzo": "VIA V. PEGLION 25",
		"cap": "40128",
		"comune": "BOLOGNA",
		"provincia": "BO"
	}
	,
	{
		"codMec": "bois01600c",
		"tipo": "ISTITUTO SUPERIORE",
		"nome": "I.I.S MANFREDI - TANARI",
		"indirizzo": "VIALE FELSINA 40",
		"cap": "40139",
		"comune": "BOLOGNA",
		"provincia": "BO"
	}
	,
	{
		"codMec": "bois01900x",
		"tipo": "ISTITUTO SUPERIORE",
		"nome": "I.I.S. ALDINI VALERIANI - SIRANI",
		"indirizzo": "VIA BASSANELLI 9/11",
		"cap": "40129",
		"comune": "BOLOGNA",
		"provincia": "BO"
	}
	,
	{
		"codMec": "bois02300g",
		"tipo": "ISTITUTO SUPERIORE",
		"nome": "IIS BELLUZZI-FIORAVANTI",
		"indirizzo": "VIA G.D. CASSINI 3",
		"cap": "40133",
		"comune": "BOLOGNA",
		"provincia": "BO"
	}
	,
	{
		"codMec": "bomm36300d",
		"tipo": "SCUOLA PRIMO GRADO",
		"nome": "CPIA 2 BOLOGNA - BOLOGNA",
		"indirizzo": "VIALE VICINI, 19",
		"cap": "40122",
		"comune": "BOLOGNA",
		"provincia": "BO"
	}
	,
	{
		"codMec": "bopc02000a",
		"tipo": "LICEO CLASSICO",
		"nome": "LICEO LUIGI GALVANI",
		"indirizzo": "VIA CASTIGLIONE 38",
		"cap": "40124",
		"comune": "BOLOGNA",
		"provincia": "BO"
	}
	,
	{
		"codMec": "bopc030001",
		"tipo": "LICEO CLASSICO",
		"nome": "LICEO MARCO MINGHETTI",
		"indirizzo": "VIA NAZARIO SAURO 18",
		"cap": "40121",
		"comune": "BOLOGNA",
		"provincia": "BO"
	}
	,
	{
		"codMec": "bopm030005",
		"tipo": "ISTITUTO MAGISTRALE",
		"nome": "LICEO LAURA BASSI",
		"indirizzo": "VIA SANT\\'ISAIA 35",
		"cap": "40123",
		"comune": "BOLOGNA",
		"provincia": "BO"
	}
	,
	{
		"codMec": "bops01000v",
		"tipo": "LICEO SCIENTIFICO",
		"nome": "LICEO AUGUSTO RIGHI",
		"indirizzo": "VIALE CARLO PEPOLI 3",
		"cap": "40123",
		"comune": "BOLOGNA",
		"provincia": "BO"
	}
	,
	{
		"codMec": "bops02000d",
		"tipo": "LICEO SCIENTIFICO",
		"nome": "LICEO ENRICO FERMI",
		"indirizzo": "VIA MAZZINI 172/2",
		"cap": "40139",
		"comune": "BOLOGNA",
		"provincia": "BO"
	}
	,
	{
		"codMec": "bops030004",
		"tipo": "LICEO SCIENTIFICO",
		"nome": "LICEO NICCOLO\\' COPERNICO",
		"indirizzo": "VIA GARAVAGLIA 11",
		"cap": "40127",
		"comune": "BOLOGNA",
		"provincia": "BO"
	}
	,
	{
		"codMec": "bops04000p",
		"tipo": "LICEO SCIENTIFICO",
		"nome": "LICEO A. B. SABIN",
		"indirizzo": "VIA MATTEOTTI 7",
		"cap": "40129",
		"comune": "BOLOGNA",
		"provincia": "BO"
	}
	,
	{
		"codMec": "borc03000l",
		"tipo": "IST  PROF  PER I SERVIZI COMM , TUR  E DELLA PUBB",
		"nome": "IPSAS  ALDROVANDI - RUBBIANI",
		"indirizzo": "VIA MARCONI, 40",
		"cap": "40122",
		"comune": "BOLOGNA",
		"provincia": "BO"
	}
	,
	{
		"codMec": "bosl02000a",
		"tipo": "LICEO ARTISTICO",
		"nome": "LICEO F. ARCANGELI",
		"indirizzo": "VIA MARCHETTI, 22",
		"cap": "40137",
		"comune": "BOLOGNA",
		"provincia": "BO"
	}
	,
	{
		"codMec": "botd150002",
		"tipo": "IST TEC COMMERCIALE E PER GEOMETRI",
		"nome": "TEC.COMM.E PER GEOM. CRESCENZI-PACINOTTI",
		"indirizzo": "VIA SARAGOZZA 9",
		"cap": "40123",
		"comune": "BOLOGNA",
		"provincia": "BO"
	}
	,
	{
		"codMec": "boic809005",
		"tipo": "ISTITUTO COMPRENSIVO",
		"nome": "I.C. DI BORGO TOSSIGNANO",
		"indirizzo": "VIA DELLA RESISTENZA 17",
		"cap": "40021",
		"comune": "BORGO TOSSIGNANO",
		"provincia": "BO"
	}
	,
	{
		"codMec": "boee05600r",
		"tipo": "CIRCOLO DIDATTICO",
		"nome": "D.D. DI BUDRIO",
		"indirizzo": "VIA MURATORI 2",
		"cap": "40054",
		"comune": "BUDRIO",
		"provincia": "BO"
	}
	,
	{
		"codMec": "boic86900r",
		"tipo": "ISTITUTO COMPRENSIVO",
		"nome": "I.C. DI BUDRIO",
		"indirizzo": "VIA GIOVANNI XXIII 2",
		"cap": "40054",
		"comune": "BUDRIO",
		"provincia": "BO"
	}
	,
	{
		"codMec": "bois00300a",
		"tipo": "ISTITUTO SUPERIORE",
		"nome": "I.I.S. GIORDANO  BRUNO",
		"indirizzo": "VIALE I MAGGIO 5",
		"cap": "40054",
		"comune": "BUDRIO",
		"provincia": "BO"
	}
	,
	{
		"codMec": "boic82000x",
		"tipo": "ISTITUTO COMPRENSIVO",
		"nome": "I.C. DI CALDERARA DI RENO",
		"indirizzo": "VIA G. DI VITTORIO 1",
		"cap": "40012",
		"comune": "CALDERARA DI RENO",
		"provincia": "BO"
	}
	,
	{
		"codMec": "botd080001",
		"tipo": "IST TEC COMMERCIALE E PER GEOMETRI",
		"nome": "ITC GAETANO SALVEMINI",
		"indirizzo": "VIA ALESSANDRO PERTINI 8",
		"cap": "40033",
		"comune": "CASALECCHIO DI RENO",
		"provincia": "BO"
	}
	,
	{
		"codMec": "boic875004",
		"tipo": "ISTITUTO COMPRENSIVO",
		"nome": "I.C. CENTRO",
		"indirizzo": "VIA MAMELI  7",
		"cap": "40033",
		"comune": "CASALECCHIO DI RENO",
		"provincia": "BO"
	}
	,
	{
		"codMec": "boic82100q",
		"tipo": "ISTITUTO COMPRENSIVO",
		"nome": "I.C. CERETOLO",
		"indirizzo": "VIA DELLA LIBERTA\\' 3",
		"cap": "40033",
		"comune": "CASALECCHIO DI RENO",
		"provincia": "BO"
	}
	,
	{
		"codMec": "boic874008",
		"tipo": "ISTITUTO COMPRENSIVO",
		"nome": "I.C. CROCE",
		"indirizzo": "VIA PORRETTANA, 97",
		"cap": "40033",
		"comune": "CASALECCHIO DI RENO",
		"provincia": "BO"
	}
	,
	{
		"codMec": "bops080005",
		"tipo": "LICEO SCIENTIFICO",
		"nome": "LICEO LEONARDO DA VINCI",
		"indirizzo": "VIA CAVOUR 6",
		"cap": "40033",
		"comune": "CASALECCHIO DI RENO",
		"provincia": "BO"
	}
	,
	{
		"codMec": "bomm365005",
		"tipo": "SCUOLA PRIMO GRADO",
		"nome": "CPIA  MONTAGNA",
		"indirizzo": "VIA BERZANTINA 30/10",
		"cap": "40030",
		"comune": "CASTEL DI CASIO",
		"provincia": "BO"
	}
	,
	{
		"codMec": "bois00800d",
		"tipo": "ISTITUTO SUPERIORE",
		"nome": "I.I.S.  J.M. KEYNES",
		"indirizzo": "VIA BONDANELLO 30",
		"cap": "40013",
		"comune": "CASTEL MAGGIORE",
		"provincia": "BO"
	}
	,
	{
		"codMec": "boee068003",
		"tipo": "CIRCOLO DIDATTICO",
		"nome": "D.D. DI CASTEL MAGGIORE",
		"indirizzo": "VIA GRAMSCI 175",
		"cap": "40013",
		"comune": "CASTEL MAGGIORE",
		"provincia": "BO"
	}
	,
	{
		"codMec": "boic82200g",
		"tipo": "ISTITUTO COMPRENSIVO",
		"nome": "I.C. DI  CASTEL MAGGIORE",
		"indirizzo": "VIA BONDANELLO 28",
		"cap": "40013",
		"comune": "CASTEL MAGGIORE",
		"provincia": "BO"
	}
	,
	{
		"codMec": "boic86500d",
		"tipo": "ISTITUTO COMPRENSIVO",
		"nome": "I.C. DI CASTEL SAN PIETRO TERME",
		"indirizzo": "VIA XVII APRILE 1",
		"cap": "40024",
		"comune": "CASTEL SAN PIETRO TERME",
		"provincia": "BO"
	}
	,
	{
		"codMec": "boee07200p",
		"tipo": "CIRCOLO DIDATTICO",
		"nome": "D.D. CASTEL SAN PIETRO TERME",
		"indirizzo": "PIAZZA ANDREA COSTA 6",
		"cap": "40024",
		"comune": "CASTEL SAN PIETRO TERME",
		"provincia": "BO"
	}
	,
	{
		"codMec": "bois02200q",
		"tipo": "ISTITUTO SUPERIORE",
		"nome": "I.I.S. BARTOLOMEO SCAPPI",
		"indirizzo": "VIALE TERME  1054",
		"cap": "40024",
		"comune": "CASTEL SAN PIETRO TERME",
		"provincia": "BO"
	}
	,
	{
		"codMec": "boic866009",
		"tipo": "ISTITUTO COMPRENSIVO",
		"nome": "I.C. DI CASTENASO",
		"indirizzo": "VIA MARCONI 3/2",
		"cap": "40055",
		"comune": "CASTENASO",
		"provincia": "BO"
	}
	,
	{
		"codMec": "boic862002",
		"tipo": "ISTITUTO COMPRENSIVO",
		"nome": "I.C.  CRESPELLANO",
		"indirizzo": "VIA IV NOVEMBRE 23 -LOC.CRESPELLANO",
		"cap": "40053",
		"comune": "VALSAMOGGIA",
		"provincia": "BO"
	}
	,
	{
		"codMec": "boic810009",
		"tipo": "ISTITUTO COMPRENSIVO",
		"nome": "I.C. DI CASTELLO DI SERRAVALLE",
		"indirizzo": "VIA 25 APRILE, 52",
		"cap": "40053",
		"comune": "VALSAMOGGIA",
		"provincia": "BO"
	}
	,
	{
		"codMec": "bois02100x",
		"tipo": "ISTITUTO SUPERIORE",
		"nome": "I.I.S. LUIGI FANTINI",
		"indirizzo": "VIA BOLOGNA 240",
		"cap": "40038",
		"comune": "VERGATO",
		"provincia": "BO"
	}
	,
	{
		"codMec": "boic840005",
		"tipo": "ISTITUTO COMPRENSIVO",
		"nome": "I.C. VERGATO E GRIZZANA-MORANDI",
		"indirizzo": "VIA CAVOUR 51",
		"cap": "40038",
		"comune": "VERGATO",
		"provincia": "BO"
	}
	,
	{
		"codMec": "boic86400n",
		"tipo": "ISTITUTO COMPRENSIVO",
		"nome": "I.C. DI ZOLA PREDOSA",
		"indirizzo": "VIA ALBERGATI 30",
		"cap": "40069",
		"comune": "ZOLA PREDOSA",
		"provincia": "BO"
	}
	,
	{
		"codMec": "boee17200g",
		"tipo": "CIRCOLO DIDATTICO",
		"nome": "D.D. DI ZOLA PREDOSA",
		"indirizzo": "VIA ALBERGATI 32",
		"cap": "40069",
		"comune": "ZOLA PREDOSA",
		"provincia": "BO"
	}
	,
	{
		"codMec": "boic824007",
		"tipo": "ISTITUTO COMPRENSIVO",
		"nome": "IC CASTIGLIONE-CAM.-S.BENEDETTO",
		"indirizzo": "VIA FIERA 96",
		"cap": "40035",
		"comune": "CASTIGLIONE DEI PEPOLI",
		"provincia": "BO"
	}
	,
	{
		"codMec": "bois009009",
		"tipo": "ISTITUTO SUPERIORE",
		"nome": "I.I.S. CADUTI DELLA DIRETTISSIMA",
		"indirizzo": "VIA TOSCANA 21",
		"cap": "40035",
		"comune": "CASTIGLIONE DEI PEPOLI",
		"provincia": "BO"
	}
	,
	{
		"codMec": "bois02400b",
		"tipo": "ISTITUTO SUPERIORE",
		"nome": "IIS MALPIGHI",
		"indirizzo": "VIA PERSICETANA 45",
		"cap": "40014",
		"comune": "CREVALCORE",
		"provincia": "BO"
	}
	,
	{
		"codMec": "boic86000a",
		"tipo": "ISTITUTO COMPRENSIVO",
		"nome": "I.C. DI CREVALCORE",
		"indirizzo": "VIA SACCO E VANZETTI, 100",
		"cap": "40014",
		"comune": "CREVALCORE",
		"provincia": "BO"
	}
	,
	{
		"codMec": "boic84400c",
		"tipo": "ISTITUTO COMPRENSIVO",
		"nome": "I.C. DOZZA IMOLESE - C.GUELFO",
		"indirizzo": "PIAZZA DELLA LOGGIA 2",
		"cap": "40060",
		"comune": "DOZZA",
		"provincia": "BO"
	}
	,
	{
		"codMec": "boic811005",
		"tipo": "ISTITUTO COMPRENSIVO",
		"nome": "I.C. SALVO D\\'ACQUISTO",
		"indirizzo": "VIA GIORDANI 40",
		"cap": "40041",
		"comune": "GAGGIO MONTANO",
		"provincia": "BO"
	}
	,
	{
		"codMec": "boic82600v",
		"tipo": "ISTITUTO COMPRENSIVO",
		"nome": "I.C.  GRANAROLO DELL\\'EMILIA",
		"indirizzo": "VIA ROMA 30",
		"cap": "40057",
		"comune": "GRANAROLO DELL\\'EMILIA",
		"provincia": "BO"
	}
	,
	{
		"codMec": "boic84200r",
		"tipo": "ISTITUTO COMPRENSIVO",
		"nome": "I.C. N.5 VIA PIRANDELLO - IMOLA",
		"indirizzo": "VIA PIRANDELLO 12",
		"cap": "40026",
		"comune": "IMOLA",
		"provincia": "BO"
	}
	,
	{
		"codMec": "boic84300l",
		"tipo": "ISTITUTO COMPRENSIVO",
		"nome": "I.C. N.2 VIA CAVOUR - IMOLA",
		"indirizzo": "VIA CAVOUR 26",
		"cap": "40026",
		"comune": "IMOLA",
		"provincia": "BO"
	}
	,
	{
		"codMec": "boic845008",
		"tipo": "ISTITUTO COMPRENSIVO",
		"nome": "I.C. N.3 VIA GIOBERTI - IMOLA",
		"indirizzo": "VIA GIOBERTI 1",
		"cap": "40026",
		"comune": "IMOLA",
		"provincia": "BO"
	}
	,
	{
		"codMec": "boic846004",
		"tipo": "ISTITUTO COMPRENSIVO",
		"nome": "I.C. N.4 VIA GUICCIARDINI-IMOLA",
		"indirizzo": "VIA GUICCIARDINI  8",
		"cap": "40026",
		"comune": "IMOLA",
		"provincia": "BO"
	}
	,
	{
		"codMec": "boic84700x",
		"tipo": "ISTITUTO COMPRENSIVO",
		"nome": "I.C. N.6 VIA VILLA CLELIA-IMOLA",
		"indirizzo": "VIA VILLA CLELIA 18",
		"cap": "40026",
		"comune": "IMOLA",
		"provincia": "BO"
	}
	,
	{
		"codMec": "bota03000d",
		"tipo": "ISTITUTO TECNICO AGRARIO",
		"nome": "TECNICO AGR. E CHIM G.SCARABELLI-L.GHINI",
		"indirizzo": "VIA ASCARI 15",
		"cap": "40026",
		"comune": "IMOLA",
		"provincia": "BO"
	}
	,
	{
		"codMec": "bois012005",
		"tipo": "ISTITUTO SUPERIORE",
		"nome": "I.I.S. PAOLINI - CASSIANO DA IMOLA",
		"indirizzo": "VIA GUICCIARDINI 2",
		"cap": "40026",
		"comune": "IMOLA",
		"provincia": "BO"
	}
	,
	{
		"codMec": "bois01400r",
		"tipo": "ISTITUTO SUPERIORE",
		"nome": "I.I.S.  F. ALBERGHETTI",
		"indirizzo": "VIA SAN BENEDETTO 10",
		"cap": "40026",
		"comune": "IMOLA",
		"provincia": "BO"
	}
	,
	{
		"codMec": "boic80600n",
		"tipo": "ISTITUTO COMPRENSIVO",
		"nome": "I.C. DI PIEVE DI CENTO",
		"indirizzo": "VIA CIRCONVALLAZIONE LEVANTE 61",
		"cap": "40066",
		"comune": "PIEVE DI CENTO",
		"provincia": "BO"
	}
	,
	{
		"codMec": "boic832006",
		"tipo": "ISTITUTO COMPRENSIVO",
		"nome": "I.C. DI PORRETTA TERME",
		"indirizzo": "VIA MARCONI, 61",
		"cap": "40046",
		"comune": "PORRETTA TERME",
		"provincia": "BO"
	}
	,
	{
		"codMec": "boic81900q",
		"tipo": "ISTITUTO COMPRENSIVO",
		"nome": "I.C. \"A.FERRI\" SALA BOLOGNESE",
		"indirizzo": "VIA DELLA PACE 17",
		"cap": "40010",
		"comune": "SALA BOLOGNESE",
		"provincia": "BO"
	}
	,
	{
		"codMec": "boic83400t",
		"tipo": "ISTITUTO COMPRENSIVO",
		"nome": "I.C. DI SAN GIORGIO DI PIANO",
		"indirizzo": "VIA GRAMSCI 15",
		"cap": "40016",
		"comune": "SAN GIORGIO DI PIANO",
		"provincia": "BO"
	}
	,
	{
		"codMec": "boic870001",
		"tipo": "ISTITUTO COMPRENSIVO",
		"nome": "IC 1 DECIMA- PERSICETO",
		"indirizzo": "PIAZZA CARDUCCI 6",
		"cap": "40017",
		"comune": "SAN GIOVANNI IN PERSICETO",
		"provincia": "BO"
	}
	,
	{
		"codMec": "bois00700n",
		"tipo": "ISTITUTO SUPERIORE",
		"nome": "I.I.S. ARCHIMEDE",
		"indirizzo": "VIA CENTO 38/A",
		"cap": "40017",
		"comune": "SAN GIOVANNI IN PERSICETO",
		"provincia": "BO"
	}
	,
	{
		"codMec": "boic87100r",
		"tipo": "ISTITUTO COMPRENSIVO",
		"nome": "IC 2 SAN GIOVANNI IN PERSICETO",
		"indirizzo": "VIA MALPIGHI 2",
		"cap": "40017",
		"comune": "SAN GIOVANNI IN PERSICETO",
		"provincia": "BO"
	}
	,
	{
		"codMec": "bois026003",
		"tipo": "ISTITUTO SUPERIORE",
		"nome": "ITI ETTORE MAJORANA",
		"indirizzo": "VIA CASELLE 26",
		"cap": "40068",
		"comune": "SAN LAZZARO DI SAVENA",
		"provincia": "BO"
	}
	,
	{
		"codMec": "bois017008",
		"tipo": "ISTITUTO SUPERIORE",
		"nome": "I.I.S. ENRICO MATTEI",
		"indirizzo": "VIA DELLE RIMEMBRANZE 26",
		"cap": "40068",
		"comune": "SAN LAZZARO DI SAVENA",
		"provincia": "BO"
	}
	,
	{
		"codMec": "boic88100b",
		"tipo": "ISTITUTO COMPRENSIVO",
		"nome": "IC N. 1 SAN LAZZARO DI SAVENA",
		"indirizzo": "VIA REPUBBLICA 25",
		"cap": "40068",
		"comune": "SAN LAZZARO DI SAVENA",
		"provincia": "BO"
	}
	,
	{
		"codMec": "boic882007",
		"tipo": "ISTITUTO COMPRENSIVO",
		"nome": "IC N. 2 SAN LAZZARO DI SAVENA",
		"indirizzo": "VIA PAOLO POGGI 5",
		"cap": "40068",
		"comune": "SAN LAZZARO DI SAVENA",
		"provincia": "BO"
	}
	,
	{
		"codMec": "boic80500t",
		"tipo": "ISTITUTO COMPRENSIVO",
		"nome": "I.C. DI SAN PIETRO IN CASALE",
		"indirizzo": "VIA MASSUMATICO 67",
		"cap": "40018",
		"comune": "SAN PIETRO IN CASALE",
		"provincia": "BO"
	}
	,
	{
		"codMec": "boic859006",
		"tipo": "ISTITUTO COMPRENSIVO",
		"nome": "I.C. DI SANT\\'AGATA BOLOGNESE",
		"indirizzo": "VIA 2 AGOSTO 1980, 15/A",
		"cap": "40019",
		"comune": "SANT\\'AGATA BOLOGNESE",
		"provincia": "BO"
	}
	,
	{
		"codMec": "boic83600d",
		"tipo": "ISTITUTO COMPRENSIVO",
		"nome": "I.C. DI SASSO MARCONI",
		"indirizzo": "VIA PORRETTANA 258",
		"cap": "40037",
		"comune": "SASSO MARCONI",
		"provincia": "BO"
	}
	,
	{
		"codMec": "boic83500n",
		"tipo": "ISTITUTO COMPRENSIVO",
		"nome": "I.C. DI BORGONUOVO",
		"indirizzo": "GIOVANNI  XXIII  11",
		"cap": "40037",
		"comune": "SASSO MARCONI",
		"provincia": "BO"
	}
	,
	{
		"codMec": "bomm36200n",
		"tipo": "SCUOLA PRIMO GRADO",
		"nome": "CPIA 1 BOLOGNA - IMOLA",
		"indirizzo": "VIA EMILIA, 147",
		"cap": "40026",
		"comune": "IMOLA",
		"provincia": "BO"
	}
	,
	{
		"codMec": "bops17000b",
		"tipo": "LICEO SCIENTIFICO",
		"nome": "LICEO RAMBALDI - VALERIANI - A. DA IMOLA",
		"indirizzo": "VIA GUICCIARDINI 4",
		"cap": "40026",
		"comune": "IMOLA",
		"provincia": "BO"
	}
	,
	{
		"codMec": "boic85600p",
		"tipo": "ISTITUTO COMPRENSIVO",
		"nome": "I.C. N.7 VIA VIVALDI - IMOLA",
		"indirizzo": "VIA VIVALDI,76",
		"cap": "40026",
		"comune": "IMOLA",
		"provincia": "BO"
	}
	,
	{
		"codMec": "boic825003",
		"tipo": "ISTITUTO COMPRENSIVO",
		"nome": "I.C. DI MALALBERGO",
		"indirizzo": "VIA F.LLI CERVI 12",
		"cap": "40051",
		"comune": "MALALBERGO",
		"provincia": "BO"
	}
	,
	{
		"codMec": "boic839001",
		"tipo": "ISTITUTO COMPRENSIVO",
		"nome": "I.C. DI MARZABOTTO",
		"indirizzo": "VIA MUSOLESI 1A",
		"cap": "40043",
		"comune": "MARZABOTTO",
		"provincia": "BO"
	}
	,
	{
		"codMec": "boic867005",
		"tipo": "ISTITUTO COMPRENSIVO",
		"nome": "I.C. DI MEDICINA",
		"indirizzo": "VIA GRAMSCI 2/A",
		"cap": "40059",
		"comune": "MEDICINA",
		"provincia": "BO"
	}
	,
	{
		"codMec": "boic82700p",
		"tipo": "ISTITUTO COMPRENSIVO",
		"nome": "I.C. DI MINERBIO",
		"indirizzo": "VIA DON CAMILLO ZAMBONI 5",
		"cap": "40061",
		"comune": "MINERBIO",
		"provincia": "BO"
	}
	,
	{
		"codMec": "boic868001",
		"tipo": "ISTITUTO COMPRENSIVO",
		"nome": "I.C. DI MOLINELLA",
		"indirizzo": "VIA DE AMICIS 1",
		"cap": "40062",
		"comune": "MOLINELLA",
		"provincia": "BO"
	}
	,
	{
		"codMec": "boic88400v",
		"tipo": "ISTITUTO COMPRENSIVO",
		"nome": "IC DI LOIANO - MONGHIDORO",
		"indirizzo": "VIA MICHELE DEI RAMAZZOTTI 24",
		"cap": "40063",
		"comune": "MONGHIDORO",
		"provincia": "BO"
	}
	,
	{
		"codMec": "boic80700d",
		"tipo": "ISTITUTO COMPRENSIVO",
		"nome": "I.C. DI MONTE SAN PIETRO",
		"indirizzo": "VIALE IV NOVEMBRE 4",
		"cap": "40050",
		"comune": "MONTE SAN PIETRO",
		"provincia": "BO"
	}
	,
	{
		"codMec": "boic84800q",
		"tipo": "ISTITUTO COMPRENSIVO",
		"nome": "I.C. DI MONTERENZIO",
		"indirizzo": "VIA OLGNANO 1",
		"cap": "40050",
		"comune": "MONTERENZIO",
		"provincia": "BO"
	}
	,
	{
		"codMec": "boic838005",
		"tipo": "ISTITUTO COMPRENSIVO",
		"nome": "I.C. DI VADO - MONZUNO",
		"indirizzo": "VIA IV NOVEMBRE 10",
		"cap": "40036",
		"comune": "MONZUNO",
		"provincia": "BO"
	}
	,
	{
		"codMec": "boic82800e",
		"tipo": "ISTITUTO COMPRENSIVO",
		"nome": "IC DI OZZANO DELL\\'EMILIA",
		"indirizzo": "VIALE 2 GIUGNO 49",
		"cap": "40064",
		"comune": "OZZANO DELL\\'EMILIA",
		"provincia": "BO"
	}
	,
	{
		"codMec": "boic82900a",
		"tipo": "ISTITUTO COMPRENSIVO",
		"nome": "I.C. DI RASTIGNANO",
		"indirizzo": "VIA MARZABOTTO 35",
		"cap": "40067",
		"comune": "PIANORO",
		"provincia": "BO"
	}
	,
	{
		"codMec": "boic83000e",
		"tipo": "ISTITUTO COMPRENSIVO",
		"nome": "I.C. DI PIANORO",
		"indirizzo": "VIA GRAMSCI 14",
		"cap": "40065",
		"comune": "PIANORO",
		"provincia": "BO"
	}
]