[
	{
		"codMec": "bsic835008",
		"tipo": "ISTITUTO COMPRENSIVO",
		"nome": "I. C. STATALE ADRO",
		"indirizzo": "VIA NIGOLINE, 16",
		"cap": "25030",
		"comune": "ADRO",
		"provincia": "BS"
	}
	,
	{
		"codMec": "bsic80800x",
		"tipo": "ISTITUTO COMPRENSIVO",
		"nome": "I. C.  F.ROSSELLI ARTOGNE",
		"indirizzo": "VIA CAMILLO GOLGI N. 1",
		"cap": "25040",
		"comune": "ARTOGNE",
		"provincia": "BS"
	}
	,
	{
		"codMec": "bsic89000r",
		"tipo": "ISTITUTO COMPRENSIVO",
		"nome": "IC AZZANO MELLA",
		"indirizzo": "VIA PAOLO VI, 1",
		"cap": "25020",
		"comune": "AZZANO MELLA",
		"provincia": "BS"
	}
	,
	{
		"codMec": "bsic844003",
		"tipo": "ISTITUTO COMPRENSIVO",
		"nome": "I. C.  BAGNOLO MELLA",
		"indirizzo": "V.LE EUROPA, 15",
		"cap": "25021",
		"comune": "BAGNOLO MELLA",
		"provincia": "BS"
	}
	,
	{
		"codMec": "bsic806008",
		"tipo": "ISTITUTO COMPRENSIVO",
		"nome": "I.C. DI BAGOLINO",
		"indirizzo": "VIA A.LOMBARDI, 18",
		"cap": "25072",
		"comune": "BAGOLINO",
		"provincia": "BS"
	}
	,
	{
		"codMec": "bsic81300b",
		"tipo": "ISTITUTO COMPRENSIVO",
		"nome": "I.C. BEDIZZOLE",
		"indirizzo": "VIA MONS. BONTACCHIO, 4",
		"cap": "25081",
		"comune": "BEDIZZOLE",
		"provincia": "BS"
	}
	,
	{
		"codMec": "bsic83700x",
		"tipo": "ISTITUTO COMPRENSIVO",
		"nome": "IST. COMPR. DI BIENNO",
		"indirizzo": "VIA RIPA N. 2",
		"cap": "25040",
		"comune": "BIENNO",
		"provincia": "BS"
	}
	,
	{
		"codMec": "bsic8ah00e",
		"tipo": "ISTITUTO COMPRENSIVO",
		"nome": "I.C. BORGO SAN GIACOMO",
		"indirizzo": "VIA GABIANO N. 13",
		"cap": "25022",
		"comune": "BORGO SAN GIACOMO",
		"provincia": "BS"
	}
	,
	{
		"codMec": "bsic84600p",
		"tipo": "ISTITUTO COMPRENSIVO",
		"nome": "I.C. BORGOSATOLLO",
		"indirizzo": "VIA ROMA N. 42",
		"cap": "25010",
		"comune": "BORGOSATOLLO",
		"provincia": "BS"
	}
	,
	{
		"codMec": "bsic872007",
		"tipo": "ISTITUTO COMPRENSIVO",
		"nome": "IST. COMPRENSIVO BOTTICINO",
		"indirizzo": "VIA UDINE 6",
		"cap": "25080",
		"comune": "BOTTICINO",
		"provincia": "BS"
	}
	,
	{
		"codMec": "bsic836004",
		"tipo": "ISTITUTO COMPRENSIVO",
		"nome": "I.C. BOVEZZO",
		"indirizzo": "VIA CANOSSI, 2",
		"cap": "25073",
		"comune": "BOVEZZO",
		"provincia": "BS"
	}
	,
	{
		"codMec": "bsis001009",
		"tipo": "ISTITUTO SUPERIORE",
		"nome": "F.TASSARA - G.GHISLANDI",
		"indirizzo": "VIA FOLGORE 16",
		"cap": "25043",
		"comune": "BRENO",
		"provincia": "BS"
	}
	,
	{
		"codMec": "bsps03000p",
		"tipo": "LICEO SCIENTIFICO",
		"nome": "LICEO SCIENTIFICO C.GOLGI",
		"indirizzo": "VIA FOLGORE  19",
		"cap": "25043",
		"comune": "BRENO",
		"provincia": "BS"
	}
	,
	{
		"codMec": "bsic81900a",
		"tipo": "ISTITUTO COMPRENSIVO",
		"nome": "IC F.TONOLINI BRENO",
		"indirizzo": "VIA MARTIRI LIBERTA\\'",
		"cap": "25043",
		"comune": "BRENO",
		"provincia": "BS"
	}
	,
	{
		"codMec": "bstd15000l",
		"tipo": "IST TEC COMMERCIALE E PER GEOMETRI",
		"nome": "\"ABBA-BALLINI\" - BRESCIA",
		"indirizzo": "VIA TIRANDI  3",
		"cap": "25128",
		"comune": "BRESCIA",
		"provincia": "BS"
	}
	,
	{
		"codMec": "bsic83300l",
		"tipo": "ISTITUTO COMPRENSIVO",
		"nome": "IC  A.MORO  CAPRIOLO",
		"indirizzo": "VIA FOSSADELLI 25",
		"cap": "25031",
		"comune": "CAPRIOLO",
		"provincia": "BS"
	}
	,
	{
		"codMec": "bsic849006",
		"tipo": "ISTITUTO COMPRENSIVO",
		"nome": "IC CARPENEDOLO",
		"indirizzo": "VIA DANTE 30",
		"cap": "25013",
		"comune": "CARPENEDOLO",
		"provincia": "BS"
	}
	,
	{
		"codMec": "bsic81000x",
		"tipo": "ISTITUTO COMPRENSIVO",
		"nome": "IST. COMPRENSIVO CASTEGNATO",
		"indirizzo": "VIA SCUOLE, 14",
		"cap": "25045",
		"comune": "CASTEGNATO",
		"provincia": "BS"
	}
	,
	{
		"codMec": "bsic856009",
		"tipo": "ISTITUTO COMPRENSIVO",
		"nome": "IC CASTEL MELLA",
		"indirizzo": "VIA ONZATO 56",
		"cap": "25030",
		"comune": "CASTEL MELLA",
		"provincia": "BS"
	}
	,
	{
		"codMec": "bsic86200l",
		"tipo": "ISTITUTO COMPRENSIVO",
		"nome": "IC  CASTELCOVATI",
		"indirizzo": "VIA MARTIRI DI P. LOGGIA 12",
		"cap": "25030",
		"comune": "CASTELCOVATI",
		"provincia": "BS"
	}
	,
	{
		"codMec": "bsic80400l",
		"tipo": "ISTITUTO COMPRENSIVO",
		"nome": "IC L.DA VINCI CASTENEDOLO",
		"indirizzo": "VIA RIMEMBRANZE, 9",
		"cap": "25014",
		"comune": "CASTENEDOLO",
		"provincia": "BS"
	}
	,
	{
		"codMec": "bsic86300c",
		"tipo": "ISTITUTO COMPRENSIVO",
		"nome": "IC CASTREZZATO CAP.",
		"indirizzo": "VIA MARCONI 35",
		"cap": "25030",
		"comune": "CASTREZZATO",
		"provincia": "BS"
	}
	,
	{
		"codMec": "bsic82100a",
		"tipo": "ISTITUTO COMPRENSIVO",
		"nome": "IC\"G. BEVILACQUA\" CAZZAGO",
		"indirizzo": "VIA G. BEVILACQUA, 8",
		"cap": "25046",
		"comune": "CAZZAGO SAN MARTINO",
		"provincia": "BS"
	}
	,
	{
		"codMec": "bsic81700p",
		"tipo": "ISTITUTO COMPRENSIVO",
		"nome": "IC  \" B. ZENDRINI \" CEDEGOLO",
		"indirizzo": "PIAZZA ROMA N.4",
		"cap": "25051",
		"comune": "CEDEGOLO",
		"provincia": "BS"
	}
	,
	{
		"codMec": "bsic88800r",
		"tipo": "ISTITUTO COMPRENSIVO",
		"nome": "IC CELLATICA COLLEBEATO",
		"indirizzo": "VIALE      RISORGIMENTO        23",
		"cap": "25060",
		"comune": "CELLATICA",
		"provincia": "BS"
	}
	,
	{
		"codMec": "bsmm206003",
		"tipo": "SCUOLA PRIMO GRADO",
		"nome": "CPIA 3 BRESCIA",
		"indirizzo": "PIAZZA MARTIRI DELLA LIBERTA\\' 22",
		"cap": "25032",
		"comune": "CHIARI",
		"provincia": "BS"
	}
	,
	{
		"codMec": "bsic86600x",
		"tipo": "ISTITUTO COMPRENSIVO",
		"nome": "I.C. CHIARI \"A. TOSCANINI\"",
		"indirizzo": "VIA        ROCCAFRANCA, 7/B",
		"cap": "25032",
		"comune": "CHIARI",
		"provincia": "BS"
	}
	,
	{
		"codMec": "bsis03800x",
		"tipo": "ISTITUTO SUPERIORE",
		"nome": "I.I.S. \"L.EINAUDI\"",
		"indirizzo": "VIA FRATELLI SIRANI N.1",
		"cap": "25032",
		"comune": "CHIARI",
		"provincia": "BS"
	}
	,
	{
		"codMec": "bsic865004",
		"tipo": "ISTITUTO COMPRENSIVO",
		"nome": "I.C.1\"MARTIRI LIBERTA\\' CHIARI",
		"indirizzo": "VIA PEDERSOLI, 15",
		"cap": "25032",
		"comune": "CHIARI",
		"provincia": "BS"
	}
	,
	{
		"codMec": "bsic807004",
		"tipo": "ISTITUTO COMPRENSIVO",
		"nome": "I.C. CIVIDATE CAMUNO",
		"indirizzo": "VIA CORTIGLIONE N. 17",
		"cap": "25040",
		"comune": "CIVIDATE CAMUNO",
		"provincia": "BS"
	}
	,
	{
		"codMec": "bsis024002",
		"tipo": "ISTITUTO SUPERIORE",
		"nome": "\"ASTOLFO LUNARDI\"",
		"indirizzo": "VIA RICCOBELLI, 47",
		"cap": "25123",
		"comune": "BRESCIA",
		"provincia": "BS"
	}
	,
	{
		"codMec": "bsis028009",
		"tipo": "ISTITUTO SUPERIORE",
		"nome": "\"SRAFFA\" - BRESCIA",
		"indirizzo": "VIA COMBONI, 6",
		"cap": "25123",
		"comune": "BRESCIA",
		"provincia": "BS"
	}
	,
	{
		"codMec": "bsis029005",
		"tipo": "ISTITUTO SUPERIORE",
		"nome": "\"CAMILLO GOLGI\"",
		"indirizzo": "VIA RODI 16",
		"cap": "25124",
		"comune": "BRESCIA",
		"provincia": "BS"
	}
	,
	{
		"codMec": "bsis031005",
		"tipo": "ISTITUTO SUPERIORE",
		"nome": "\"ANDREA MANTEGNA\" - BRESCIA",
		"indirizzo": "VIA FURA, 96",
		"cap": "25125",
		"comune": "BRESCIA",
		"provincia": "BS"
	}
	,
	{
		"codMec": "bsis032001",
		"tipo": "ISTITUTO SUPERIORE",
		"nome": "\"FORTUNY\" - BRESCIA",
		"indirizzo": "VIA BERCHET 5",
		"cap": "25126",
		"comune": "BRESCIA",
		"provincia": "BS"
	}
	,
	{
		"codMec": "bsis036008",
		"tipo": "ISTITUTO SUPERIORE",
		"nome": "I.S.S.  \"TARTAGLIA-OLIVIERI\"",
		"indirizzo": "VIA G. OBERDAN 12/E",
		"cap": "25128",
		"comune": "BRESCIA",
		"provincia": "BS"
	}
	,
	{
		"codMec": "bsis037004",
		"tipo": "ISTITUTO SUPERIORE",
		"nome": "I.S. CASTELLI",
		"indirizzo": "VIA A. CANTORE, 9",
		"cap": "25128",
		"comune": "BRESCIA",
		"provincia": "BS"
	}
	,
	{
		"codMec": "bsmm20700v",
		"tipo": "SCUOLA PRIMO GRADO",
		"nome": "CPIA 1 BRESCIA",
		"indirizzo": "VIA GALILEI 46",
		"cap": "25128",
		"comune": "BRESCIA",
		"provincia": "BS"
	}
	,
	{
		"codMec": "bspc01000a",
		"tipo": "LICEO CLASSICO",
		"nome": "\"ARNALDO\" - BRESCIA",
		"indirizzo": "CORSO MAGENTA 56",
		"cap": "25121",
		"comune": "BRESCIA",
		"provincia": "BS"
	}
	,
	{
		"codMec": "bspm020005",
		"tipo": "ISTITUTO MAGISTRALE",
		"nome": "LICEO VERONICA GAMBARA",
		"indirizzo": "VIA VERONICA GAMBARA 3",
		"cap": "25121",
		"comune": "BRESCIA",
		"provincia": "BS"
	}
	,
	{
		"codMec": "bspm04000a",
		"tipo": "ISTITUTO MAGISTRALE",
		"nome": "LICEO SCIENZE UMANE F. DE ANDRE\\'",
		"indirizzo": "VIA BONINI 58",
		"cap": "25127",
		"comune": "BRESCIA",
		"provincia": "BS"
	}
	,
	{
		"codMec": "bsps01000d",
		"tipo": "LICEO SCIENTIFICO",
		"nome": "CALINI",
		"indirizzo": "VIA MONTESUELLO 2",
		"cap": "25128",
		"comune": "BRESCIA",
		"provincia": "BS"
	}
	,
	{
		"codMec": "bsps070005",
		"tipo": "LICEO SCIENTIFICO",
		"nome": "\"COPERNICO\" - BRESCIA",
		"indirizzo": "VIA DUCA DEGLI ABRUZZI 17",
		"cap": "25124",
		"comune": "BRESCIA",
		"provincia": "BS"
	}
	,
	{
		"codMec": "bsps11000a",
		"tipo": "LICEO SCIENTIFICO",
		"nome": "LICEO SCIENTIFICO STATALE LEONARDO",
		"indirizzo": "VIA FEDERICO BALESTRIERI 6",
		"cap": "25124",
		"comune": "BRESCIA",
		"provincia": "BS"
	}
	,
	{
		"codMec": "bsta01000v",
		"tipo": "ISTITUTO TECNICO AGRARIO",
		"nome": "\"PASTORI\" - BRESCIA",
		"indirizzo": "VIALE BORNATA 110",
		"cap": "25123",
		"comune": "BRESCIA",
		"provincia": "BS"
	}
	,
	{
		"codMec": "bsic83900g",
		"tipo": "ISTITUTO COMPRENSIVO",
		"nome": "IST. COMPRENSIVO COCCAGLIO",
		"indirizzo": "VIA MATTEOTTI, 10/A",
		"cap": "25030",
		"comune": "COCCAGLIO",
		"provincia": "BS"
	}
	,
	{
		"codMec": "bsic84000q",
		"tipo": "ISTITUTO COMPRENSIVO",
		"nome": "I.C. COLOGNE",
		"indirizzo": "VIA CORIONI, 2",
		"cap": "25033",
		"comune": "COLOGNE",
		"provincia": "BS"
	}
	,
	{
		"codMec": "bsic828005",
		"tipo": "ISTITUTO COMPRENSIVO",
		"nome": "IST. COMPRENSIVO DI CONCESIO",
		"indirizzo": "VIA CAMERATE, 5",
		"cap": "25062",
		"comune": "CONCESIO",
		"provincia": "BS"
	}
	,
	{
		"codMec": "bsic822006",
		"tipo": "ISTITUTO COMPRENSIVO",
		"nome": "IST. COMPR. CORTEFRANCA",
		"indirizzo": "P.LE C. CATTANEO, 5",
		"cap": "25050",
		"comune": "CORTE FRANCA",
		"provincia": "BS"
	}
	,
	{
		"codMec": "bsis02200a",
		"tipo": "ISTITUTO SUPERIORE",
		"nome": "\"DANDOLO\" - CORZANO",
		"indirizzo": "PIAZZA CHIESA 2",
		"cap": "25030",
		"comune": "CORZANO",
		"provincia": "BS"
	}
	,
	{
		"codMec": "bsis02700d",
		"tipo": "ISTITUTO SUPERIORE",
		"nome": "I. S. \"OLIVELLI-PUTELLI\"- DARFO",
		"indirizzo": "VIA UBERTOSA 1",
		"cap": "25047",
		"comune": "DARFO BOARIO TERME",
		"provincia": "BS"
	}
	,
	{
		"codMec": "bsic864008",
		"tipo": "ISTITUTO COMPRENSIVO",
		"nome": "ISTITUTO COMPRENSIVO DARFO 2",
		"indirizzo": "VIA POLLINE N.20",
		"cap": "25047",
		"comune": "DARFO BOARIO TERME",
		"provincia": "BS"
	}
	,
	{
		"codMec": "bsic858001",
		"tipo": "ISTITUTO COMPRENSIVO",
		"nome": "IC  I^ DARFO BOARIO TERME",
		"indirizzo": "VIA GHISLANDI N. 24",
		"cap": "25047",
		"comune": "DARFO BOARIO TERME",
		"provincia": "BS"
	}
	,
	{
		"codMec": "bsic823002",
		"tipo": "ISTITUTO COMPRENSIVO",
		"nome": "IC AGOSTI DELLO",
		"indirizzo": "VIA RAGAZZI DEL \\'99",
		"cap": "25020",
		"comune": "DELLO",
		"provincia": "BS"
	}
	,
	{
		"codMec": "bsis003001",
		"tipo": "ISTITUTO SUPERIORE",
		"nome": "BAZOLI",
		"indirizzo": "VIA GIOTTO 55",
		"cap": "25015",
		"comune": "DESENZANO DEL GARDA",
		"provincia": "BS"
	}
	,
	{
		"codMec": "bsic8ab00g",
		"tipo": "ISTITUTO COMPRENSIVO",
		"nome": "IC II TREBESCHI-DESENZANO",
		"indirizzo": "VIA        U. FOSCOLO       14",
		"cap": "25010",
		"comune": "DESENZANO DEL GARDA",
		"provincia": "BS"
	}
	,
	{
		"codMec": "bspc020001",
		"tipo": "LICEO CLASSICO",
		"nome": "\"BAGATTA\" - DESENZANO",
		"indirizzo": "VIA BAGATTA 30",
		"cap": "25015",
		"comune": "DESENZANO DEL GARDA",
		"provincia": "BS"
	}
	,
	{
		"codMec": "bsic8aa00q",
		"tipo": "ISTITUTO COMPRENSIVO",
		"nome": "1? IC  DESENZANO",
		"indirizzo": "VIA PACE NR. 32",
		"cap": "25015",
		"comune": "DESENZANO DEL GARDA",
		"provincia": "BS"
	}
	,
	{
		"codMec": "bsic87000g",
		"tipo": "ISTITUTO COMPRENSIVO",
		"nome": "EDOLO CAP.",
		"indirizzo": "VIA MORINO 5",
		"cap": "25048",
		"comune": "EDOLO",
		"provincia": "BS"
	}
	,
	{
		"codMec": "bsis007008",
		"tipo": "ISTITUTO SUPERIORE",
		"nome": "\"F. MENEGHINI\" - EDOLO",
		"indirizzo": "VIA MORINO, 5",
		"cap": "25048",
		"comune": "EDOLO",
		"provincia": "BS"
	}
	,
	{
		"codMec": "bsic83800q",
		"tipo": "ISTITUTO COMPRENSIVO",
		"nome": "ISTITUTO COMPRENSIVO DI ESINE",
		"indirizzo": "VIA CHIOSI N.4",
		"cap": "25040",
		"comune": "ESINE",
		"provincia": "BS"
	}
	,
	{
		"codMec": "bsic8ag00p",
		"tipo": "ISTITUTO COMPRENSIVO",
		"nome": "IC  FLERO",
		"indirizzo": "VIA        A. MORO, 109",
		"cap": "25020",
		"comune": "FLERO",
		"provincia": "BS"
	}
	,
	{
		"codMec": "bsrh02000t",
		"tipo": "IST PROF  ALBERGHIERO",
		"nome": "IPSEOA CATERINA DE\\' MEDICI",
		"indirizzo": "VIA TRIESTE, 19",
		"cap": "25083",
		"comune": "GARDONE RIVIERA",
		"provincia": "BS"
	}
	,
	{
		"codMec": "bsic85500d",
		"tipo": "ISTITUTO COMPRENSIVO",
		"nome": "STATALE DI GARDONE V.T.",
		"indirizzo": "VIA  GENERALE ARMANDO DIAZ N.19",
		"cap": "25063",
		"comune": "GARDONE VAL TROMPIA",
		"provincia": "BS"
	}
	,
	{
		"codMec": "bsis00600c",
		"tipo": "ISTITUTO SUPERIORE",
		"nome": "ISTITUTO ISTRUZIONE SUPERIORE  C.BERETTA",
		"indirizzo": "VIA G. MATTEOTTI 299",
		"cap": "25063",
		"comune": "GARDONE VAL TROMPIA",
		"provincia": "BS"
	}
	,
	{
		"codMec": "bsic86900b",
		"tipo": "ISTITUTO COMPRENSIVO",
		"nome": "IC GARGNANO",
		"indirizzo": "VIA REPUBBLICA 17",
		"cap": "25084",
		"comune": "GARGNANO",
		"provincia": "BS"
	}
	,
	{
		"codMec": "bsic87400v",
		"tipo": "ISTITUTO COMPRENSIVO",
		"nome": "G.BERTOLOTTI - GAVARDO",
		"indirizzo": "VIA        DOSSOLO             41",
		"cap": "25085",
		"comune": "GAVARDO",
		"provincia": "BS"
	}
	,
	{
		"codMec": "bsmm205007",
		"tipo": "SCUOLA PRIMO GRADO",
		"nome": "CPIA 2  BRESCIA",
		"indirizzo": "PIAZZA DE\\' MEDICI, 26",
		"cap": "25085",
		"comune": "GAVARDO",
		"provincia": "BS"
	}
	,
	{
		"codMec": "bsic8aj00q",
		"tipo": "ISTITUTO COMPRENSIVO",
		"nome": "GHEDI \"RINALDINI\"",
		"indirizzo": "VIA GARIBALDI 92",
		"cap": "25016",
		"comune": "GHEDI",
		"provincia": "BS"
	}
	,
	{
		"codMec": "bsic899007",
		"tipo": "ISTITUTO COMPRENSIVO",
		"nome": "ISTITUTO COMPRENSIVO GOTTOLENGO",
		"indirizzo": "VIA CIRCONVALLAZIONE SUD, 59/61",
		"cap": "25023",
		"comune": "GOTTOLENGO",
		"provincia": "BS"
	}
	,
	{
		"codMec": "bsic88900l",
		"tipo": "ISTITUTO COMPRENSIVO",
		"nome": "IC GUSSAGO",
		"indirizzo": "VIA MARCOLINI, 10",
		"cap": "25064",
		"comune": "GUSSAGO",
		"provincia": "BS"
	}
	,
	{
		"codMec": "bsis00400r",
		"tipo": "ISTITUTO SUPERIORE",
		"nome": "I.I.S. DI VALLE SABBIA \"G. PERLASCA\"",
		"indirizzo": "VIA TREVISO N. 26",
		"cap": "25074",
		"comune": "IDRO",
		"provincia": "BS"
	}
	,
	{
		"codMec": "bsic80300r",
		"tipo": "ISTITUTO COMPRENSIVO",
		"nome": "ISTITUTO COMPRENSIVO ISEO",
		"indirizzo": "VIA PUSTERLA 1",
		"cap": "25049",
		"comune": "ISEO",
		"provincia": "BS"
	}
	,
	{
		"codMec": "bsis008004",
		"tipo": "ISTITUTO SUPERIORE",
		"nome": "\"ANTONIETTI\" - ISEO",
		"indirizzo": "VIA PAOLO VI 3",
		"cap": "25049",
		"comune": "ISEO",
		"provincia": "BS"
	}
	,
	{
		"codMec": "bsic89600q",
		"tipo": "ISTITUTO COMPRENSIVO",
		"nome": "LENO CAP.",
		"indirizzo": "VIA F.LLI DE GIULI 1",
		"cap": "25024",
		"comune": "LENO",
		"provincia": "BS"
	}
	,
	{
		"codMec": "bsic886005",
		"tipo": "ISTITUTO COMPRENSIVO",
		"nome": "IC OVEST 2 BRESCIA",
		"indirizzo": "VIA        BAGATTA             6",
		"cap": "25127",
		"comune": "BRESCIA",
		"provincia": "BS"
	}
	,
	{
		"codMec": "bsic885009",
		"tipo": "ISTITUTO COMPRENSIVO",
		"nome": "IC COLOMBO OVEST 1 BRESCIA",
		"indirizzo": "VIALE COLOMBO, 30",
		"cap": "25127",
		"comune": "BRESCIA",
		"provincia": "BS"
	}
	,
	{
		"codMec": "bsic88400d",
		"tipo": "ISTITUTO COMPRENSIVO",
		"nome": "I. C. NORD 2 BRESCIA",
		"indirizzo": "VIA COSTALUNGA, 15",
		"cap": "25123",
		"comune": "BRESCIA",
		"provincia": "BS"
	}
	,
	{
		"codMec": "bsic88300n",
		"tipo": "ISTITUTO COMPRENSIVO",
		"nome": "IC  NORD 1 BRESCIA",
		"indirizzo": "VIA ZADEI 76",
		"cap": "25123",
		"comune": "BRESCIA",
		"provincia": "BS"
	}
	,
	{
		"codMec": "bsic88200t",
		"tipo": "ISTITUTO COMPRENSIVO",
		"nome": "IC TITO SPERI CENTRO 2 BRESCIA",
		"indirizzo": "VIA GALILEI , 46",
		"cap": "25128",
		"comune": "BRESCIA",
		"provincia": "BS"
	}
	,
	{
		"codMec": "bsic881002",
		"tipo": "ISTITUTO COMPRENSIVO",
		"nome": "IC CENTRO 1 BRESCIA",
		"indirizzo": "VIALE      PIAVE               50",
		"cap": "25123",
		"comune": "BRESCIA",
		"provincia": "BS"
	}
	,
	{
		"codMec": "bsic880006",
		"tipo": "ISTITUTO COMPRENSIVO",
		"nome": "IC S.EUFEMIA EST 3 BRESCIA",
		"indirizzo": "VIA G. SEGA  3",
		"cap": "25135",
		"comune": "BRESCIA",
		"provincia": "BS"
	}
	,
	{
		"codMec": "bsic878006",
		"tipo": "ISTITUTO COMPRENSIVO",
		"nome": "IC S.MARIA BAMBINA EST1 BRESCIA",
		"indirizzo": "BRESCIA, VIA A. DEL VERROCCHIO, 328",
		"cap": "25124",
		"comune": "BRESCIA",
		"provincia": "BS"
	}
	,
	{
		"codMec": "bsic87700a",
		"tipo": "ISTITUTO COMPRENSIVO",
		"nome": "IC RINALDINI SUD 3 BRESCIA",
		"indirizzo": "Q.RE LEONESSA,25",
		"cap": "25124",
		"comune": "BRESCIA",
		"provincia": "BS"
	}
	,
	{
		"codMec": "bsic81600v",
		"tipo": "ISTITUTO COMPRENSIVO",
		"nome": "IC CENTRO 3 BRESCIA",
		"indirizzo": "VIA DEI MILLE 4/B",
		"cap": "25122",
		"comune": "BRESCIA",
		"provincia": "BS"
	}
	,
	{
		"codMec": "bsic815003",
		"tipo": "ISTITUTO COMPRENSIVO",
		"nome": "IC FRANCHI SUD 2 BRESCIA",
		"indirizzo": "VILL.SERENOTRAV. XII           21",
		"cap": "25125",
		"comune": "BRESCIA",
		"provincia": "BS"
	}
	,
	{
		"codMec": "bsic887001",
		"tipo": "ISTITUTO COMPRENSIVO",
		"nome": "IC KENNEDY OVEST 3 BRESCIA",
		"indirizzo": "VIA DEL SANTELLONE, 4",
		"cap": "25132",
		"comune": "BRESCIA",
		"provincia": "BS"
	}
	,
	{
		"codMec": "bsic829001",
		"tipo": "ISTITUTO COMPRENSIVO",
		"nome": "IC D.ALIGHIERI CALCINATO",
		"indirizzo": "VIA ARNALDO, 64",
		"cap": "25011",
		"comune": "CALCINATO",
		"provincia": "BS"
	}
	,
	{
		"codMec": "bsic84800a",
		"tipo": "ISTITUTO COMPRENSIVO",
		"nome": "IC CALVISANO",
		"indirizzo": "VIA F.LLI CERVI, 2",
		"cap": "25012",
		"comune": "CALVISANO",
		"provincia": "BS"
	}
	,
	{
		"codMec": "bsic81800e",
		"tipo": "ISTITUTO COMPRENSIVO",
		"nome": "IC\"P.DA CEMMO\"-CAPO DI PONTE",
		"indirizzo": "VIA A. MORO 7",
		"cap": "25044",
		"comune": "CAPO DI PONTE",
		"provincia": "BS"
	}
	,
	{
		"codMec": "bsic851006",
		"tipo": "ISTITUTO COMPRENSIVO",
		"nome": "I.C. STATALE DI NUVOLENTO",
		"indirizzo": "VIA CADUTI DELLA RESISTENZA, 24",
		"cap": "25080",
		"comune": "NUVOLENTO",
		"provincia": "BS"
	}
	,
	{
		"codMec": "bsic81100q",
		"tipo": "ISTITUTO COMPRENSIVO",
		"nome": "I.C. FRA\\' T. BONGETTI OME",
		"indirizzo": "VIA VALLE, 7",
		"cap": "25050",
		"comune": "OME",
		"provincia": "BS"
	}
	,
	{
		"codMec": "bsis01300g",
		"tipo": "ISTITUTO SUPERIORE",
		"nome": "\"COSSALI\" - ORZINUOVI",
		"indirizzo": "VIA MILANO 83",
		"cap": "25034",
		"comune": "ORZINUOVI",
		"provincia": "BS"
	}
	,
	{
		"codMec": "bsic893008",
		"tipo": "ISTITUTO COMPRENSIVO",
		"nome": "I.C. ORZINUOVI",
		"indirizzo": "VIA CERNAIA 40",
		"cap": "25034",
		"comune": "ORZINUOVI",
		"provincia": "BS"
	}
	,
	{
		"codMec": "bsic827009",
		"tipo": "ISTITUTO COMPRENSIVO",
		"nome": "IST. COMPRENSIVO OSPITALETTO",
		"indirizzo": "VIA ZANARDELLI, 13/B",
		"cap": "25035",
		"comune": "OSPITALETTO BRESCIANO",
		"provincia": "BS"
	}
	,
	{
		"codMec": "bsis03400l",
		"tipo": "ISTITUTO SUPERIORE",
		"nome": "RC \"GIOVANNI FALCONE\"",
		"indirizzo": "VIA LEVADELLO",
		"cap": "25036",
		"comune": "PALAZZOLO SULL\\'OGLIO",
		"provincia": "BS"
	}
	,
	{
		"codMec": "bsis01800p",
		"tipo": "ISTITUTO SUPERIORE",
		"nome": "IIS \"MARZOLI\" - PALAZZOLO S/O",
		"indirizzo": "VIA LEVADELLO",
		"cap": "25036",
		"comune": "PALAZZOLO SULL\\'OGLIO",
		"provincia": "BS"
	}
	,
	{
		"codMec": "bsic84100g",
		"tipo": "ISTITUTO COMPRENSIVO",
		"nome": "II I.C. DI PALAZZOLO SULL\\'OGLIO",
		"indirizzo": "VIA DOGANE N. 8",
		"cap": "25036",
		"comune": "PALAZZOLO SULL\\'OGLIO",
		"provincia": "BS"
	}
	,
	{
		"codMec": "bsic8am007",
		"tipo": "ISTITUTO COMPRENSIVO",
		"nome": "I  I.C. PALAZZOLO SULL\\'OGLIO",
		"indirizzo": "VIA ZANARDELLI, 34",
		"cap": "25036",
		"comune": "PALAZZOLO SULL\\'OGLIO",
		"provincia": "BS"
	}
	,
	{
		"codMec": "bsic81200g",
		"tipo": "ISTITUTO COMPRENSIVO",
		"nome": "I.C.DI PASSIRANO",
		"indirizzo": "VIA G. GARIBALDI 3",
		"cap": "25050",
		"comune": "PASSIRANO",
		"provincia": "BS"
	}
	,
	{
		"codMec": "bsic894004",
		"tipo": "ISTITUTO COMPRENSIVO",
		"nome": "IC PRALBOINO",
		"indirizzo": "VIA BORGO SOPRA N. 9",
		"cap": "25020",
		"comune": "PAVONE DEL MELLA",
		"provincia": "BS"
	}
	,
	{
		"codMec": "bsic82000e",
		"tipo": "ISTITUTO COMPRENSIVO",
		"nome": "IC TEN.PELLEGRINI PISOGNE",
		"indirizzo": "VIA PADRE CAGNI",
		"cap": "25055",
		"comune": "PISOGNE",
		"provincia": "BS"
	}
	,
	{
		"codMec": "bsic802001",
		"tipo": "ISTITUTO COMPRENSIVO",
		"nome": "IC  PONTE DI LEGNO",
		"indirizzo": "VIA NINO BIXIO 42",
		"cap": "25056",
		"comune": "PONTE DI LEGNO",
		"provincia": "BS"
	}
	,
	{
		"codMec": "bsic89500x",
		"tipo": "ISTITUTO COMPRENSIVO",
		"nome": "PONTEVICO",
		"indirizzo": "VIA M. CICOGNINI",
		"cap": "25026",
		"comune": "PONTEVICO",
		"provincia": "BS"
	}
	,
	{
		"codMec": "bsic84200b",
		"tipo": "ISTITUTO COMPRENSIVO",
		"nome": "I.C. PONTOGLIO",
		"indirizzo": "VIALE DANTE 22",
		"cap": "25037",
		"comune": "PONTOGLIO",
		"provincia": "BS"
	}
	,
	{
		"codMec": "bsis00900x",
		"tipo": "ISTITUTO SUPERIORE",
		"nome": "I.I.S. V.CAPIROLA",
		"indirizzo": "PIAZZA C.BATTISTI 7/8",
		"cap": "25024",
		"comune": "LENO",
		"provincia": "BS"
	}
	,
	{
		"codMec": "bsic85900r",
		"tipo": "ISTITUTO COMPRENSIVO",
		"nome": "I.C. LOGRATO",
		"indirizzo": "VIA      G.G. MORANDO          13",
		"cap": "25030",
		"comune": "LOGRATO",
		"provincia": "BS"
	}
	,
	{
		"codMec": "bsic82400t",
		"tipo": "ISTITUTO COMPRENSIVO",
		"nome": "I.C. DI LONATO UGO DA COMO",
		"indirizzo": "VIA MARCHESINO",
		"cap": "25017",
		"comune": "LONATO DEL GARDA",
		"provincia": "BS"
	}
	,
	{
		"codMec": "bsis03300r",
		"tipo": "ISTITUTO SUPERIORE",
		"nome": "IIS \"L. CEREBOTANI\"",
		"indirizzo": "VIA G.GALILEI  1",
		"cap": "25017",
		"comune": "LONATO DEL GARDA",
		"provincia": "BS"
	}
	,
	{
		"codMec": "bsic83200r",
		"tipo": "ISTITUTO COMPRENSIVO",
		"nome": "I.C. POLO EST",
		"indirizzo": "VIA MONTINI, 100",
		"cap": "25065",
		"comune": "LUMEZZANE",
		"provincia": "BS"
	}
	,
	{
		"codMec": "bsic830005",
		"tipo": "ISTITUTO COMPRENSIVO",
		"nome": "I.C. POLO OVEST LUMEZZANE",
		"indirizzo": "VIA MONTESSORI, 22",
		"cap": "25065",
		"comune": "LUMEZZANE",
		"provincia": "BS"
	}
	,
	{
		"codMec": "bsic8ak00g",
		"tipo": "ISTITUTO COMPRENSIVO",
		"nome": "I.C. VALTENESI- MANERBA D/G",
		"indirizzo": "VIA    MINERVA,            1",
		"cap": "25080",
		"comune": "MANERBA DEL GARDA",
		"provincia": "BS"
	}
	,
	{
		"codMec": "bsic89800b",
		"tipo": "ISTITUTO COMPRENSIVO",
		"nome": "ISTITUTO COMPRENSIVO MANERBIO",
		"indirizzo": "VIA GALLIANO 10",
		"cap": "25025",
		"comune": "MANERBIO",
		"provincia": "BS"
	}
	,
	{
		"codMec": "bsis01100x",
		"tipo": "ISTITUTO SUPERIORE",
		"nome": "\"PASCAL\" - MANERBIO",
		"indirizzo": "VIA SOLFERINO  92",
		"cap": "25025",
		"comune": "MANERBIO",
		"provincia": "BS"
	}
	,
	{
		"codMec": "bsic85400n",
		"tipo": "ISTITUTO COMPRENSIVO",
		"nome": "I.C. MARCHENO",
		"indirizzo": "VIA E. RINALDINI, 5",
		"cap": "25060",
		"comune": "MARCHENO",
		"provincia": "BS"
	}
	,
	{
		"codMec": "bsic852002",
		"tipo": "ISTITUTO COMPRENSIVO",
		"nome": "ISTITUTO COMPRENSIVO DI MAZZANO",
		"indirizzo": "VIA MATTEOTTI, 22",
		"cap": "25080",
		"comune": "MAZZANO",
		"provincia": "BS"
	}
	,
	{
		"codMec": "bsic8al00b",
		"tipo": "ISTITUTO COMPRENSIVO",
		"nome": "I.C. II MONTICHIARI",
		"indirizzo": "VIA C. BATTISTI,52",
		"cap": "25018",
		"comune": "MONTICHIARI",
		"provincia": "BS"
	}
	,
	{
		"codMec": "bsis01200q",
		"tipo": "ISTITUTO SUPERIORE",
		"nome": "DON MILANI - MONTICHIARI",
		"indirizzo": "VIA MARCONI 41",
		"cap": "25018",
		"comune": "MONTICHIARI",
		"provincia": "BS"
	}
	,
	{
		"codMec": "bsic8an003",
		"tipo": "ISTITUTO COMPRENSIVO",
		"nome": "IC I MONTICHIARI",
		"indirizzo": "VIA PELLEGRINO, 30",
		"cap": "25018",
		"comune": "MONTICHIARI",
		"provincia": "BS"
	}
	,
	{
		"codMec": "bsic85300t",
		"tipo": "ISTITUTO COMPRENSIVO",
		"nome": "ISTITUTO COMPRENSIVO DI  NAVE",
		"indirizzo": "VIA BRESCIA, 20",
		"cap": "25075",
		"comune": "NAVE",
		"provincia": "BS"
	}
	,
	{
		"codMec": "bsic86700q",
		"tipo": "ISTITUTO COMPRENSIVO",
		"nome": "I.C. DI PREVALLE",
		"indirizzo": "VIALE RIMEMBRANZE, 3",
		"cap": "25080",
		"comune": "PREVALLE",
		"provincia": "BS"
	}
	,
	{
		"codMec": "bsic85000a",
		"tipo": "ISTITUTO COMPRENSIVO",
		"nome": "I.C. DON RAFFELLI PROVAGLIO",
		"indirizzo": "VIA ROMA",
		"cap": "25050",
		"comune": "PROVAGLIO D\\'ISEO",
		"provincia": "BS"
	}
	,
	{
		"codMec": "bsis023006",
		"tipo": "ISTITUTO SUPERIORE",
		"nome": "I.I.S. \"BONSIGNORI\" - REMEDELLO",
		"indirizzo": "VIA AVIS, 1",
		"cap": "25010",
		"comune": "REMEDELLO",
		"provincia": "BS"
	}
	,
	{
		"codMec": "bsic84700e",
		"tipo": "ISTITUTO COMPRENSIVO",
		"nome": "ISTITUTO COMPRENSIVO STATALE",
		"indirizzo": "VIA CAPPELLAZZI, 4",
		"cap": "25010",
		"comune": "REMEDELLO",
		"provincia": "BS"
	}
	,
	{
		"codMec": "bsic87500p",
		"tipo": "ISTITUTO COMPRENSIVO",
		"nome": "IC REZZATO",
		"indirizzo": "VIA LEONARDO DA  VINCI,48",
		"cap": "25086",
		"comune": "REZZATO",
		"provincia": "BS"
	}
	,
	{
		"codMec": "bsic80900q",
		"tipo": "ISTITUTO COMPRENSIVO",
		"nome": "IC DI RODENGO SAIANO",
		"indirizzo": "VIA BRESCIA 2",
		"cap": "25050",
		"comune": "RODENGO-SAIANO",
		"provincia": "BS"
	}
	,
	{
		"codMec": "bsic857005",
		"tipo": "ISTITUTO COMPRENSIVO",
		"nome": "IC DI  RONCADELLE",
		"indirizzo": "VIA TOGLIATTI 1/B",
		"cap": "25030",
		"comune": "RONCADELLE",
		"provincia": "BS"
	}
	,
	{
		"codMec": "bsic843007",
		"tipo": "ISTITUTO COMPRENSIVO",
		"nome": "I.C. \"DON MILANI\" ROVATO",
		"indirizzo": "VIA SOLFERINO, 45",
		"cap": "25038",
		"comune": "ROVATO",
		"provincia": "BS"
	}
	,
	{
		"codMec": "bsis01700v",
		"tipo": "ISTITUTO SUPERIORE",
		"nome": "ROVATO - \"LORENZO GIGLI\"",
		"indirizzo": "VIALE EUROPA",
		"cap": "25038",
		"comune": "ROVATO",
		"provincia": "BS"
	}
	,
	{
		"codMec": "bsic86100r",
		"tipo": "ISTITUTO COMPRENSIVO",
		"nome": "IC RUDIANO \\'M.A.CHIECCA\\'",
		"indirizzo": "VIA A. DE GASPERI, 41",
		"cap": "25030",
		"comune": "RUDIANO",
		"provincia": "BS"
	}
	,
	{
		"codMec": "bsic8ad007",
		"tipo": "ISTITUTO COMPRENSIVO",
		"nome": "IC \"A. BELLI\"-SABBIO CHIESE",
		"indirizzo": "VIA       ROMA      49A/B",
		"cap": "25070",
		"comune": "SABBIO CHIESE",
		"provincia": "BS"
	}
	,
	{
		"codMec": "bsic87100b",
		"tipo": "ISTITUTO COMPRENSIVO",
		"nome": "L.EINAUDI - SALE MARASINO",
		"indirizzo": "VIA        MAZZINI             28",
		"cap": "25057",
		"comune": "SALE MARASINO",
		"provincia": "BS"
	}
	,
	{
		"codMec": "bsps05000x",
		"tipo": "LICEO SCIENTIFICO",
		"nome": "\"ENRICO FERMI\"",
		"indirizzo": "VIA MARTIRI DELLE FOIBE 8",
		"cap": "25087",
		"comune": "SALO\\'",
		"provincia": "BS"
	}
	,
	{
		"codMec": "bsic8ac00b",
		"tipo": "ISTITUTO COMPRENSIVO",
		"nome": "ISTITUTO COMPRENSIVO DI SALO\\'",
		"indirizzo": "VIA MONTESSORI 4",
		"cap": "25087",
		"comune": "SALO\\'",
		"provincia": "BS"
	}
	,
	{
		"codMec": "bstd02000x",
		"tipo": "IST TEC COMMERCIALE E PER GEOMETRI",
		"nome": "CESARE BATTISTI",
		"indirizzo": "VIA IV NOVEMBRE 11",
		"cap": "25087",
		"comune": "SALO\\'",
		"provincia": "BS"
	}
	,
	{
		"codMec": "bsic84500v",
		"tipo": "ISTITUTO COMPRENSIVO",
		"nome": "I.C. BERTHER S.ZENO-MONTIRONE",
		"indirizzo": "P.ZZA MARCONI 2",
		"cap": "25010",
		"comune": "SAN ZENO NAVIGLIO",
		"provincia": "BS"
	}
	,
	{
		"codMec": "bsis016003",
		"tipo": "ISTITUTO SUPERIORE",
		"nome": "PRIMO LEVI",
		"indirizzo": "VIA DELLE BOMBE  2",
		"cap": "25068",
		"comune": "SAREZZO",
		"provincia": "BS"
	}
	,
	{
		"codMec": "bsic8af00v",
		"tipo": "ISTITUTO COMPRENSIVO",
		"nome": "\"GIORGIO LA PIRA\" - SAREZZO",
		"indirizzo": "VIA        VERDI, 1",
		"cap": "25068",
		"comune": "SAREZZO",
		"provincia": "BS"
	}
	,
	{
		"codMec": "bsic89100l",
		"tipo": "ISTITUTO COMPRENSIVO",
		"nome": "I.C. TORBOLE CASAGLIA",
		"indirizzo": "VIA GARIBALDI 30",
		"cap": "25030",
		"comune": "TORBOLE CASAGLIA",
		"provincia": "BS"
	}
	,
	{
		"codMec": "bsic89200c",
		"tipo": "ISTITUTO COMPRENSIVO",
		"nome": "I.C. TRAVAGLIATO",
		"indirizzo": "VIA IV NOVEMBRE 2",
		"cap": "25039",
		"comune": "TRAVAGLIATO",
		"provincia": "BS"
	}
	,
	{
		"codMec": "bsic860001",
		"tipo": "ISTITUTO COMPRENSIVO",
		"nome": "IC OSCAR DI PRATA TRENZANO",
		"indirizzo": "VIA        DON G. PIETTA       4",
		"cap": "25030",
		"comune": "TRENZANO",
		"provincia": "BS"
	}
	,
	{
		"codMec": "bsic89700g",
		"tipo": "ISTITUTO COMPRENSIVO",
		"nome": "I.C. STATALE DI VEROLANUOVA",
		"indirizzo": "VIA ROVETTA, 19",
		"cap": "25028",
		"comune": "VEROLANUOVA",
		"provincia": "BS"
	}
	,
	{
		"codMec": "bsic8ae003",
		"tipo": "ISTITUTO COMPRENSIVO",
		"nome": "VESTONE",
		"indirizzo": "VIA  MOCENIGO N. 19",
		"cap": "25078",
		"comune": "VESTONE",
		"provincia": "BS"
	}
	,
	{
		"codMec": "bsic82600d",
		"tipo": "ISTITUTO COMPRENSIVO",
		"nome": "I.C. T.OLIVELLI VILLA CARCINA",
		"indirizzo": "VIA ROMA 9/11",
		"cap": "25069",
		"comune": "VILLA CARCINA",
		"provincia": "BS"
	}
	,
	{
		"codMec": "bsic82500n",
		"tipo": "ISTITUTO COMPRENSIVO",
		"nome": "I.C. VOBARNO",
		"indirizzo": "VIA POLI, 15",
		"cap": "25079",
		"comune": "VOBARNO",
		"provincia": "BS"
	}
]