[
	{
		"codMec": "cbic827007",
		"tipo": "ISTITUTO COMPRENSIVO",
		"nome": "BARANELLO \"G. BARONE\"",
		"indirizzo": "VIA VINCENZO NIRO, 34",
		"cap": "86011",
		"comune": "BARANELLO",
		"provincia": "CB"
	}
	,
	{
		"codMec": "cbis007006",
		"tipo": "ISTITUTO SUPERIORE",
		"nome": "ISTITUTO SUPERIORE BOJANO",
		"indirizzo": "VIA  COLONNO",
		"cap": "86021",
		"comune": "BOIANO",
		"provincia": "CB"
	}
	,
	{
		"codMec": "cbic84600l",
		"tipo": "ISTITUTO COMPRENSIVO",
		"nome": "\"F. AMATUZIO-PALLOTTA\"",
		"indirizzo": "CORSO AMATUZIO 33",
		"cap": "86021",
		"comune": "BOIANO",
		"provincia": "CB"
	}
	,
	{
		"codMec": "cbis002003",
		"tipo": "ISTITUTO SUPERIORE",
		"nome": "IST. SUPERIORE \"MARIO PAGANO\"",
		"indirizzo": "VIA G. SCARDOCCHIA",
		"cap": "86100",
		"comune": "CAMPOBASSO",
		"provincia": "CB"
	}
	,
	{
		"codMec": "cbtf01000d",
		"tipo": "ISTITUTO TECNICO INDUSTRIALE",
		"nome": "IST. TEC. PER IL SETTORE TECNOLOGICO",
		"indirizzo": "PIAZZA     S. FRANCESCO 16",
		"cap": "86100",
		"comune": "CAMPOBASSO",
		"provincia": "CB"
	}
	,
	{
		"codMec": "cbps01000b",
		"tipo": "LICEO SCIENTIFICO",
		"nome": "L.SCIENTIFICO \"A. ROMITA\"",
		"indirizzo": "VIA  FACCHINETTI S.N.C.",
		"cap": "86100",
		"comune": "CAMPOBASSO",
		"provincia": "CB"
	}
	,
	{
		"codMec": "cbpm040008",
		"tipo": "ISTITUTO MAGISTRALE",
		"nome": "LICEO STATALE \"G. M.GALANTI\"",
		"indirizzo": "VIA TRIESTE,1",
		"cap": "86100",
		"comune": "CAMPOBASSO",
		"provincia": "CB"
	}
	,
	{
		"codMec": "cbmm205005",
		"tipo": "SCUOLA PRIMO GRADO",
		"nome": "CPIA CAMPOBASSO",
		"indirizzo": "VIA DELLE FRASCHE",
		"cap": "86100",
		"comune": "CAMPOBASSO",
		"provincia": "CB"
	}
	,
	{
		"codMec": "cbis02600g",
		"tipo": "ISTITUTO SUPERIORE",
		"nome": "I.S.I.S. \"PERTINI\"",
		"indirizzo": "VIA PRINCIPE DI PIEMOMTE, 2/C",
		"cap": "86100",
		"comune": "CAMPOBASSO",
		"provincia": "CB"
	}
	,
	{
		"codMec": "cbis02100c",
		"tipo": "ISTITUTO SUPERIORE",
		"nome": "\" L. PILLA\"",
		"indirizzo": "VIA V. VENETO 21",
		"cap": "86100",
		"comune": "CAMPOBASSO",
		"provincia": "CB"
	}
	,
	{
		"codMec": "cbvc01000g",
		"tipo": "CONVITTO ANNESSO",
		"nome": "M. PAGANO",
		"indirizzo": "VIA        MAZZINI             1",
		"cap": "86100",
		"comune": "CAMPOBASSO",
		"provincia": "CB"
	}
	,
	{
		"codMec": "cbic850008",
		"tipo": "ISTITUTO COMPRENSIVO",
		"nome": "\"MONTINI\"",
		"indirizzo": "VIA SCARANO,9",
		"cap": "86100",
		"comune": "CAMPOBASSO",
		"provincia": "CB"
	}
	,
	{
		"codMec": "cbic849004",
		"tipo": "ISTITUTO COMPRENSIVO",
		"nome": "\"D\\'OVIDIO\"",
		"indirizzo": "VIA ROMA 41",
		"cap": "86100",
		"comune": "CAMPOBASSO",
		"provincia": "CB"
	}
	,
	{
		"codMec": "cbic848008",
		"tipo": "ISTITUTO COMPRENSIVO",
		"nome": "\"PETRONE\"",
		"indirizzo": "VIA ALFIERI, 80",
		"cap": "86100",
		"comune": "CAMPOBASSO",
		"provincia": "CB"
	}
	,
	{
		"codMec": "cbic84700c",
		"tipo": "ISTITUTO COMPRENSIVO",
		"nome": "\"COLOZZA\"",
		"indirizzo": "VIA CRISPI 82",
		"cap": "86100",
		"comune": "CAMPOBASSO",
		"provincia": "CB"
	}
	,
	{
		"codMec": "cbps08000n",
		"tipo": "LICEO SCIENTIFICO",
		"nome": "IST. OMNICOMPR. - S. CROCE DI M.",
		"indirizzo": "VIA  CUPELLO, 2",
		"cap": "86047",
		"comune": "SANTA CROCE DI MAGLIANO",
		"provincia": "CB"
	}
	,
	{
		"codMec": "cbrh010005",
		"tipo": "IST PROF  ALBERGHIERO",
		"nome": "I.P.S.E.O.A.-I.P.S.A.R. \"F. DI SVEVIA\"",
		"indirizzo": "VIA FOCE DELL\\'ANGELO",
		"cap": "86039",
		"comune": "TERMOLI",
		"provincia": "CB"
	}
	,
	{
		"codMec": "cbmm19600g",
		"tipo": "SCUOLA PRIMO GRADO",
		"nome": "\"O. BERNACCHIA-M. BRIGIDA\"",
		"indirizzo": "PIAZZA GARIBALDI  N.1",
		"cap": "86039",
		"comune": "TERMOLI",
		"provincia": "CB"
	}
	,
	{
		"codMec": "cbis022008",
		"tipo": "ISTITUTO SUPERIORE",
		"nome": "\"ALFANO DA TERMOLI\"",
		"indirizzo": "V.LE       TRIESTE                          N.10",
		"cap": "86039",
		"comune": "TERMOLI",
		"provincia": "CB"
	}
	,
	{
		"codMec": "cbee122003",
		"tipo": "CIRCOLO DIDATTICO",
		"nome": "3 CIRCOLO DIDATTICO G. PAOLO II",
		"indirizzo": "VIA STATI UNITI D\\'AMERICA",
		"cap": "86039",
		"comune": "TERMOLI",
		"provincia": "CB"
	}
	,
	{
		"codMec": "cbee12000b",
		"tipo": "CIRCOLO DIDATTICO",
		"nome": "TERMOLI \"PRIMO CIRCOLO\"",
		"indirizzo": "PIAZZA VITTORIO VENETO",
		"cap": "86039",
		"comune": "TERMOLI",
		"provincia": "CB"
	}
	,
	{
		"codMec": "cbis01800l",
		"tipo": "ISTITUTO SUPERIORE",
		"nome": "\"G.BOCCARDI\"",
		"indirizzo": "VIA  DE GASPERI, 30",
		"cap": "86039",
		"comune": "TERMOLI",
		"provincia": "CB"
	}
	,
	{
		"codMec": "cbee121007",
		"tipo": "CIRCOLO DIDATTICO",
		"nome": "DIREZIONE DID\"SECONDO CIRCOLO\"",
		"indirizzo": "VIA MARATONA SNC",
		"cap": "86039",
		"comune": "TERMOLI",
		"provincia": "CB"
	}
	,
	{
		"codMec": "cbis023004",
		"tipo": "ISTITUTO SUPERIORE",
		"nome": "\"E. MAJORANA\"",
		"indirizzo": "VIA PALERMO N. 3",
		"cap": "86039",
		"comune": "TERMOLI",
		"provincia": "CB"
	}
	,
	{
		"codMec": "cbpm070004",
		"tipo": "ISTITUTO MAGISTRALE",
		"nome": "IST. OMNICOMPRENSIVO \"SCARANO\"",
		"indirizzo": "VIA ACQUASANTIANNI",
		"cap": "86029",
		"comune": "TRIVENTO",
		"provincia": "CB"
	}
	,
	{
		"codMec": "cbic828003",
		"tipo": "ISTITUTO COMPRENSIVO",
		"nome": "ISTITUTO COMPRENSIVO \"MATESE\"",
		"indirizzo": "C.SO UMBERTO I, 55",
		"cap": "86019",
		"comune": "VINCHIATURO",
		"provincia": "CB"
	}
	,
	{
		"codMec": "cbic82300x",
		"tipo": "ISTITUTO COMPRENSIVO",
		"nome": "I.C. CAMPOBASSO JOVINE F.",
		"indirizzo": "VIA FRIULI VENEZIA GIULIA S.N.",
		"cap": "86100",
		"comune": "CAMPOBASSO",
		"provincia": "CB"
	}
	,
	{
		"codMec": "cbic82500g",
		"tipo": "ISTITUTO COMPRENSIVO",
		"nome": "I.C. CAMPODIPIETRA M.T.CALCUTTA",
		"indirizzo": "PIAZZA DELLA RIMEMBRANZA",
		"cap": "86010",
		"comune": "CAMPODIPIETRA",
		"provincia": "CB"
	}
	,
	{
		"codMec": "cbic81800c",
		"tipo": "ISTITUTO COMPRENSIVO",
		"nome": "I.C.  CAMPOMARINO",
		"indirizzo": "VIA V. CUOCO S.N.C.",
		"cap": "86042",
		"comune": "CAMPOMARINO",
		"provincia": "CB"
	}
	,
	{
		"codMec": "cbis00300v",
		"tipo": "ISTITUTO SUPERIORE",
		"nome": "ISTITUTO OMNICOMPRENSIVO STATALE",
		"indirizzo": "VIA  A. DE GASPERI , 22",
		"cap": "86043",
		"comune": "CASACALENDA",
		"provincia": "CB"
	}
	,
	{
		"codMec": "cbic807002",
		"tipo": "ISTITUTO COMPRENSIVO",
		"nome": "CASTELMAURO \"PEPE\"",
		"indirizzo": "VIA       PASUBIO             1",
		"cap": "86031",
		"comune": "CASTELMAURO",
		"provincia": "CB"
	}
	,
	{
		"codMec": "cbic83200p",
		"tipo": "ISTITUTO COMPRENSIVO",
		"nome": "I.C. CERCEMAGGIORE - A. MANZONI",
		"indirizzo": "VIA  FONTE PELUZZO",
		"cap": "86012",
		"comune": "CERCEMAGGIORE",
		"provincia": "CB"
	}
	,
	{
		"codMec": "cbpm01000c",
		"tipo": "ISTITUTO MAGISTRALE",
		"nome": "IST. OMNICOMPRENSIVO - GUGLIONESI",
		"indirizzo": "VIA C. COLOMBO, 6",
		"cap": "86034",
		"comune": "GUGLIONESI",
		"provincia": "CB"
	}
	,
	{
		"codMec": "cbic836002",
		"tipo": "ISTITUTO COMPRENSIVO",
		"nome": "I.C. LARINO \"MAGLIANO\"",
		"indirizzo": "VIA MORRONE 1",
		"cap": "86035",
		"comune": "LARINO",
		"provincia": "CB"
	}
	,
	{
		"codMec": "cbis02400x",
		"tipo": "ISTITUTO SUPERIORE",
		"nome": "ISTITUTO SUPERIORE LARINO",
		"indirizzo": "VIA   MAGLIANO",
		"cap": "86035",
		"comune": "LARINO",
		"provincia": "CB"
	}
	,
	{
		"codMec": "cbri070008",
		"tipo": "IST PROF INDUSTRIA E ARTIGIANATO",
		"nome": "IST. OMNICOMPRENSIVO",
		"indirizzo": "VIA VITTORIO ARGENTIERI N. 80",
		"cap": "86036",
		"comune": "MONTENERO DI BISACCIA",
		"provincia": "CB"
	}
	,
	{
		"codMec": "cbic83300e",
		"tipo": "ISTITUTO COMPRENSIVO",
		"nome": "ISTITUTO COMPRENSIVO \"V. CUOCO\"",
		"indirizzo": "VIA TREMITI, 1",
		"cap": "86038",
		"comune": "PETACCIATO",
		"provincia": "CB"
	}
	,
	{
		"codMec": "cbra030006",
		"tipo": "IST  PROF  PER L\\'AGRICOLTURA",
		"nome": "IST OMNICOMPRENSIVO RICCIA",
		"indirizzo": "PIAZZA UMBERTO I",
		"cap": "86016",
		"comune": "RICCIA",
		"provincia": "CB"
	}
	,
	{
		"codMec": "cbic830003",
		"tipo": "ISTITUTO COMPRENSIVO",
		"nome": "I.C. RIPALIMOSANI \"ALIGHIERI\"",
		"indirizzo": "VIALE      MARCONI             19",
		"cap": "86025",
		"comune": "RIPALIMOSANI",
		"provincia": "CB"
	}
	,
	{
		"codMec": "cbic82000c",
		"tipo": "ISTITUTO COMPRENSIVO",
		"nome": "S.C.  SAN MARTINO IN PENSILIS",
		"indirizzo": "VIA F.LLI FUSCO N 2",
		"cap": "86046",
		"comune": "SAN MARTINO IN PENSILIS",
		"provincia": "CB"
	}
	,
	{
		"codMec": "cbic83400a",
		"tipo": "ISTITUTO COMPRENSIVO",
		"nome": "SANT\\'ELIA A PIANISI",
		"indirizzo": "CORSO      UMBERTO             127",
		"cap": "86048",
		"comune": "SANT\\'ELIA A PIANISI",
		"provincia": "CB"
	}
]