[
	{
		"codMec": "ceic892006",
		"tipo": "ISTITUTO COMPRENSIVO",
		"nome": "VANVITELLI CASERTA",
		"indirizzo": "PIAZZA UNGARETTI N.1",
		"cap": "81100",
		"comune": "CASERTA",
		"provincia": "CE"
	}
	,
	{
		"codMec": "ceic8a000n",
		"tipo": "ISTITUTO COMPRENSIVO",
		"nome": "RUGGIERO-3^ CIRCOLO CASERTA",
		"indirizzo": "VIA MONTALE, 36",
		"cap": "81100",
		"comune": "CASERTA",
		"provincia": "CE"
	}
	,
	{
		"codMec": "ceic8ac005",
		"tipo": "ISTITUTO COMPRENSIVO",
		"nome": "P. GIANNONE CASERTA",
		"indirizzo": "CORSO      GIANNONE,98",
		"cap": "81100",
		"comune": "CASERTA",
		"provincia": "CE"
	}
	,
	{
		"codMec": "ceic8af00l",
		"tipo": "ISTITUTO COMPRENSIVO",
		"nome": "DE AMICIS - DA VINCI CASERTA",
		"indirizzo": "CORSO GIANNONE 5",
		"cap": "81100",
		"comune": "CASERTA",
		"provincia": "CE"
	}
	,
	{
		"codMec": "ceis022004",
		"tipo": "ISTITUTO SUPERIORE",
		"nome": "\"E.MATTEI\"",
		"indirizzo": "VIA   L. SETTEMBRINI 12",
		"cap": "81100",
		"comune": "CASERTA",
		"provincia": "CE"
	}
	,
	{
		"codMec": "ceis03200p",
		"tipo": "ISTITUTO SUPERIORE",
		"nome": "I.S.I.S. \"FERRARIS\"",
		"indirizzo": "VIA PETRARCA, 73",
		"cap": "81100",
		"comune": "CASERTA",
		"provincia": "CE"
	}
	,
	{
		"codMec": "ceis03800n",
		"tipo": "ISTITUTO SUPERIORE",
		"nome": "TERRA DI LAVORO",
		"indirizzo": "VIA        CECCANO N.2",
		"cap": "81100",
		"comune": "CASERTA",
		"provincia": "CE"
	}
	,
	{
		"codMec": "ceis042009",
		"tipo": "ISTITUTO SUPERIORE",
		"nome": "LICEO ARTISTICO STATALE \"S.LEUCIO\"",
		"indirizzo": "VIA PASQUALE TENGA 116",
		"cap": "81020",
		"comune": "CASERTA",
		"provincia": "CE"
	}
	,
	{
		"codMec": "cemm00200q",
		"tipo": "SCUOLA PRIMO GRADO",
		"nome": "DANTE ALIGHIERI",
		"indirizzo": "VIALE MEDAGLIE D ORO,27",
		"cap": "81100",
		"comune": "CASERTA",
		"provincia": "CE"
	}
	,
	{
		"codMec": "cemm18000t",
		"tipo": "SCUOLA PRIMO GRADO",
		"nome": "CPIA",
		"indirizzo": "CORSO TRIESTE, 133",
		"cap": "81100",
		"comune": "CASERTA",
		"provincia": "CE"
	}
	,
	{
		"codMec": "cepc110001",
		"tipo": "LICEO CLASSICO",
		"nome": "LICEO CLASSICO GIANNONE",
		"indirizzo": "CORSO GIANNONE 96",
		"cap": "81100",
		"comune": "CASERTA",
		"provincia": "CE"
	}
	,
	{
		"codMec": "cepm010008",
		"tipo": "ISTITUTO MAGISTRALE",
		"nome": "LICEO \"A. MANZONI\".",
		"indirizzo": "VIA  A. DE GASPERI",
		"cap": "81100",
		"comune": "CASERTA",
		"provincia": "CE"
	}
	,
	{
		"codMec": "ceps010007",
		"tipo": "LICEO SCIENTIFICO",
		"nome": "\"A. DIAZ\"",
		"indirizzo": "VIA  FERRARA",
		"cap": "81100",
		"comune": "CASERTA",
		"provincia": "CE"
	}
	,
	{
		"codMec": "cetf02000x",
		"tipo": "ISTITUTO TECNICO INDUSTRIALE",
		"nome": "FRANCESCO GIORDANI",
		"indirizzo": "VIA        LAVIANO",
		"cap": "81100",
		"comune": "CASERTA",
		"provincia": "CE"
	}
	,
	{
		"codMec": "cetl06000e",
		"tipo": "ISTITUTO TECNICO PER GEOMETRI",
		"nome": "ITS \" BUONARROTI\" CASERTA",
		"indirizzo": "VIALE      MICHELANGELO, 1",
		"cap": "81100",
		"comune": "CASERTA",
		"provincia": "CE"
	}
	,
	{
		"codMec": "ceps110004",
		"tipo": "LICEO SCIENTIFICO",
		"nome": "LICEO SCIEN\"GAROFANO\"CON SEZ.CLASSICA A.",
		"indirizzo": "VIA NAPOLI PIAZZA D\\'ARMI",
		"cap": "81043",
		"comune": "CAPUA",
		"provincia": "CE"
	}
	,
	{
		"codMec": "cetd130005",
		"tipo": "IST TEC COMMERCIALE E PER GEOMETRI",
		"nome": "FEDERICO II",
		"indirizzo": "VIA APPIA, SNC",
		"cap": "81043",
		"comune": "CAPUA",
		"provincia": "CE"
	}
	,
	{
		"codMec": "cepm03000d",
		"tipo": "ISTITUTO MAGISTRALE",
		"nome": "SALVATORE PIZZI",
		"indirizzo": "PIAZZA     UMBERTO 1",
		"cap": "81043",
		"comune": "CAPUA",
		"provincia": "CE"
	}
	,
	{
		"codMec": "ceic86500t",
		"tipo": "ISTITUTO COMPRENSIVO",
		"nome": "CARINARO",
		"indirizzo": "VIA  MANZONI, 28",
		"cap": "81032",
		"comune": "CARINARO",
		"provincia": "CE"
	}
	,
	{
		"codMec": "ceic88700p",
		"tipo": "ISTITUTO COMPRENSIVO",
		"nome": "CARINOLA - FALCIANO DEL MASSICO",
		"indirizzo": "CORSO      UMBERTO I          45",
		"cap": "81030",
		"comune": "CARINOLA",
		"provincia": "CE"
	}
	,
	{
		"codMec": "ceic893002",
		"tipo": "ISTITUTO COMPRENSIVO",
		"nome": "MORO - PASCOLI CASAGIOVE",
		"indirizzo": "VIA VENEZIA, 36",
		"cap": "81022",
		"comune": "CASAGIOVE",
		"provincia": "CE"
	}
	,
	{
		"codMec": "cetd12000e",
		"tipo": "IST TEC COMMERCIALE E PER GEOMETRI",
		"nome": "GUIDO CARLI",
		"indirizzo": "VIA S.G. MOSCATI, 1",
		"cap": "81033",
		"comune": "CASAL DI PRINCIPE",
		"provincia": "CE"
	}
	,
	{
		"codMec": "ceic872001",
		"tipo": "ISTITUTO COMPRENSIVO",
		"nome": "ISTITUTO COMPRENSIVO\"DON DIANA\"",
		"indirizzo": "VIA  CAVOUR  N? 20",
		"cap": "81033",
		"comune": "CASAL DI PRINCIPE",
		"provincia": "CE"
	}
	,
	{
		"codMec": "ceic871005",
		"tipo": "ISTITUTO COMPRENSIVO",
		"nome": "CASAL DI PRINC.-SPIR.SANTO-DD.1",
		"indirizzo": "VIA PARROCO GAGLIARDI",
		"cap": "81033",
		"comune": "CASAL DI PRINCIPE",
		"provincia": "CE"
	}
	,
	{
		"codMec": "ceic855007",
		"tipo": "ISTITUTO COMPRENSIVO",
		"nome": "I.A.C. BEETHOVEN -CASALUCE-",
		"indirizzo": "VIA MAIELLO, 1",
		"cap": "81030",
		"comune": "CASALUCE",
		"provincia": "CE"
	}
	,
	{
		"codMec": "ceic89600d",
		"tipo": "ISTITUTO COMPRENSIVO",
		"nome": "IST. COMPRENSIVO DI CASAPESENNA",
		"indirizzo": "CORSO  EUROPA. VII TRAVERSA N? 10",
		"cap": "81030",
		"comune": "CASAPESENNA",
		"provincia": "CE"
	}
	,
	{
		"codMec": "ceic82800v",
		"tipo": "ISTITUTO COMPRENSIVO",
		"nome": "I.A.C.\"STROFFOLINI\" -CASAPULLA-",
		"indirizzo": "VIA        RIMEMBRANZA,33",
		"cap": "81020",
		"comune": "CASAPULLA",
		"provincia": "CE"
	}
	,
	{
		"codMec": "ceee005008",
		"tipo": "CIRCOLO DIDATTICO",
		"nome": "D. D.   CASERTA QUINTO",
		"indirizzo": "VIALE DELLE QUERCE (PARCO ARANCI)",
		"cap": "81100",
		"comune": "CASERTA",
		"provincia": "CE"
	}
	,
	{
		"codMec": "ceee100002",
		"tipo": "CIRCOLO DIDATTICO",
		"nome": "DIREZIONE DIDATTICA \"LORENZINI\"",
		"indirizzo": "VIALE CAPPIELLO",
		"cap": "81100",
		"comune": "CASERTA",
		"provincia": "CE"
	}
	,
	{
		"codMec": "ceic80800n",
		"tipo": "ISTITUTO COMPRENSIVO",
		"nome": "COLLECINI - GIOVANNI XXIII",
		"indirizzo": "VIA GIARDINI REALI",
		"cap": "81020",
		"comune": "CASERTA",
		"provincia": "CE"
	}
	,
	{
		"codMec": "ceis03100v",
		"tipo": "ISTITUTO SUPERIORE",
		"nome": "AVERSA",
		"indirizzo": "VIA PRESIDIO,38",
		"cap": "81031",
		"comune": "AVERSA",
		"provincia": "CE"
	}
	,
	{
		"codMec": "ceis028003",
		"tipo": "ISTITUTO SUPERIORE",
		"nome": "O.CONTI  AVERSA",
		"indirizzo": "VIA        E. DE NICOLA N 6",
		"cap": "81031",
		"comune": "AVERSA",
		"provincia": "CE"
	}
	,
	{
		"codMec": "ceis027007",
		"tipo": "ISTITUTO SUPERIORE",
		"nome": "\"E.MATTEI\"  AVERSA",
		"indirizzo": "VIA GRAMSCI 1",
		"cap": "81031",
		"comune": "AVERSA",
		"provincia": "CE"
	}
	,
	{
		"codMec": "ceic863006",
		"tipo": "ISTITUTO COMPRENSIVO",
		"nome": "I. C. S. DE CURTIS AVERSA",
		"indirizzo": "VIALE KENNEDY,133",
		"cap": "81031",
		"comune": "AVERSA",
		"provincia": "CE"
	}
	,
	{
		"codMec": "ceic86200a",
		"tipo": "ISTITUTO COMPRENSIVO",
		"nome": "I.A.C. G.PARENTE AVERSA",
		"indirizzo": "VIA S. DI GIACOMO",
		"cap": "81031",
		"comune": "AVERSA",
		"provincia": "CE"
	}
	,
	{
		"codMec": "ceic84500l",
		"tipo": "ISTITUTO COMPRENSIVO",
		"nome": "I.A.C.\"D.CIMAROSA\" AVERSA",
		"indirizzo": "VIA PAOLO RIVERSO, 27",
		"cap": "81031",
		"comune": "AVERSA",
		"provincia": "CE"
	}
	,
	{
		"codMec": "ceic82300q",
		"tipo": "ISTITUTO COMPRENSIVO",
		"nome": "I.A.C.\" ALIGHIERI\"  BELLONA",
		"indirizzo": "PIAZZA     D. ALIGHIERI",
		"cap": "81041",
		"comune": "BELLONA",
		"provincia": "CE"
	}
	,
	{
		"codMec": "ceic89500n",
		"tipo": "ISTITUTO COMPRENSIVO",
		"nome": "AULO ATTILIO CAIATINO CAIAZZO",
		"indirizzo": "VIA CADUTI SUL LAVORO 1",
		"cap": "81013",
		"comune": "CAIAZZO",
		"provincia": "CE"
	}
	,
	{
		"codMec": "ceic82200x",
		"tipo": "ISTITUTO COMPRENSIVO",
		"nome": "I. A. C.  CALVI RISORTA",
		"indirizzo": "VIA        ROMA, 6",
		"cap": "81042",
		"comune": "CALVI RISORTA",
		"provincia": "CE"
	}
	,
	{
		"codMec": "ceic818008",
		"tipo": "ISTITUTO COMPRENSIVO",
		"nome": "I.A.C.\"FOSCOLO\"- CANCELLO ED A.",
		"indirizzo": "VIA SETTEMBRINI,40",
		"cap": "81030",
		"comune": "CANCELLO ED ARNONE",
		"provincia": "CE"
	}
	,
	{
		"codMec": "ceic83000v",
		"tipo": "ISTITUTO COMPRENSIVO",
		"nome": "I.A.C.\"GAGLIONE\" -CAPODRISE-",
		"indirizzo": "VIA        DANTE       26",
		"cap": "81020",
		"comune": "CAPODRISE",
		"provincia": "CE"
	}
	,
	{
		"codMec": "ceic85400b",
		"tipo": "ISTITUTO COMPRENSIVO",
		"nome": "I.A.C. CAPRIATI AL VOLTURNO",
		"indirizzo": "VIA S. ROCCO, 18",
		"cap": "81014",
		"comune": "CAPRIATI A VOLTURNO",
		"provincia": "CE"
	}
	,
	{
		"codMec": "ceic8a3005",
		"tipo": "ISTITUTO COMPRENSIVO",
		"nome": "PIER DELLE VIGNE -CAPUA-",
		"indirizzo": "PIAZZA     S. TOMMASO D\\'AQUINO 1",
		"cap": "81043",
		"comune": "CAPUA",
		"provincia": "CE"
	}
	,
	{
		"codMec": "ceic8a2009",
		"tipo": "ISTITUTO COMPRENSIVO",
		"nome": "FIERAMOSCA - MARTUCCI CAPUA",
		"indirizzo": "VIA        PORTA FLUVIALE",
		"cap": "81043",
		"comune": "CAPUA",
		"provincia": "CE"
	}
	,
	{
		"codMec": "cetf05000q",
		"tipo": "ISTITUTO TECNICO INDUSTRIALE",
		"nome": "ISTITUTO TECNICO \"GIULIO CESARE FALCO\"",
		"indirizzo": "VIA GIULIO CESARE FALCO, 1",
		"cap": "81043",
		"comune": "CAPUA",
		"provincia": "CE"
	}
	,
	{
		"codMec": "ceic8au001",
		"tipo": "ISTITUTO COMPRENSIVO",
		"nome": "\"L.SETTEMBRINI\" MADDALONI",
		"indirizzo": "VIA BRECCIAME,46",
		"cap": "81024",
		"comune": "MADDALONI",
		"provincia": "CE"
	}
	,
	{
		"codMec": "ceps090004",
		"tipo": "LICEO SCIENTIFICO",
		"nome": "LICEO SCIENTIFICO N. CORTESE",
		"indirizzo": "VIA STARZA 24",
		"cap": "81024",
		"comune": "MADDALONI",
		"provincia": "CE"
	}
	,
	{
		"codMec": "cepm07000x",
		"tipo": "ISTITUTO MAGISTRALE",
		"nome": "DON GNOCCHI MADDALONI",
		"indirizzo": "VIA CUPA LUNGA, 9",
		"cap": "81024",
		"comune": "MADDALONI",
		"provincia": "CE"
	}
	,
	{
		"codMec": "ceic8av00r",
		"tipo": "ISTITUTO COMPRENSIVO",
		"nome": "ALDO MORO - MADDALONI -",
		"indirizzo": "VIA        VIVIANI N.2",
		"cap": "81024",
		"comune": "MADDALONI",
		"provincia": "CE"
	}
	,
	{
		"codMec": "cevc01000b",
		"tipo": "CONVITTO ANNESSO",
		"nome": "\"G. BRUNO\"",
		"indirizzo": "VIA SAN FRANCESCO D\\'ASSISI N. 119",
		"cap": "81024",
		"comune": "MADDALONI",
		"provincia": "CE"
	}
	,
	{
		"codMec": "ceic8ap00c",
		"tipo": "ISTITUTO COMPRENSIVO",
		"nome": "E. DE NICOLA MADDALONI",
		"indirizzo": "VIA SAN FRANCESCO D\\'ASSISI, 188",
		"cap": "81024",
		"comune": "MADDALONI",
		"provincia": "CE"
	}
	,
	{
		"codMec": "ceic8an00r",
		"tipo": "ISTITUTO COMPRENSIVO",
		"nome": "MADDALONI 1 - VILLAGGIO",
		"indirizzo": "VIA ROMA 14",
		"cap": "81024",
		"comune": "MADDALONI",
		"provincia": "CE"
	}
	,
	{
		"codMec": "ceic8al005",
		"tipo": "ISTITUTO COMPRENSIVO",
		"nome": "MADDALONI 2-VALLE DI MADDALONI",
		"indirizzo": "VIA FEUDO 46",
		"cap": "81024",
		"comune": "MADDALONI",
		"provincia": "CE"
	}
	,
	{
		"codMec": "ceic8as009",
		"tipo": "ISTITUTO COMPRENSIVO",
		"nome": "\"ALDO MORO\" MARCIANISE",
		"indirizzo": "VIA  TAGLIAMENTO  N. 4",
		"cap": "81025",
		"comune": "MARCIANISE",
		"provincia": "CE"
	}
	,
	{
		"codMec": "ceic8at005",
		"tipo": "ISTITUTO COMPRENSIVO",
		"nome": "A. CALCARA -MARCIANISE-",
		"indirizzo": "VIA        G.B. NOVELLI ,36",
		"cap": "81025",
		"comune": "MARCIANISE",
		"provincia": "CE"
	}
	,
	{
		"codMec": "ceis03900d",
		"tipo": "ISTITUTO SUPERIORE",
		"nome": "PADRE SALVATORE LENER",
		"indirizzo": "VIA LEONARDO DA VINCI 1^ TRAVERSA N. 4",
		"cap": "81025",
		"comune": "MARCIANISE",
		"provincia": "CE"
	}
	,
	{
		"codMec": "ceic8aq008",
		"tipo": "ISTITUTO COMPRENSIVO",
		"nome": "DD 1 - CAVOUR MARCIANISE",
		"indirizzo": "VIA MATTARELLA 29",
		"cap": "81025",
		"comune": "MARCIANISE",
		"provincia": "CE"
	}
	,
	{
		"codMec": "ceic8ar004",
		"tipo": "ISTITUTO COMPRENSIVO",
		"nome": "DD 2 - BOSCO MARCIANISE",
		"indirizzo": "PIAZZA DELLA REPUBBLICA",
		"cap": "81025",
		"comune": "MARCIANISE",
		"provincia": "CE"
	}
	,
	{
		"codMec": "ceis021008",
		"tipo": "ISTITUTO SUPERIORE",
		"nome": "ISTITUTO D\\'ARTE  MARCIANISE",
		"indirizzo": "VIA GIULIO FOGLIA 84",
		"cap": "81025",
		"comune": "MARCIANISE",
		"provincia": "CE"
	}
	,
	{
		"codMec": "ceis01100n",
		"tipo": "ISTITUTO SUPERIORE",
		"nome": "I.S.I.S.S. \"G.B. NOVELLI\"",
		"indirizzo": "VIA        G.B. NOVELLI, 1",
		"cap": "81025",
		"comune": "MARCIANISE",
		"provincia": "CE"
	}
	,
	{
		"codMec": "ceps03000c",
		"tipo": "LICEO SCIENTIFICO",
		"nome": "F. QUERCIA MARCIANISE",
		"indirizzo": "VIA        F. GEMMA 54",
		"cap": "81025",
		"comune": "MARCIANISE",
		"provincia": "CE"
	}
	,
	{
		"codMec": "ceic8ax00c",
		"tipo": "ISTITUTO COMPRENSIVO",
		"nome": "MIGNANO M.L. - MARZANO",
		"indirizzo": "CORSO UMBERTO I  N. 208",
		"cap": "81049",
		"comune": "MIGNANO MONTE LUNGO",
		"provincia": "CE"
	}
	,
	{
		"codMec": "ceee04500p",
		"tipo": "CIRCOLO DIDATTICO",
		"nome": "D.D.   MONDRAGONE TERZO",
		"indirizzo": "VIA DUCA DEGLI ABRUZZI 252",
		"cap": "81034",
		"comune": "MONDRAGONE",
		"provincia": "CE"
	}
	,
	{
		"codMec": "ceis04100d",
		"tipo": "ISTITUTO SUPERIORE",
		"nome": "I.S.I.S.S. \" NICOLA STEFANELLI \"",
		"indirizzo": "VIA        ROCCA DEI DRAGONI,  108",
		"cap": "81034",
		"comune": "MONDRAGONE",
		"provincia": "CE"
	}
	,
	{
		"codMec": "cemm14300v",
		"tipo": "SCUOLA PRIMO GRADO",
		"nome": "BUONARROTI - VINCI",
		"indirizzo": "VIA COMO",
		"cap": "81034",
		"comune": "MONDRAGONE",
		"provincia": "CE"
	}
	,
	{
		"codMec": "ceee043003",
		"tipo": "CIRCOLO DIDATTICO",
		"nome": "D. D.   MONDRAGONE PRIMO",
		"indirizzo": "PIAZZALE G. RODARI",
		"cap": "81034",
		"comune": "MONDRAGONE",
		"provincia": "CE"
	}
	,
	{
		"codMec": "ceps07000v",
		"tipo": "LICEO SCIENTIFICO",
		"nome": "LICEO SCI.STAT.\" GALILEI\" MONDRAGONE",
		"indirizzo": "VIA DUCHI CARAFA",
		"cap": "81034",
		"comune": "MONDRAGONE",
		"provincia": "CE"
	}
	,
	{
		"codMec": "ceee04400v",
		"tipo": "CIRCOLO DIDATTICO",
		"nome": "D. D.   MONDRAGONE SECONDO",
		"indirizzo": "VIA AMEDEO",
		"cap": "81034",
		"comune": "MONDRAGONE",
		"provincia": "CE"
	}
	,
	{
		"codMec": "cemm07000a",
		"tipo": "SCUOLA PRIMO GRADO",
		"nome": "M. STANZIONE -ORTA DI ATELLA-",
		"indirizzo": "VIALE PETRARCA,31",
		"cap": "81030",
		"comune": "ORTA DI ATELLA",
		"provincia": "CE"
	}
	,
	{
		"codMec": "ceee04600e",
		"tipo": "CIRCOLO DIDATTICO",
		"nome": "D. D.   ORTA DI ATELLA",
		"indirizzo": "VIA PETRARCA, 14",
		"cap": "81030",
		"comune": "ORTA DI ATELLA",
		"provincia": "CE"
	}
	,
	{
		"codMec": "ceic898005",
		"tipo": "ISTITUTO COMPRENSIVO",
		"nome": "BASILE - DON MILANI PARETE",
		"indirizzo": "VIA FORNO",
		"cap": "81030",
		"comune": "PARETE",
		"provincia": "CE"
	}
	,
	{
		"codMec": "ceps040003",
		"tipo": "LICEO SCIENTIFICO",
		"nome": "LICEO  GALILEO GALILEI PIEDIMONTE MATESE",
		"indirizzo": "VIA    ALDO MORO, 4",
		"cap": "81016",
		"comune": "PIEDIMONTE MATESE",
		"provincia": "CE"
	}
	,
	{
		"codMec": "ceic884007",
		"tipo": "ISTITUTO COMPRENSIVO",
		"nome": "\"G. FALCONE\" PIEDIMONTE MATESE",
		"indirizzo": "LARGO SAN DOMENICO",
		"cap": "81016",
		"comune": "PIEDIMONTE MATESE",
		"provincia": "CE"
	}
	,
	{
		"codMec": "ceis02900v",
		"tipo": "ISTITUTO SUPERIORE",
		"nome": "IST. SUP I.I.T.C.G. \"V. DE FRANCHIS\"",
		"indirizzo": "VIA ALDO MORO N. 6",
		"cap": "81016",
		"comune": "PIEDIMONTE MATESE",
		"provincia": "CE"
	}
	,
	{
		"codMec": "cerh010001",
		"tipo": "IST PROF  ALBERGHIERO",
		"nome": "\"E.V. CAPPELLO\"PIEDIMONTE MATESE",
		"indirizzo": "VIA SALVO D\\'ACQUISTO, 1",
		"cap": "81016",
		"comune": "PIEDIMONTE MATESE",
		"provincia": "CE"
	}
	,
	{
		"codMec": "ceic8aj00d",
		"tipo": "ISTITUTO COMPRENSIVO",
		"nome": "I.C. PIEDIMONTE MAT 2 -CASTELLO",
		"indirizzo": "VIA CARUSO 2",
		"cap": "81016",
		"comune": "PIEDIMONTE MATESE",
		"provincia": "CE"
	}
	,
	{
		"codMec": "ceis00200v",
		"tipo": "ISTITUTO SUPERIORE",
		"nome": "IS PIEDIMONTE MATESE",
		"indirizzo": "VIA GIOVAN GIUSEPPE D\\'AMORE, 24",
		"cap": "81016",
		"comune": "PIEDIMONTE MATESE",
		"provincia": "CE"
	}
	,
	{
		"codMec": "ceic812009",
		"tipo": "ISTITUTO COMPRENSIVO",
		"nome": "I.A.C.\"VENTRIGLIA\"- PIEDIMONTE",
		"indirizzo": "VIA ANGELO SCORCIARINI COPPOLA, 200",
		"cap": "81016",
		"comune": "PIEDIMONTE MATESE",
		"provincia": "CE"
	}
	,
	{
		"codMec": "cemm07300t",
		"tipo": "SCUOLA PRIMO GRADO",
		"nome": "SCUOLA SEC. I GRADO \"G.VITALE\"",
		"indirizzo": "VIA V. CASO, 2",
		"cap": "81016",
		"comune": "PIEDIMONTE MATESE",
		"provincia": "CE"
	}
	,
	{
		"codMec": "ceic8ab009",
		"tipo": "ISTITUTO COMPRENSIVO",
		"nome": "PIETRAMELARA",
		"indirizzo": "VIA MARCONI N.30",
		"cap": "81051",
		"comune": "PIETRAMELARA",
		"provincia": "CE"
	}
	,
	{
		"codMec": "ceic8a4001",
		"tipo": "ISTITUTO COMPRENSIVO",
		"nome": "PIGNATARO MAGGIORE - CAMIGLIANO",
		"indirizzo": "VIA        MED.D\\'ORO IANNOTTA",
		"cap": "81052",
		"comune": "PIGNATARO MAGGIORE",
		"provincia": "CE"
	}
	,
	{
		"codMec": "ceic82900p",
		"tipo": "ISTITUTO COMPRENSIVO",
		"nome": "I.A.C. \"S.G. BOSCO\"- PORTICO",
		"indirizzo": "VIA        TRENTO,36",
		"cap": "81050",
		"comune": "PORTICO DI CASERTA",
		"provincia": "CE"
	}
	,
	{
		"codMec": "ceic85900e",
		"tipo": "ISTITUTO COMPRENSIVO",
		"nome": "I.A.C. GIOVANNI XXIII RECALE",
		"indirizzo": "VIALE      EUROPA              3",
		"cap": "81020",
		"comune": "RECALE",
		"provincia": "CE"
	}
	,
	{
		"codMec": "ceic856003",
		"tipo": "ISTITUTO COMPRENSIVO",
		"nome": "I.A.C. FIERAMOSCA ROCCA D\\'EVAND",
		"indirizzo": "VIALE DELLA LIBERTA\\', 19",
		"cap": "81040",
		"comune": "ROCCA D\\'EVANDRO",
		"provincia": "CE"
	}
	,
	{
		"codMec": "ceic88800e",
		"tipo": "ISTITUTO COMPRENSIVO",
		"nome": "ROCCAMONFINA - GALLUCCIO",
		"indirizzo": "VIA S. LUCIA",
		"cap": "81035",
		"comune": "ROCCAMONFINA",
		"provincia": "CE"
	}
	,
	{
		"codMec": "ceps130009",
		"tipo": "LICEO SCIENTIFICO",
		"nome": "LICEO SCIENTIFICO STATALE",
		"indirizzo": "VIA ACQUARO, S.N.C.",
		"cap": "81036",
		"comune": "SAN CIPRIANO D\\'AVERSA",
		"provincia": "CE"
	}
	,
	{
		"codMec": "ceic899001",
		"tipo": "ISTITUTO COMPRENSIVO",
		"nome": "STATALE \" MATTIA DE MARE \"",
		"indirizzo": "VIA SCHIPA N. 14",
		"cap": "81036",
		"comune": "SAN CIPRIANO D\\'AVERSA",
		"provincia": "CE"
	}
	,
	{
		"codMec": "ceic869005",
		"tipo": "ISTITUTO COMPRENSIVO",
		"nome": "ISTITUTO COMPRENSIVO F. GESUE\\'",
		"indirizzo": "VIA ROMA N. 423",
		"cap": "81027",
		"comune": "SAN FELICE A CANCELLO",
		"provincia": "CE"
	}
	,
	{
		"codMec": "ceic870009",
		"tipo": "ISTITUTO COMPRENSIVO",
		"nome": "ISTITUTO COMPRENSIVO ALDO MORO",
		"indirizzo": "VIA XXI GIUGNO-CANCELLO SCALO",
		"cap": "81027",
		"comune": "SAN FELICE A CANCELLO",
		"provincia": "CE"
	}
	,
	{
		"codMec": "ceic87400l",
		"tipo": "ISTITUTO COMPRENSIVO",
		"nome": "I.C. DI SAN MARCELLINO",
		"indirizzo": "CORSO ITALIA,234",
		"cap": "81030",
		"comune": "SAN MARCELLINO",
		"provincia": "CE"
	}
	,
	{
		"codMec": "ceic86600n",
		"tipo": "ISTITUTO COMPRENSIVO",
		"nome": "AILANO",
		"indirizzo": "VIA MERLIN SCOTT N.3",
		"cap": "81017",
		"comune": "AILANO",
		"provincia": "CE"
	}
	,
	{
		"codMec": "ceic81500r",
		"tipo": "ISTITUTO COMPRENSIVO",
		"nome": "I. A. C.    ALIFE",
		"indirizzo": "VIA      A.  GRAMSCI",
		"cap": "81011",
		"comune": "ALIFE",
		"provincia": "CE"
	}
	,
	{
		"codMec": "ceic868009",
		"tipo": "ISTITUTO COMPRENSIVO",
		"nome": "I.A.C. ALVIGNANO",
		"indirizzo": "VIA NUZZOLILLO",
		"cap": "81012",
		"comune": "ALVIGNANO",
		"provincia": "CE"
	}
	,
	{
		"codMec": "ceic848004",
		"tipo": "ISTITUTO COMPRENSIVO",
		"nome": "I.A.C. \"GALILEI\" -ARIENZO-",
		"indirizzo": "VIA        CAPPELLA            2",
		"cap": "81021",
		"comune": "ARIENZO",
		"provincia": "CE"
	}
	,
	{
		"codMec": "ceee01100g",
		"tipo": "CIRCOLO DIDATTICO",
		"nome": "D. D.   AVERSA SECONDO",
		"indirizzo": "VIA M. DE CHIARA ,16",
		"cap": "81031",
		"comune": "AVERSA",
		"provincia": "CE"
	}
	,
	{
		"codMec": "ceee01200b",
		"tipo": "CIRCOLO DIDATTICO",
		"nome": "D. D.   AVERSA TERZO",
		"indirizzo": "VIA CANDUGLIA, 1",
		"cap": "81031",
		"comune": "AVERSA",
		"provincia": "CE"
	}
	,
	{
		"codMec": "cetd21000r",
		"tipo": "IST TEC COMMERCIALE E PER GEOMETRI",
		"nome": "I.T.S.-SETTORE EC. E TEC. \"C. ANDREOZZI\"",
		"indirizzo": "VIALE EUROPA 269",
		"cap": "81031",
		"comune": "AVERSA",
		"provincia": "CE"
	}
	,
	{
		"codMec": "cetd010003",
		"tipo": "IST TEC COMMERCIALE E PER GEOMETRI",
		"nome": "A. GALLO",
		"indirizzo": "VIA        DELL\\'ARCHEOLOGIA N.91",
		"cap": "81031",
		"comune": "AVERSA",
		"provincia": "CE"
	}
	,
	{
		"codMec": "cerh030006",
		"tipo": "IST PROF  ALBERGHIERO",
		"nome": "RAINULFO DRENGOT",
		"indirizzo": "VIA NOBEL, 1",
		"cap": "81031",
		"comune": "AVERSA",
		"provincia": "CE"
	}
	,
	{
		"codMec": "ceps14000x",
		"tipo": "LICEO SCIENTIFICO",
		"nome": "GIANCARLO SIANI",
		"indirizzo": "VIALE  EUROPA,  269",
		"cap": "81031",
		"comune": "AVERSA",
		"provincia": "CE"
	}
	,
	{
		"codMec": "ceps02000t",
		"tipo": "LICEO SCIENTIFICO",
		"nome": "LS ENRICO FERMI AVERSA",
		"indirizzo": "VIA        FERMI",
		"cap": "81031",
		"comune": "AVERSA",
		"provincia": "CE"
	}
	,
	{
		"codMec": "cepm02000v",
		"tipo": "ISTITUTO MAGISTRALE",
		"nome": "LICEO STATALE \"NICCOLO\\' JOMMELLI\"",
		"indirizzo": "VIA  OVIDIO N.15- VIA COSTANTINOPOLI",
		"cap": "81031",
		"comune": "AVERSA",
		"provincia": "CE"
	}
	,
	{
		"codMec": "cepc02000p",
		"tipo": "LICEO CLASSICO",
		"nome": "DOMENICO CIRILLO",
		"indirizzo": "VIA        ETTORE CORCIONI 88",
		"cap": "81031",
		"comune": "AVERSA",
		"provincia": "CE"
	}
	,
	{
		"codMec": "cemm01700d",
		"tipo": "SCUOLA PRIMO GRADO",
		"nome": "G.PASCOLI-AVERSA-",
		"indirizzo": "VIA OVIDIO    25",
		"cap": "81031",
		"comune": "AVERSA",
		"provincia": "CE"
	}
	,
	{
		"codMec": "ceis03700t",
		"tipo": "ISTITUTO SUPERIORE",
		"nome": "ALESSANDRO VOLTA AVERSA",
		"indirizzo": "VIA DELL\\' ARCHEOLOGIA",
		"cap": "81031",
		"comune": "AVERSA",
		"provincia": "CE"
	}
	,
	{
		"codMec": "ceic87900q",
		"tipo": "ISTITUTO COMPRENSIVO",
		"nome": "CASTEL VOLTURNO -VILL. COPPOLA-",
		"indirizzo": "VIALE DELLE ACACIE 12",
		"cap": "81030",
		"comune": "CASTEL VOLTURNO",
		"provincia": "CE"
	}
	,
	{
		"codMec": "ceic88000x",
		"tipo": "ISTITUTO COMPRENSIVO",
		"nome": "CASTEL VOLTURNO CENTRO",
		"indirizzo": "VIA OCCIDENTALE 6",
		"cap": "81030",
		"comune": "CASTEL VOLTURNO",
		"provincia": "CE"
	}
	,
	{
		"codMec": "ceis014005",
		"tipo": "ISTITUTO SUPERIORE",
		"nome": "ISIS   CASTELVOLTURNO",
		"indirizzo": "VIA MAZZINI,25",
		"cap": "81030",
		"comune": "CASTEL VOLTURNO",
		"provincia": "CE"
	}
	,
	{
		"codMec": "ceic87800x",
		"tipo": "ISTITUTO COMPRENSIVO",
		"nome": "G.GARIBALDI - CASTEL VOLTURNO -",
		"indirizzo": "VIA SAN ROCCO 28, 30",
		"cap": "81030",
		"comune": "CASTEL VOLTURNO",
		"provincia": "CE"
	}
	,
	{
		"codMec": "ceic8ak009",
		"tipo": "ISTITUTO COMPRENSIVO",
		"nome": "I.C. SERAO-FERMI  CELLOLE",
		"indirizzo": "VIA UMBERTO I SNC",
		"cap": "81030",
		"comune": "CELLOLE",
		"provincia": "CE"
	}
	,
	{
		"codMec": "ceic834006",
		"tipo": "ISTITUTO COMPRENSIVO",
		"nome": "I.A.C. \"FERMI\" CERVINO",
		"indirizzo": "VIA        CERVINO",
		"cap": "81023",
		"comune": "CERVINO",
		"provincia": "CE"
	}
	,
	{
		"codMec": "ceic864002",
		"tipo": "ISTITUTO COMPRENSIVO",
		"nome": "CESA-CAPOLUOGO    -CESA-",
		"indirizzo": "VIA CAMPOSTRINO",
		"cap": "81030",
		"comune": "CESA",
		"provincia": "CE"
	}
	,
	{
		"codMec": "ceic8aw00l",
		"tipo": "ISTITUTO COMPRENSIVO",
		"nome": "I.C. FORMICOLA - PONTELATONE",
		"indirizzo": "VIA CANTIELLO",
		"cap": "81040",
		"comune": "FORMICOLA",
		"provincia": "CE"
	}
	,
	{
		"codMec": "ceic819004",
		"tipo": "ISTITUTO COMPRENSIVO",
		"nome": "I.A.C.   FRANCOLISE",
		"indirizzo": "VIA ROMA 110",
		"cap": "81050",
		"comune": "FRANCOLISE",
		"provincia": "CE"
	}
	,
	{
		"codMec": "ceic84900x",
		"tipo": "ISTITUTO COMPRENSIVO",
		"nome": "I.C. \"LUCA TOZZI\" FRIGNANO",
		"indirizzo": "VIA IV NOVEMBRE,38",
		"cap": "81030",
		"comune": "FRIGNANO",
		"provincia": "CE"
	}
	,
	{
		"codMec": "ceic813005",
		"tipo": "ISTITUTO COMPRENSIVO",
		"nome": "I.A.C.  GIOIA SANNITICA",
		"indirizzo": "VIA        VICINATO            39",
		"cap": "81010",
		"comune": "GIOIA SANNITICA",
		"provincia": "CE"
	}
	,
	{
		"codMec": "ceic8am001",
		"tipo": "ISTITUTO COMPRENSIVO",
		"nome": "I.C. GRAZZANISE",
		"indirizzo": "VIA MONTEVERGINE, 58",
		"cap": "81046",
		"comune": "GRAZZANISE",
		"provincia": "CE"
	}
	,
	{
		"codMec": "ceic8ah008",
		"tipo": "ISTITUTO COMPRENSIVO",
		"nome": "\"F. SANTAGATA\" GRICIGNANO",
		"indirizzo": "VIA FERMI",
		"cap": "81030",
		"comune": "GRICIGNANO DI AVERSA",
		"provincia": "CE"
	}
	,
	{
		"codMec": "ceic897009",
		"tipo": "ISTITUTO COMPRENSIVO",
		"nome": "LUSCIANO",
		"indirizzo": "VIA RESISTENZA",
		"cap": "81030",
		"comune": "LUSCIANO",
		"provincia": "CE"
	}
	,
	{
		"codMec": "ceic88300b",
		"tipo": "ISTITUTO COMPRENSIVO",
		"nome": "MACERATA CAMPANIA",
		"indirizzo": "VIA ROMA, 11",
		"cap": "81047",
		"comune": "MACERATA CAMPANIA",
		"provincia": "CE"
	}
	,
	{
		"codMec": "ceps060008",
		"tipo": "LICEO SCIENTIFICO",
		"nome": "\"LEONARDO DA VINCI\"",
		"indirizzo": "VIA ROMA, 66",
		"cap": "81059",
		"comune": "VAIRANO PATENORA",
		"provincia": "CE"
	}
	,
	{
		"codMec": "ceic84000d",
		"tipo": "ISTITUTO COMPRENSIVO",
		"nome": "I.A.C.CALDERISI VILLA DI BRIANO",
		"indirizzo": "VIA.T.TASSO",
		"cap": "81030",
		"comune": "VILLA DI BRIANO",
		"provincia": "CE"
	}
	,
	{
		"codMec": "ceee07500e",
		"tipo": "CIRCOLO DIDATTICO",
		"nome": "D. D.  \"MILANI\" - VILLA LITERNO",
		"indirizzo": "VIA GALLINELLE, N. 58",
		"cap": "81039",
		"comune": "VILLA LITERNO",
		"provincia": "CE"
	}
	,
	{
		"codMec": "ceic843001",
		"tipo": "ISTITUTO COMPRENSIVO",
		"nome": "I.C.  \"L. DA VINCI\"  VILLA LIT.",
		"indirizzo": "VIA CARDUCCI, 1",
		"cap": "81039",
		"comune": "VILLA LITERNO",
		"provincia": "CE"
	}
	,
	{
		"codMec": "ceic82500b",
		"tipo": "ISTITUTO COMPRENSIVO",
		"nome": "I.A.C. \"CROCE\" - VITULAZIO",
		"indirizzo": "VIALE      DANTE               17",
		"cap": "81041",
		"comune": "VITULAZIO",
		"provincia": "CE"
	}
	,
	{
		"codMec": "ceic806002",
		"tipo": "ISTITUTO COMPRENSIVO",
		"nome": "I.A.C.\"R.VIVIANI\"-S.MARCO EV.",
		"indirizzo": "VIA LEONARDO DA VINCI 4",
		"cap": "81020",
		"comune": "SAN MARCO EVANGELISTA",
		"provincia": "CE"
	}
	,
	{
		"codMec": "ceic86700d",
		"tipo": "ISTITUTO COMPRENSIVO",
		"nome": "S.NICOLA LA STRADA-CAPOL.-D.D.-",
		"indirizzo": "VIALE ITALIA",
		"cap": "81020",
		"comune": "SAN NICOLA LA STRADA",
		"provincia": "CE"
	}
	,
	{
		"codMec": "ceic88600v",
		"tipo": "ISTITUTO COMPRENSIVO",
		"nome": "S.NICOLA LA ST.  DE FILIPPO-DD2",
		"indirizzo": "VIA UNGARETTI 2",
		"cap": "81020",
		"comune": "SAN NICOLA LA STRADA",
		"provincia": "CE"
	}
	,
	{
		"codMec": "ceic8ag00c",
		"tipo": "ISTITUTO COMPRENSIVO",
		"nome": "ISTITUTO COMPRENSIVO S.PRISCO",
		"indirizzo": "VIALE TRIESTE N. 1",
		"cap": "81054",
		"comune": "SAN PRISCO",
		"provincia": "CE"
	}
	,
	{
		"codMec": "ceic89400t",
		"tipo": "ISTITUTO COMPRENSIVO",
		"nome": "ROCCO-CINQUEGRANA S.ARPINO",
		"indirizzo": "VIA DON MAZZOLARI 28",
		"cap": "81030",
		"comune": "SANT\\'ARPINO",
		"provincia": "CE"
	}
	,
	{
		"codMec": "ceic8ad001",
		"tipo": "ISTITUTO COMPRENSIVO",
		"nome": "GIOVANNI XXIII S.MARIA A VICO",
		"indirizzo": "PIAZZA ROMA",
		"cap": "81028",
		"comune": "SANTA MARIA A VICO",
		"provincia": "CE"
	}
	,
	{
		"codMec": "ceis02300x",
		"tipo": "ISTITUTO SUPERIORE",
		"nome": "ISTITUTO ISTRUZIONE SUPERIORE E.MAJORANA",
		"indirizzo": "VIA CAUDIO",
		"cap": "81028",
		"comune": "SANTA MARIA A VICO",
		"provincia": "CE"
	}
	,
	{
		"codMec": "ceic8a500r",
		"tipo": "ISTITUTO COMPRENSIVO",
		"nome": "C. GALLOZZI - MAMELI",
		"indirizzo": "VIALE J.F.KENNEDY, 39",
		"cap": "81055",
		"comune": "SANTA MARIA CAPUA VETERE",
		"provincia": "CE"
	}
	,
	{
		"codMec": "ceic877004",
		"tipo": "ISTITUTO COMPRENSIVO",
		"nome": "PRINCIPE PIEMONTE S.MARIA C.V.",
		"indirizzo": "C/SO GARIBALDI",
		"cap": "81055",
		"comune": "SANTA MARIA CAPUA VETERE",
		"provincia": "CE"
	}
	,
	{
		"codMec": "ceic876008",
		"tipo": "ISTITUTO COMPRENSIVO",
		"nome": "I.C. 2 \"RITA LEVI-MONTALCINI\"",
		"indirizzo": "VIA AVEZZANA       SNC",
		"cap": "81055",
		"comune": "SANTA MARIA CAPUA VETERE",
		"provincia": "CE"
	}
	,
	{
		"codMec": "ceic83800d",
		"tipo": "ISTITUTO COMPRENSIVO",
		"nome": "I.A.C.\"MAZZOCCHI\"- S.MARIA C.V.",
		"indirizzo": "VIA AVEZZANA EX EGAM",
		"cap": "81055",
		"comune": "SANTA MARIA CAPUA VETERE",
		"provincia": "CE"
	}
	,
	{
		"codMec": "ceic83700n",
		"tipo": "ISTITUTO COMPRENSIVO",
		"nome": "I.A.C.\"UCCELLA\"- S.MARIA C.V.",
		"indirizzo": "VIA        LUSSEMBURGO    1",
		"cap": "81055",
		"comune": "SANTA MARIA CAPUA VETERE",
		"provincia": "CE"
	}
	,
	{
		"codMec": "cetd04000v",
		"tipo": "IST TEC COMMERCIALE E PER GEOMETRI",
		"nome": "LEONARDO DA VINCI  S.MARIA C.V.",
		"indirizzo": "VIA C. SANTAGATA",
		"cap": "81055",
		"comune": "SANTA MARIA CAPUA VETERE",
		"provincia": "CE"
	}
	,
	{
		"codMec": "ceis03300e",
		"tipo": "ISTITUTO SUPERIORE",
		"nome": "E. AMALDI - CNEO NEVIO S.MARIA CV",
		"indirizzo": "VIA        MASTANTUONO",
		"cap": "81055",
		"comune": "SANTA MARIA CAPUA VETERE",
		"provincia": "CE"
	}
	,
	{
		"codMec": "ceis02400q",
		"tipo": "ISTITUTO SUPERIORE",
		"nome": "RIGHI - NERVI",
		"indirizzo": "VIA A. RIGHI N. 4",
		"cap": "81055",
		"comune": "SANTA MARIA CAPUA VETERE",
		"provincia": "CE"
	}
	,
	{
		"codMec": "ceis01800c",
		"tipo": "ISTITUTO SUPERIORE",
		"nome": "TADDEO DA SESSA",
		"indirizzo": "VIA RACCOMANDATA, S.N.C.",
		"cap": "81037",
		"comune": "SESSA AURUNCA",
		"provincia": "CE"
	}
	,
	{
		"codMec": "cevc020002",
		"tipo": "CONVITTO ANNESSO",
		"nome": "A. NIFO",
		"indirizzo": "PIAZZETTA NIFO 1",
		"cap": "81037",
		"comune": "SESSA AURUNCA",
		"provincia": "CE"
	}
	,
	{
		"codMec": "ceis001003",
		"tipo": "ISTITUTO SUPERIORE",
		"nome": "AGOSTINO NIFO",
		"indirizzo": "PIAZZA     NIFO 1",
		"cap": "81037",
		"comune": "SESSA AURUNCA",
		"provincia": "CE"
	}
	,
	{
		"codMec": "ceic8az004",
		"tipo": "ISTITUTO COMPRENSIVO",
		"nome": "I.C. LUCILIO SESSA AURUNCA",
		"indirizzo": "VIALE TRIESTE",
		"cap": "81037",
		"comune": "SESSA AURUNCA",
		"provincia": "CE"
	}
	,
	{
		"codMec": "ceic8ay008",
		"tipo": "ISTITUTO COMPRENSIVO",
		"nome": "\"SAN LEONE IX\" SESSA AURUNCA",
		"indirizzo": "VIA S. LEO  SNC",
		"cap": "81037",
		"comune": "SESSA AURUNCA",
		"provincia": "CE"
	}
	,
	{
		"codMec": "ceic84600c",
		"tipo": "ISTITUTO COMPRENSIVO",
		"nome": "I.A.C. \"SOLIMENE\"- SPARANISE",
		"indirizzo": "VIA        CORRADO  GRAZIADEI, 37",
		"cap": "81056",
		"comune": "SPARANISE",
		"provincia": "CE"
	}
	,
	{
		"codMec": "ceic8aa00d",
		"tipo": "ISTITUTO COMPRENSIVO",
		"nome": "SUCCIVO",
		"indirizzo": "VIA VIRGILIO, 52/54",
		"cap": "81030",
		"comune": "SUCCIVO",
		"provincia": "CE"
	}
	,
	{
		"codMec": "ceic8a100d",
		"tipo": "ISTITUTO COMPRENSIVO",
		"nome": "VINCENZO LAURENZA TEANO",
		"indirizzo": "VIALE    FERROVIA",
		"cap": "81057",
		"comune": "TEANO",
		"provincia": "CE"
	}
	,
	{
		"codMec": "ceis00400e",
		"tipo": "ISTITUTO SUPERIORE",
		"nome": "UGO FOSCOLO",
		"indirizzo": "VIA ORTO CERASO",
		"cap": "81057",
		"comune": "TEANO",
		"provincia": "CE"
	}
	,
	{
		"codMec": "cerh02000g",
		"tipo": "IST PROF  ALBERGHIERO",
		"nome": "IPSSART  TEANO",
		"indirizzo": "VIALE      DEI PLATANI",
		"cap": "81057",
		"comune": "TEANO",
		"provincia": "CE"
	}
	,
	{
		"codMec": "ceic87300r",
		"tipo": "ISTITUTO COMPRENSIVO",
		"nome": "I.C. DI TEVEROLA",
		"indirizzo": "VIA CAMPANELLO",
		"cap": "81030",
		"comune": "TEVEROLA",
		"provincia": "CE"
	}
	,
	{
		"codMec": "cemm10800g",
		"tipo": "SCUOLA PRIMO GRADO",
		"nome": "SAN GIOVANNI BOSCO",
		"indirizzo": "VIA FIRENZE  24",
		"cap": "81038",
		"comune": "TRENTOLA DUCENTA",
		"provincia": "CE"
	}
	,
	{
		"codMec": "ceee07300v",
		"tipo": "CIRCOLO DIDATTICO",
		"nome": "D. D.   TRENTOLA DUCENTA",
		"indirizzo": "VIA ROSSINI,5",
		"cap": "81038",
		"comune": "TRENTOLA DUCENTA",
		"provincia": "CE"
	}
	,
	{
		"codMec": "ceic8a600l",
		"tipo": "ISTITUTO COMPRENSIVO",
		"nome": "GARIBALDI - MONTALCINI",
		"indirizzo": "VIA DELLE RIMEMBRANZE N. 72",
		"cap": "81058",
		"comune": "VAIRANO PATENORA",
		"provincia": "CE"
	}
	,
	{
		"codMec": "ceis006006",
		"tipo": "ISTITUTO SUPERIORE",
		"nome": "VAIRANO PATENORA",
		"indirizzo": "VIA  DEGLI ABRUZZI",
		"cap": "81059",
		"comune": "VAIRANO PATENORA",
		"provincia": "CE"
	}
]