[
	{
		"codMec": "cnic854007",
		"tipo": "ISTITUTO COMPRENSIVO",
		"nome": "ALBA QUARTIERE PIAVE S.CASSIANO",
		"indirizzo": "C.SO EUROPA,134",
		"cap": "12051",
		"comune": "ALBA",
		"provincia": "CN"
	}
	,
	{
		"codMec": "cnic855003",
		"tipo": "ISTITUTO COMPRENSIVO",
		"nome": "ALBA QUARTIERE MORETTA",
		"indirizzo": "VIA DE AMICIS N.1",
		"cap": "12051",
		"comune": "ALBA",
		"provincia": "CN"
	}
	,
	{
		"codMec": "cnps030008",
		"tipo": "LICEO SCIENTIFICO",
		"nome": "ALBA - \"LEONARDO COCITO\"",
		"indirizzo": "CORSO EUROPA, 2",
		"cap": "12051",
		"comune": "ALBA",
		"provincia": "CN"
	}
	,
	{
		"codMec": "cnpm04000x",
		"tipo": "ISTITUTO MAGISTRALE",
		"nome": "ALBA - \"LEONARDO DA VINCI\"",
		"indirizzo": "PIAZZA SAN FRANCESCO D\\'ASSISI, 1",
		"cap": "12051",
		"comune": "ALBA",
		"provincia": "CN"
	}
	,
	{
		"codMec": "cnis00400a",
		"tipo": "ISTITUTO SUPERIORE",
		"nome": "ALBA \"P. CILLARIO FERRERO\"",
		"indirizzo": "VIA        BALBO 8",
		"cap": "12051",
		"comune": "ALBA",
		"provincia": "CN"
	}
	,
	{
		"codMec": "cnis00700t",
		"tipo": "ISTITUTO SUPERIORE",
		"nome": "ALBA - \"G. GOVONE\"",
		"indirizzo": "VIA TEOBALDO CALISSANO 8",
		"cap": "12051",
		"comune": "ALBA",
		"provincia": "CN"
	}
	,
	{
		"codMec": "cnis012009",
		"tipo": "ISTITUTO SUPERIORE",
		"nome": "ALBA - \"UMBERTO I\"",
		"indirizzo": "CORSO ENOTRIA N? 2",
		"cap": "12051",
		"comune": "ALBA",
		"provincia": "CN"
	}
	,
	{
		"codMec": "cnic85600v",
		"tipo": "ISTITUTO COMPRENSIVO",
		"nome": "ALBA CENTRO STORICO",
		"indirizzo": "VIA BALBO, 8",
		"cap": "12051",
		"comune": "ALBA",
		"provincia": "CN"
	}
	,
	{
		"codMec": "cnmm162004",
		"tipo": "SCUOLA PRIMO GRADO",
		"nome": "CPIA 2 ALBA - MONDOVI\\'",
		"indirizzo": "VIA ACCADEMIA, 6",
		"cap": "12051",
		"comune": "ALBA",
		"provincia": "CN"
	}
	,
	{
		"codMec": "cnis019004",
		"tipo": "ISTITUTO SUPERIORE",
		"nome": "ALBA - \"L. EINAUDI\"",
		"indirizzo": "VIA        P.  FERRERO 20",
		"cap": "12051",
		"comune": "ALBA",
		"provincia": "CN"
	}
	,
	{
		"codMec": "cnic83200a",
		"tipo": "ISTITUTO COMPRENSIVO",
		"nome": "BAGNOLO P.TE \"B. FENOGLIO\"",
		"indirizzo": "VIA  CONFRATERNITA       42",
		"cap": "12031",
		"comune": "BAGNOLO PIEMONTE",
		"provincia": "CN"
	}
	,
	{
		"codMec": "cnic833006",
		"tipo": "ISTITUTO COMPRENSIVO",
		"nome": "IC BARGE",
		"indirizzo": "VIALE MAZZINI 2",
		"cap": "12032",
		"comune": "BARGE",
		"provincia": "CN"
	}
	,
	{
		"codMec": "cnic80700n",
		"tipo": "ISTITUTO COMPRENSIVO",
		"nome": "IC  \"AUGUSTA BAGIENNORUM\"",
		"indirizzo": "VIALE RIMEMBRANZA N. 2",
		"cap": "12041",
		"comune": "BENE VAGIENNA",
		"provincia": "CN"
	}
	,
	{
		"codMec": "cnic839005",
		"tipo": "ISTITUTO COMPRENSIVO",
		"nome": "BERNEZZO - DUCCIO GALIMBERTI",
		"indirizzo": "P.ZA SOLIDARIETA E VOLONTARIATO 3",
		"cap": "12010",
		"comune": "BERNEZZO",
		"provincia": "CN"
	}
	,
	{
		"codMec": "cnic80800d",
		"tipo": "ISTITUTO COMPRENSIVO",
		"nome": "I.C. \"S.GRANDIS\" BORGO S. DALM.",
		"indirizzo": "P.ZZA DON RAIMONDO VIALE N. 9",
		"cap": "12011",
		"comune": "BORGO SAN DALMAZZO",
		"provincia": "CN"
	}
	,
	{
		"codMec": "cnic81400r",
		"tipo": "ISTITUTO COMPRENSIVO",
		"nome": "IC BOSSOLASCO-MURAZZANO",
		"indirizzo": "PIAZZA CADUTI PER LA PATRIA N. 1",
		"cap": "12060",
		"comune": "BOSSOLASCO",
		"provincia": "CN"
	}
	,
	{
		"codMec": "cnic809009",
		"tipo": "ISTITUTO COMPRENSIVO",
		"nome": "\"A. VASSALLO\" BOVES",
		"indirizzo": "VIA DON CAVALLERA, 14",
		"cap": "12012",
		"comune": "BOVES",
		"provincia": "CN"
	}
	,
	{
		"codMec": "cnrh02000b",
		"tipo": "IST PROF  ALBERGHIERO",
		"nome": "ISTITUTO VELSO MUCCI",
		"indirizzo": "VIA CRAVERI 8",
		"cap": "12042",
		"comune": "BRA",
		"provincia": "CN"
	}
	,
	{
		"codMec": "cnee063004",
		"tipo": "CIRCOLO DIDATTICO",
		"nome": "CD BRA - PRIMO CIRCOLO",
		"indirizzo": "VIA VITTORIO EMANUELE 200",
		"cap": "12042",
		"comune": "BRA",
		"provincia": "CN"
	}
	,
	{
		"codMec": "cnee06400x",
		"tipo": "CIRCOLO DIDATTICO",
		"nome": "CD SECONDO CIRCOLO BRA",
		"indirizzo": "VIA EUROPA N.15",
		"cap": "12042",
		"comune": "BRA",
		"provincia": "CN"
	}
	,
	{
		"codMec": "cnps05000d",
		"tipo": "LICEO SCIENTIFICO",
		"nome": "BRA \"G.GIOLITTI-G.B.GANDINO\"",
		"indirizzo": "VIA        FRATELLI CARANDO 43",
		"cap": "12042",
		"comune": "BRA",
		"provincia": "CN"
	}
	,
	{
		"codMec": "cnmm15000t",
		"tipo": "SCUOLA PRIMO GRADO",
		"nome": "BRA PIUMATI CRAVERI DALLACHIESA",
		"indirizzo": "VIA BARBACANA 41",
		"cap": "12042",
		"comune": "BRA",
		"provincia": "CN"
	}
	,
	{
		"codMec": "cnis01600l",
		"tipo": "ISTITUTO SUPERIORE",
		"nome": "BRA - \"E. GUALA\"",
		"indirizzo": "PIAZZA     ROMA 7",
		"cap": "12042",
		"comune": "BRA",
		"provincia": "CN"
	}
	,
	{
		"codMec": "cnic85000x",
		"tipo": "ISTITUTO COMPRENSIVO",
		"nome": "BUSCA GIOSUE CARDUCCI",
		"indirizzo": "VIA  CARLETTO MICHELIS 2",
		"cap": "12022",
		"comune": "BUSCA",
		"provincia": "CN"
	}
	,
	{
		"codMec": "cnic82200q",
		"tipo": "ISTITUTO COMPRENSIVO",
		"nome": "IC ISTITUTO COMPRENSIVO CANALE",
		"indirizzo": "VIALE DEL PESCO,5",
		"cap": "12043",
		"comune": "CANALE",
		"provincia": "CN"
	}
	,
	{
		"codMec": "cnic804006",
		"tipo": "ISTITUTO COMPRENSIVO",
		"nome": "A.M.RIBERI    - CARAGLIO",
		"indirizzo": "C.SO       GIOVANNI XXIII      N.12",
		"cap": "12023",
		"comune": "CARAGLIO",
		"provincia": "CN"
	}
	,
	{
		"codMec": "cnic80600t",
		"tipo": "ISTITUTO COMPRENSIVO",
		"nome": "\\'CARRU\\'",
		"indirizzo": "VIA VACCHETTI   N.21",
		"cap": "12061",
		"comune": "CARRU\\'",
		"provincia": "CN"
	}
	,
	{
		"codMec": "cnic838009",
		"tipo": "ISTITUTO COMPRENSIVO",
		"nome": "\\'CAVALLERMAGGIORE\\'",
		"indirizzo": "PIAZZA NOBEL N.1",
		"cap": "12030",
		"comune": "CAVALLERMAGGIORE",
		"provincia": "CN"
	}
	,
	{
		"codMec": "cnic84300r",
		"tipo": "ISTITUTO COMPRENSIVO",
		"nome": "CENTALLO-VILLAFALLETTO",
		"indirizzo": "VIALE  DELLE SCUOLE N. 8",
		"cap": "12044",
		"comune": "CENTALLO",
		"provincia": "CN"
	}
	,
	{
		"codMec": "cnic840009",
		"tipo": "ISTITUTO COMPRENSIVO",
		"nome": "\\'CERVASCA\\'",
		"indirizzo": "PIAZZA  BERNARDI",
		"cap": "12010",
		"comune": "CERVASCA",
		"provincia": "CN"
	}
	,
	{
		"codMec": "cnic812005",
		"tipo": "ISTITUTO COMPRENSIVO",
		"nome": "\\'VILLANOVA MONDOVI\\'",
		"indirizzo": "CORSO MARCONI 37",
		"cap": "12089",
		"comune": "VILLANOVA MONDOVI\\'",
		"provincia": "CN"
	}
	,
	{
		"codMec": "cnps07000p",
		"tipo": "LICEO SCIENTIFICO",
		"nome": "LICEO \" VASCO-BECCARIA-GOVONE\"",
		"indirizzo": "P.ZA IV NOVEMBRE 4",
		"cap": "12084",
		"comune": "MONDOVI\\'",
		"provincia": "CN"
	}
	,
	{
		"codMec": "cnis02900p",
		"tipo": "ISTITUTO SUPERIORE",
		"nome": "MONDOVI\\' \"CIGNA-BARUFFI-GARELLI\"",
		"indirizzo": "VIA DI CURAZZA NR. 15",
		"cap": "12084",
		"comune": "MONDOVI\\'",
		"provincia": "CN"
	}
	,
	{
		"codMec": "cnis026007",
		"tipo": "ISTITUTO SUPERIORE",
		"nome": "MONDOVI\\' \"GIOLITTI-BELLISARIO\"",
		"indirizzo": "PIAZZA IV NOVEMBRE",
		"cap": "12084",
		"comune": "MONDOVI\\'",
		"provincia": "CN"
	}
	,
	{
		"codMec": "cnic85900a",
		"tipo": "ISTITUTO COMPRENSIVO",
		"nome": "MONDOVI\\' 2",
		"indirizzo": "VIA MATTEOTTI N. 9",
		"cap": "12084",
		"comune": "MONDOVI\\'",
		"provincia": "CN"
	}
	,
	{
		"codMec": "cnic85800e",
		"tipo": "ISTITUTO COMPRENSIVO",
		"nome": "MONDOVI\\' 1",
		"indirizzo": "VIA G. MANESSERO 8",
		"cap": "12084",
		"comune": "MONDOVI\\'",
		"provincia": "CN"
	}
	,
	{
		"codMec": "cnic82100x",
		"tipo": "ISTITUTO COMPRENSIVO",
		"nome": "ISTITUTO COMPRENSIVO DI MONTA\\'",
		"indirizzo": "C/SO       DE GASPERI          N.15",
		"cap": "12046",
		"comune": "MONTA\\'",
		"provincia": "CN"
	}
	,
	{
		"codMec": "cnic85300b",
		"tipo": "ISTITUTO COMPRENSIVO",
		"nome": "ALBA QUARTIERE MUSSOTTO E SX TA",
		"indirizzo": "VIA C.ESARE DELPIANO, 5",
		"cap": "12051",
		"comune": "MONTICELLO D\\'ALBA",
		"provincia": "CN"
	}
	,
	{
		"codMec": "cnic83100e",
		"tipo": "ISTITUTO COMPRENSIVO",
		"nome": "MORETTA",
		"indirizzo": "VIA        MARTIRI LIBERTA\\'    10",
		"cap": "12033",
		"comune": "MORETTA",
		"provincia": "CN"
	}
	,
	{
		"codMec": "cnic80200e",
		"tipo": "ISTITUTO COMPRENSIVO",
		"nome": "MOROZZO",
		"indirizzo": "VIA LUCIANO EULA N. 8",
		"cap": "12040",
		"comune": "MOROZZO",
		"provincia": "CN"
	}
	,
	{
		"codMec": "cnic83700d",
		"tipo": "ISTITUTO COMPRENSIVO",
		"nome": "\"B.FENOGLIO\" - NEIVE",
		"indirizzo": "VIA  C.PAVESE N. 5",
		"cap": "12052",
		"comune": "NEIVE",
		"provincia": "CN"
	}
	,
	{
		"codMec": "cnic83000p",
		"tipo": "ISTITUTO COMPRENSIVO",
		"nome": "IC  RACCONIGI \"B. MUZZONE\"",
		"indirizzo": "VIA        SACCO E VANZETTI N.1",
		"cap": "12035",
		"comune": "RACCONIGI",
		"provincia": "CN"
	}
	,
	{
		"codMec": "cnic834002",
		"tipo": "ISTITUTO COMPRENSIVO",
		"nome": "\\'REVELLO\\'",
		"indirizzo": "VIALE UMBERTO I,  33",
		"cap": "12036",
		"comune": "REVELLO",
		"provincia": "CN"
	}
	,
	{
		"codMec": "cnic81000d",
		"tipo": "ISTITUTO COMPRENSIVO",
		"nome": "ROBILANTE",
		"indirizzo": "PIAZZA DELLA PACE  N. 8",
		"cap": "12017",
		"comune": "ROBILANTE",
		"provincia": "CN"
	}
	,
	{
		"codMec": "cnee05900c",
		"tipo": "CIRCOLO DIDATTICO",
		"nome": "SALUZZO",
		"indirizzo": "PIAZZA XX SETTEMBRE,1",
		"cap": "12037",
		"comune": "SALUZZO",
		"provincia": "CN"
	}
	,
	{
		"codMec": "cnpc030005",
		"tipo": "LICEO CLASSICO",
		"nome": "SALUZZO \"G.B.BODONI\"",
		"indirizzo": "VIA DONAUDI, 24",
		"cap": "12037",
		"comune": "SALUZZO",
		"provincia": "CN"
	}
	,
	{
		"codMec": "cnps02000n",
		"tipo": "LICEO SCIENTIFICO",
		"nome": "CUNEO - \"G.PEANO - S.PELLICO\"",
		"indirizzo": "VIA MONTE ZOVETTO N. 8",
		"cap": "12100",
		"comune": "CUNEO",
		"provincia": "CN"
	}
	,
	{
		"codMec": "cntd04000p",
		"tipo": "IST TEC COMMERCIALE E PER GEOMETRI",
		"nome": "CUNEO - \"F. A. BONELLI\"",
		"indirizzo": "VIALE      ANGELI, 12",
		"cap": "12100",
		"comune": "CUNEO",
		"provincia": "CN"
	}
	,
	{
		"codMec": "cntf010005",
		"tipo": "ISTITUTO TECNICO INDUSTRIALE",
		"nome": "CUNEO \"MARIO DELPOZZO\"",
		"indirizzo": "CORSO      A.DE GASPERI 30",
		"cap": "12100",
		"comune": "CUNEO",
		"provincia": "CN"
	}
	,
	{
		"codMec": "cnic80300a",
		"tipo": "ISTITUTO COMPRENSIVO",
		"nome": "DEMONTE  \"L. ROMANO\"",
		"indirizzo": "VIA G. PEANO      N.6",
		"cap": "12014",
		"comune": "DEMONTE",
		"provincia": "CN"
	}
	,
	{
		"codMec": "cnic84900q",
		"tipo": "ISTITUTO COMPRENSIVO",
		"nome": "DIANO D\\'ALBA - CAPOLUOGO",
		"indirizzo": "PIAZZA UMBERTO I 25/A",
		"cap": "12055",
		"comune": "DIANO D\\'ALBA",
		"provincia": "CN"
	}
	,
	{
		"codMec": "cnic846008",
		"tipo": "ISTITUTO COMPRENSIVO",
		"nome": "\\'DOGLIANI\\'",
		"indirizzo": "VIA DOMENICO GHIGLIANO N.38",
		"cap": "12063",
		"comune": "DOGLIANI",
		"provincia": "CN"
	}
	,
	{
		"codMec": "cnic82800p",
		"tipo": "ISTITUTO COMPRENSIVO",
		"nome": "DRONERO \"G.GIOLITTI\"",
		"indirizzo": "P.ZA BATTAGLIONE ALPINI \"DRONERO\" N.4",
		"cap": "12025",
		"comune": "DRONERO",
		"provincia": "CN"
	}
	,
	{
		"codMec": "cnee03200c",
		"tipo": "CIRCOLO DIDATTICO",
		"nome": "FOSSANO-PRIMO CIRCOLO",
		"indirizzo": "VIA MATTEOTTI 33",
		"cap": "12045",
		"comune": "FOSSANO",
		"provincia": "CN"
	}
	,
	{
		"codMec": "cnee033008",
		"tipo": "CIRCOLO DIDATTICO",
		"nome": "FOSSANO-SECONDO CIRCOLO",
		"indirizzo": "VIA GARIBALDI 5",
		"cap": "12045",
		"comune": "FOSSANO",
		"provincia": "CN"
	}
	,
	{
		"codMec": "cnps010003",
		"tipo": "LICEO SCIENTIFICO",
		"nome": "FOSSANO - \"G.ANCINA\"",
		"indirizzo": "P.ZA       DON MARIO PICCO 6",
		"cap": "12045",
		"comune": "FOSSANO",
		"provincia": "CN"
	}
	,
	{
		"codMec": "cnmm14800t",
		"tipo": "SCUOLA PRIMO GRADO",
		"nome": "FOSSANO \"SACCO-BOETTO-PAGLIERI\"",
		"indirizzo": "PIAZZA DON MARIO PICCO N.6",
		"cap": "12045",
		"comune": "FOSSANO",
		"provincia": "CN"
	}
	,
	{
		"codMec": "cnis01700c",
		"tipo": "ISTITUTO SUPERIORE",
		"nome": "FOSSANO -  \"G.VALLAURI\"",
		"indirizzo": "VIA S.MICHELE 68",
		"cap": "12045",
		"comune": "FOSSANO",
		"provincia": "CN"
	}
	,
	{
		"codMec": "cnic83600n",
		"tipo": "ISTITUTO COMPRENSIVO",
		"nome": "GARESSIO",
		"indirizzo": "PIAZZA BALILLA 12",
		"cap": "12075",
		"comune": "GARESSIO",
		"provincia": "CN"
	}
	,
	{
		"codMec": "cnic82300g",
		"tipo": "ISTITUTO COMPRENSIVO",
		"nome": "GOVONE",
		"indirizzo": "PIAZZA ROMA 1",
		"cap": "12040",
		"comune": "GOVONE",
		"provincia": "CN"
	}
	,
	{
		"codMec": "cnic81900x",
		"tipo": "ISTITUTO COMPRENSIVO",
		"nome": "\" IC  LA MORRA \"",
		"indirizzo": "VIA CARLO ALBERTO N. 6",
		"cap": "12064",
		"comune": "LA MORRA",
		"provincia": "CN"
	}
	,
	{
		"codMec": "cnis021004",
		"tipo": "ISTITUTO SUPERIORE",
		"nome": "SALUZZO -  \"SOLERI-BERTONI\"",
		"indirizzo": "VIA TRAVERSA DEL QUARTIERE, 2",
		"cap": "12037",
		"comune": "SALUZZO",
		"provincia": "CN"
	}
	,
	{
		"codMec": "cnmm154005",
		"tipo": "SCUOLA PRIMO GRADO",
		"nome": "SALUZZO \"ROSA BIANCA\"",
		"indirizzo": "VIA SEGRE 14",
		"cap": "12037",
		"comune": "SALUZZO",
		"provincia": "CN"
	}
	,
	{
		"codMec": "cnis014001",
		"tipo": "ISTITUTO SUPERIORE",
		"nome": "SALUZZO - \"C. DENINA\"",
		"indirizzo": "VIA        DELLA CHIESA 17",
		"cap": "12037",
		"comune": "SALUZZO",
		"provincia": "CN"
	}
	,
	{
		"codMec": "cnic811009",
		"tipo": "ISTITUTO COMPRENSIVO",
		"nome": "\\'SAN MICHELE MONDOVI\\'",
		"indirizzo": "VIA DELLE SCUOLE N.1",
		"cap": "12080",
		"comune": "SAN MICHELE MONDOVI\\'",
		"provincia": "CN"
	}
	,
	{
		"codMec": "cnic83500t",
		"tipo": "ISTITUTO COMPRENSIVO",
		"nome": "SANFRONT -  PAESANA",
		"indirizzo": "CORSO      MARCONI             22",
		"cap": "12030",
		"comune": "SANFRONT",
		"provincia": "CN"
	}
	,
	{
		"codMec": "cnic820004",
		"tipo": "ISTITUTO COMPRENSIVO",
		"nome": "IC S. VITTORIA ALBA  \" BERTERO\"",
		"indirizzo": "VIA  SERAFINA 14 BIS",
		"cap": "12069",
		"comune": "SANTA VITTORIA D\\'ALBA",
		"provincia": "CN"
	}
	,
	{
		"codMec": "cnic82400b",
		"tipo": "ISTITUTO COMPRENSIVO",
		"nome": "\"C.PAVESE\" -SANTO STEFANO BELBO",
		"indirizzo": "VIA MONTEGRAPPA 6",
		"cap": "12058",
		"comune": "SANTO STEFANO BELBO",
		"provincia": "CN"
	}
	,
	{
		"codMec": "cnic85100q",
		"tipo": "ISTITUTO COMPRENSIVO",
		"nome": "SAVIGLIANO S. SANTAROSA",
		"indirizzo": "VIA ALESSANDRO FERRERI 9",
		"cap": "12038",
		"comune": "SAVIGLIANO",
		"provincia": "CN"
	}
	,
	{
		"codMec": "cnic85200g",
		"tipo": "ISTITUTO COMPRENSIVO",
		"nome": "SAVIGLIANO -PAPA GIOVANNI XXIII",
		"indirizzo": "VICOLO S. EUSTACCHIO 18",
		"cap": "12038",
		"comune": "SAVIGLIANO",
		"provincia": "CN"
	}
	,
	{
		"codMec": "cnis00200p",
		"tipo": "ISTITUTO SUPERIORE",
		"nome": "\"AIMONE CRAVETTA\"",
		"indirizzo": "CORSO ROMA 70",
		"cap": "12038",
		"comune": "SAVIGLIANO",
		"provincia": "CN"
	}
	,
	{
		"codMec": "cnis02200x",
		"tipo": "ISTITUTO SUPERIORE",
		"nome": "SAVIGLIANO - \"ARIMONDI-EULA\"",
		"indirizzo": "PIAZZETTA  BARALIS 5",
		"cap": "12038",
		"comune": "SAVIGLIANO",
		"provincia": "CN"
	}
	,
	{
		"codMec": "cnic817008",
		"tipo": "ISTITUTO COMPRENSIVO",
		"nome": "IC ARPINO SOMMARIVA DEL BOSCO\\'",
		"indirizzo": "VIA GIANSANA N.37",
		"cap": "12048",
		"comune": "SOMMARIVA DEL BOSCO",
		"provincia": "CN"
	}
	,
	{
		"codMec": "cnic818004",
		"tipo": "ISTITUTO COMPRENSIVO",
		"nome": "SOMMARIVA PERNO",
		"indirizzo": "VIA        SAN GIOVANNI        N.12",
		"cap": "12040",
		"comune": "SOMMARIVA PERNO",
		"provincia": "CN"
	}
	,
	{
		"codMec": "cnic826003",
		"tipo": "ISTITUTO COMPRENSIVO",
		"nome": "VENASCA-COSTIGLIOLE S.",
		"indirizzo": "VIA        MARCONI             N.4",
		"cap": "12020",
		"comune": "VENASCA",
		"provincia": "CN"
	}
	,
	{
		"codMec": "cnic84500c",
		"tipo": "ISTITUTO COMPRENSIVO",
		"nome": "I.C. LEONARDO DA VINCI VERZUOLO",
		"indirizzo": "VIA EUROPA ,  5",
		"cap": "12039",
		"comune": "VERZUOLO",
		"provincia": "CN"
	}
	,
	{
		"codMec": "cnic813001",
		"tipo": "ISTITUTO COMPRENSIVO",
		"nome": "CEVA \"A.MOMIGLIANO\"",
		"indirizzo": "VIA        LEOPOLDO MARENCO    N 1",
		"cap": "12073",
		"comune": "CEVA",
		"provincia": "CN"
	}
	,
	{
		"codMec": "cnis01100d",
		"tipo": "ISTITUTO SUPERIORE",
		"nome": "CEVA - \"G. BARUFFI\"",
		"indirizzo": "PIAZZA     GALLIANO, 3",
		"cap": "12073",
		"comune": "CEVA",
		"provincia": "CN"
	}
	,
	{
		"codMec": "cnic825007",
		"tipo": "ISTITUTO COMPRENSIVO",
		"nome": "CHERASCO - S. TARICCO",
		"indirizzo": "VIA BEATO AMEDEO, 18",
		"cap": "12062",
		"comune": "CHERASCO",
		"provincia": "CN"
	}
	,
	{
		"codMec": "cnic841005",
		"tipo": "ISTITUTO COMPRENSIVO",
		"nome": "CHIUSA DI PESIO - PEVERAGNO",
		"indirizzo": "VIA        CIRCONVALLAZ. VIGNA",
		"cap": "12013",
		"comune": "CHIUSA DI PESIO",
		"provincia": "CN"
	}
	,
	{
		"codMec": "cnic81600c",
		"tipo": "ISTITUTO COMPRENSIVO",
		"nome": "CORTEMILIA-SALICETO",
		"indirizzo": "VIA SALINO 1",
		"cap": "12074",
		"comune": "CORTEMILIA",
		"provincia": "CN"
	}
	,
	{
		"codMec": "cnic847004",
		"tipo": "ISTITUTO COMPRENSIVO",
		"nome": "CUNEO - FRAZ. BORGO S. GIUSEPPE",
		"indirizzo": "VIA ROCCADEBALDI 15",
		"cap": "12100",
		"comune": "CUNEO",
		"provincia": "CN"
	}
	,
	{
		"codMec": "cnic84800x",
		"tipo": "ISTITUTO COMPRENSIVO",
		"nome": "CUNEO - OLTRESTURA",
		"indirizzo": "P.LE DELLA BATTAGLIA N. 1",
		"cap": "12100",
		"comune": "CUNEO",
		"provincia": "CN"
	}
	,
	{
		"codMec": "cnic85700p",
		"tipo": "ISTITUTO COMPRENSIVO",
		"nome": "CUNEO-CORSO SOLERI",
		"indirizzo": "CORSO MARCELLO SOLERI,1",
		"cap": "12100",
		"comune": "CUNEO",
		"provincia": "CN"
	}
	,
	{
		"codMec": "cnic86000e",
		"tipo": "ISTITUTO COMPRENSIVO",
		"nome": "CUNEO VIALE ANGELI",
		"indirizzo": "VIALE ANGELI 82",
		"cap": "12100",
		"comune": "CUNEO",
		"provincia": "CN"
	}
	,
	{
		"codMec": "cnic86100a",
		"tipo": "ISTITUTO COMPRENSIVO",
		"nome": "CUNEO VIA SOBRERO",
		"indirizzo": "VIA SOBRERO, N. 14",
		"cap": "12100",
		"comune": "CUNEO",
		"provincia": "CN"
	}
	,
	{
		"codMec": "cnis00300e",
		"tipo": "ISTITUTO SUPERIORE",
		"nome": "CUNEO - \"S.GRANDIS\"",
		"indirizzo": "CORSO      IV NOVEMBRE 16",
		"cap": "12100",
		"comune": "CUNEO",
		"provincia": "CN"
	}
	,
	{
		"codMec": "cnis02400g",
		"tipo": "ISTITUTO SUPERIORE",
		"nome": "CUNEO -BIANCHI - VIRGINIO",
		"indirizzo": "C.SO A. DE GASPERI 11",
		"cap": "12100",
		"comune": "CUNEO",
		"provincia": "CN"
	}
	,
	{
		"codMec": "cnis02800v",
		"tipo": "ISTITUTO SUPERIORE",
		"nome": "CUNEO \"VIRGINIO - DONADIO\"",
		"indirizzo": "VIA SAVIGLIANO, 25",
		"cap": "12100",
		"comune": "CUNEO",
		"provincia": "CN"
	}
	,
	{
		"codMec": "cnmm161008",
		"tipo": "SCUOLA PRIMO GRADO",
		"nome": "CPIA 6 CUNEO - SALUZZO",
		"indirizzo": "VIA BARBAROUX  7",
		"cap": "12100",
		"comune": "CUNEO",
		"provincia": "CN"
	}
	,
	{
		"codMec": "cnpm010004",
		"tipo": "ISTITUTO MAGISTRALE",
		"nome": "CUNEO - \"EDMONDO DE AMICIS\"",
		"indirizzo": "CORSO CARLO BRUNET 12",
		"cap": "12100",
		"comune": "CUNEO",
		"provincia": "CN"
	}
]