[
	{
		"codMec": "cric81300r",
		"tipo": "ISTITUTO COMPRENSIVO",
		"nome": "I.C. GUSSOLA \"DEDALO 2000\"",
		"indirizzo": "VIA GRAMSCI, 15",
		"cap": "26040",
		"comune": "GUSSOLA",
		"provincia": "CR"
	}
	,
	{
		"codMec": "cric80200a",
		"tipo": "ISTITUTO COMPRENSIVO",
		"nome": "IC MONTODINE \" E.FERMI\"",
		"indirizzo": "VIA DANTE ALIGHIERI 9",
		"cap": "26010",
		"comune": "MONTODINE",
		"provincia": "CR"
	}
	,
	{
		"codMec": "cric80500t",
		"tipo": "ISTITUTO COMPRENSIVO",
		"nome": "IC OFFANENGO\"FALCONE BORSELLINO",
		"indirizzo": "VIA DANTE ALIGHIERI,1",
		"cap": "26010",
		"comune": "OFFANENGO",
		"provincia": "CR"
	}
	,
	{
		"codMec": "cric81900q",
		"tipo": "ISTITUTO COMPRENSIVO",
		"nome": "IC PANDINO \"VISCONTEO\"",
		"indirizzo": "VIA CIRCONVALLAZIONE B  3",
		"cap": "26025",
		"comune": "PANDINO",
		"provincia": "CR"
	}
	,
	{
		"codMec": "cric81400l",
		"tipo": "ISTITUTO COMPRENSIVO",
		"nome": "IC PIADENA  \"G.M. SACCHI\"",
		"indirizzo": "VIA        MAZZINI             1",
		"cap": "26034",
		"comune": "PIADENA",
		"provincia": "CR"
	}
	,
	{
		"codMec": "cric808009",
		"tipo": "ISTITUTO COMPRENSIVO",
		"nome": "IC  PIZZIGHETTONE SAN BASSANO",
		"indirizzo": "P.ZA REPUBBLICA, 32",
		"cap": "26026",
		"comune": "PIZZIGHETTONE",
		"provincia": "CR"
	}
	,
	{
		"codMec": "cric81800x",
		"tipo": "ISTITUTO COMPRENSIVO",
		"nome": "IC RIVOLTA D\\'ADDA \"E.CALVI\"",
		"indirizzo": "V.LE PIAVE 2",
		"cap": "26027",
		"comune": "RIVOLTA D\\'ADDA",
		"provincia": "CR"
	}
	,
	{
		"codMec": "cric80600n",
		"tipo": "ISTITUTO COMPRENSIVO",
		"nome": "IC  SERGNANO \"PRIMO LEVI\"",
		"indirizzo": "VIA   AL    BINENGO,   38",
		"cap": "26010",
		"comune": "SERGNANO",
		"provincia": "CR"
	}
	,
	{
		"codMec": "cric811005",
		"tipo": "ISTITUTO COMPRENSIVO",
		"nome": "IC  SONCINO \"GIOVANNI XXIII\"",
		"indirizzo": "VIA        FRANCESCO GALANTINO 36",
		"cap": "26029",
		"comune": "SONCINO",
		"provincia": "CR"
	}
	,
	{
		"codMec": "cric80000p",
		"tipo": "ISTITUTO COMPRENSIVO",
		"nome": "IC SORESINA \"G. BERTESI\"",
		"indirizzo": "PIAZZA     ITALIA              3",
		"cap": "26015",
		"comune": "SORESINA",
		"provincia": "CR"
	}
	,
	{
		"codMec": "cric81500c",
		"tipo": "ISTITUTO COMPRENSIVO",
		"nome": "IC SOSPIRO \"G.B.PUERARI\"",
		"indirizzo": "VIA IV NOVEMBRE, 34",
		"cap": "26048",
		"comune": "SOSPIRO",
		"provincia": "CR"
	}
	,
	{
		"codMec": "cric817004",
		"tipo": "ISTITUTO COMPRENSIVO",
		"nome": "IC SPINO D\\'ADDA \"L. CHIESA\"",
		"indirizzo": "VIA UNGARETTI 38",
		"cap": "26016",
		"comune": "SPINO D\\'ADDA",
		"provincia": "CR"
	}
	,
	{
		"codMec": "cric812001",
		"tipo": "ISTITUTO COMPRENSIVO",
		"nome": "IC TRESCORE CREMASCO",
		"indirizzo": "VIA MARCONI 5",
		"cap": "26017",
		"comune": "TRESCORE CREMASCO",
		"provincia": "CR"
	}
	,
	{
		"codMec": "cric809005",
		"tipo": "ISTITUTO COMPRENSIVO",
		"nome": "IC VESCOVATO \"U.FOSCOLO\"",
		"indirizzo": "VIA        CORRIDONI           1",
		"cap": "26039",
		"comune": "VESCOVATO",
		"provincia": "CR"
	}
	,
	{
		"codMec": "cric82800e",
		"tipo": "ISTITUTO COMPRENSIVO",
		"nome": "IC \"RITA LEVI-MONTALCINI\"",
		"indirizzo": "VICOLO CLAVELLI 28",
		"cap": "26010",
		"comune": "BAGNOLO CREMASCO",
		"provincia": "CR"
	}
	,
	{
		"codMec": "cric810009",
		"tipo": "ISTITUTO COMPRENSIVO",
		"nome": "IC CASALBUTTANO",
		"indirizzo": "VIA VERDI, 8",
		"cap": "26011",
		"comune": "CASALBUTTANO ED UNITI",
		"provincia": "CR"
	}
	,
	{
		"codMec": "cric816008",
		"tipo": "ISTITUTO COMPRENSIVO",
		"nome": "IC CASALMAGGIORE \"G.MARCONI\"",
		"indirizzo": "VIA DE GASPERI, 4",
		"cap": "26041",
		"comune": "CASALMAGGIORE",
		"provincia": "CR"
	}
	,
	{
		"codMec": "cric80100e",
		"tipo": "ISTITUTO COMPRENSIVO",
		"nome": "IC  CASALMAGGIORE \"DIOTTI\"",
		"indirizzo": "VIA        ROMA                27",
		"cap": "26041",
		"comune": "CASALMAGGIORE",
		"provincia": "CR"
	}
	,
	{
		"codMec": "cris00100p",
		"tipo": "ISTITUTO SUPERIORE",
		"nome": "\"G. ROMANI\"",
		"indirizzo": "VIA TRENTO,  15",
		"cap": "26041",
		"comune": "CASALMAGGIORE",
		"provincia": "CR"
	}
	,
	{
		"codMec": "cric804002",
		"tipo": "ISTITUTO COMPRENSIVO",
		"nome": "IC  CASTELLEONE \"P. SENTATI\"",
		"indirizzo": "VIALE      SANTUARIO           11",
		"cap": "26012",
		"comune": "CASTELLEONE",
		"provincia": "CR"
	}
	,
	{
		"codMec": "cric803006",
		"tipo": "ISTITUTO COMPRENSIVO",
		"nome": "IC  CASTELVERDE \"U.FERRARI\"",
		"indirizzo": "VIA UBALDO FERRARI, 10",
		"cap": "26022",
		"comune": "CASTELVERDE",
		"provincia": "CR"
	}
	,
	{
		"codMec": "crsl01000q",
		"tipo": "LICEO ARTISTICO",
		"nome": "LICEO ARTISTICO \"BRUNO MUNARI\"",
		"indirizzo": "VIA PIACENZA 52A",
		"cap": "26013",
		"comune": "CREMA",
		"provincia": "CR"
	}
	,
	{
		"codMec": "cris013001",
		"tipo": "ISTITUTO SUPERIORE",
		"nome": "RACCHETTI - DA VINCI",
		"indirizzo": "VIA     U.PALMIERI 4",
		"cap": "26013",
		"comune": "CREMA",
		"provincia": "CR"
	}
	,
	{
		"codMec": "cric82700p",
		"tipo": "ISTITUTO COMPRENSIVO",
		"nome": "IC CREMA UNO",
		"indirizzo": "VIA BORGO S. PIETRO 8",
		"cap": "26013",
		"comune": "CREMA",
		"provincia": "CR"
	}
	,
	{
		"codMec": "cric82600v",
		"tipo": "ISTITUTO COMPRENSIVO",
		"nome": "IC CREMA TRE",
		"indirizzo": "LARGO PARTIGIANI D\\'ITALIA, 2",
		"cap": "26013",
		"comune": "CREMA",
		"provincia": "CR"
	}
	,
	{
		"codMec": "cric825003",
		"tipo": "ISTITUTO COMPRENSIVO",
		"nome": "IC CREMA DUE",
		"indirizzo": "VIA RENZO DA CERI  2/H",
		"cap": "26013",
		"comune": "CREMA",
		"provincia": "CR"
	}
	,
	{
		"codMec": "cris009009",
		"tipo": "ISTITUTO SUPERIORE",
		"nome": "\"G. GALILEI\"",
		"indirizzo": "VIA    MATILDE DI CANOSSA,  21",
		"cap": "26013",
		"comune": "CREMA",
		"provincia": "CR"
	}
	,
	{
		"codMec": "cris011009",
		"tipo": "ISTITUTO SUPERIORE",
		"nome": "\"P.SRAFFA\"",
		"indirizzo": "VIA PIACENZA 52/C",
		"cap": "26013",
		"comune": "CREMA",
		"provincia": "CR"
	}
	,
	{
		"codMec": "cris01400r",
		"tipo": "ISTITUTO SUPERIORE",
		"nome": "I.I.S LUCA PACIOLI",
		"indirizzo": "VIA  DELLE GRAZIE, 6",
		"cap": "26013",
		"comune": "CREMA",
		"provincia": "CR"
	}
	,
	{
		"codMec": "cric82200g",
		"tipo": "ISTITUTO COMPRENSIVO",
		"nome": "IC CREMONA QUATTRO",
		"indirizzo": "VIA CORTE 1",
		"cap": "26100",
		"comune": "CREMONA",
		"provincia": "CR"
	}
	,
	{
		"codMec": "crri05000e",
		"tipo": "IST PROF INDUSTRIA E ARTIGIANATO",
		"nome": "POLO PROFESS.  PROV. \"A.P.C.- MARAZZI\"",
		"indirizzo": "V G DA CREMONA 23",
		"cap": "26100",
		"comune": "CREMONA",
		"provincia": "CR"
	}
	,
	{
		"codMec": "crps01000v",
		"tipo": "LICEO SCIENTIFICO",
		"nome": "\"G. ASELLI\"",
		"indirizzo": "VIA PALESTRO N.31",
		"cap": "26100",
		"comune": "CREMONA",
		"provincia": "CR"
	}
	,
	{
		"codMec": "crpm02000e",
		"tipo": "ISTITUTO MAGISTRALE",
		"nome": "LICEO DELLE SCIENZE UMANE\"S. ANGUISSOLA\"",
		"indirizzo": "VIA PALESTRO N.30",
		"cap": "26100",
		"comune": "CREMONA",
		"provincia": "CR"
	}
	,
	{
		"codMec": "crpc02000a",
		"tipo": "LICEO CLASSICO",
		"nome": "\"DANIELE  MANIN\"",
		"indirizzo": "VIA  CAVALLOTTI,   2",
		"cap": "26100",
		"comune": "CREMONA",
		"provincia": "CR"
	}
	,
	{
		"codMec": "crmm04400d",
		"tipo": "SCUOLA PRIMO GRADO",
		"nome": "CPIA 1 CREMONA",
		"indirizzo": "VIA PALESTRO 33",
		"cap": "26100",
		"comune": "CREMONA",
		"provincia": "CR"
	}
	,
	{
		"codMec": "cris00800d",
		"tipo": "ISTITUTO SUPERIORE",
		"nome": "\"ANTONIO STRADIVARI\"",
		"indirizzo": "VIA COLLETTA,5",
		"cap": "26100",
		"comune": "CREMONA",
		"provincia": "CR"
	}
	,
	{
		"codMec": "cris00600t",
		"tipo": "ISTITUTO SUPERIORE",
		"nome": "\"L.EINAUDI\"",
		"indirizzo": "VIA BISSOLATI, 96",
		"cap": "26100",
		"comune": "CREMONA",
		"provincia": "CR"
	}
	,
	{
		"codMec": "cris004006",
		"tipo": "ISTITUTO SUPERIORE",
		"nome": "\"J. TORRIANI\"",
		"indirizzo": "VIA  SEMINARIO,  17/19",
		"cap": "26100",
		"comune": "CREMONA",
		"provincia": "CR"
	}
	,
	{
		"codMec": "cris00300a",
		"tipo": "ISTITUTO SUPERIORE",
		"nome": "\"A. GHISLERI\"",
		"indirizzo": "VIA  PALESTRO, 35",
		"cap": "26100",
		"comune": "CREMONA",
		"provincia": "CR"
	}
	,
	{
		"codMec": "cris00200e",
		"tipo": "ISTITUTO SUPERIORE",
		"nome": "ISTITUTO DI ISTRUZIONE SUPERIORE\"STANGA\"",
		"indirizzo": "VIA MILANO, 24",
		"cap": "26100",
		"comune": "CREMONA",
		"provincia": "CR"
	}
	,
	{
		"codMec": "cric824007",
		"tipo": "ISTITUTO COMPRENSIVO",
		"nome": "IC CREMONA DUE",
		"indirizzo": "VIA      TREBBIA      1",
		"cap": "26100",
		"comune": "CREMONA",
		"provincia": "CR"
	}
	,
	{
		"codMec": "cric82300b",
		"tipo": "ISTITUTO COMPRENSIVO",
		"nome": "IC CREMONA CINQUE",
		"indirizzo": "VIA S.BERNARDO 1",
		"cap": "26100",
		"comune": "CREMONA",
		"provincia": "CR"
	}
	,
	{
		"codMec": "cric82100q",
		"tipo": "ISTITUTO COMPRENSIVO",
		"nome": "IC CREMONA UNO",
		"indirizzo": "VIA  GIOCONDA, 1",
		"cap": "26100",
		"comune": "CREMONA",
		"provincia": "CR"
	}
	,
	{
		"codMec": "cric82000x",
		"tipo": "ISTITUTO COMPRENSIVO",
		"nome": "IC CREMONA TRE",
		"indirizzo": "VIA        S. LORENZO          4",
		"cap": "26100",
		"comune": "CREMONA",
		"provincia": "CR"
	}
]