[
	{
		"codMec": "ctic81600v",
		"tipo": "ISTITUTO COMPRENSIVO",
		"nome": "IC G. FALCONE - ACICASTELLO",
		"indirizzo": "VIA CESARE BATTISTI, 12",
		"cap": "95021",
		"comune": "ACI CASTELLO",
		"provincia": "CT"
	}
	,
	{
		"codMec": "ctic80500c",
		"tipo": "ISTITUTO COMPRENSIVO",
		"nome": "IC R.RIMINI  - ACITREZZA",
		"indirizzo": "VIA        DUSMET              7/B",
		"cap": "95026",
		"comune": "ACI CASTELLO",
		"provincia": "CT"
	}
	,
	{
		"codMec": "ctee036006",
		"tipo": "CIRCOLO DIDATTICO",
		"nome": "CD   E. ROSSI   ACICATENA",
		"indirizzo": "VIA F. STRANO 79",
		"cap": "95022",
		"comune": "ACI CATENA",
		"provincia": "CT"
	}
	,
	{
		"codMec": "ctic814007",
		"tipo": "ISTITUTO COMPRENSIVO",
		"nome": "IC SCANDURA   ACI CATENA",
		"indirizzo": "VIA        DR. CHIARENZA",
		"cap": "95022",
		"comune": "ACI CATENA",
		"provincia": "CT"
	}
	,
	{
		"codMec": "ctic815003",
		"tipo": "ISTITUTO COMPRENSIVO",
		"nome": "IC F.GUGLIELMINO ACICATENA",
		"indirizzo": "VIA        DANTE ALIGHIERI     6",
		"cap": "95022",
		"comune": "ACI CATENA",
		"provincia": "CT"
	}
	,
	{
		"codMec": "ctic8as00g",
		"tipo": "ISTITUTO COMPRENSIVO",
		"nome": "II - I.C.  A. DE GASPERI",
		"indirizzo": "VIA T. NICOLA MAUGERI, N. 4",
		"cap": "95025",
		"comune": "ACI SANT\\'ANTONIO",
		"provincia": "CT"
	}
	,
	{
		"codMec": "ctic8ar00a",
		"tipo": "ISTITUTO COMPRENSIVO",
		"nome": "I - I.C.  \"FABRIZIO DE ANDRE\\'\"",
		"indirizzo": "VIA VERONICA 63",
		"cap": "95025",
		"comune": "ACI SANT\\'ANTONIO",
		"provincia": "CT"
	}
	,
	{
		"codMec": "ctps01000d",
		"tipo": "LICEO SCIENTIFICO",
		"nome": "LS ARCHIMEDE",
		"indirizzo": "VIA  L. ARIOSTO, N.37",
		"cap": "95024",
		"comune": "ACIREALE",
		"provincia": "CT"
	}
	,
	{
		"codMec": "ctpm04000a",
		"tipo": "ISTITUTO MAGISTRALE",
		"nome": "IM REGINA ELENA",
		"indirizzo": "VIA        COLLEGIO PENNISI, 13",
		"cap": "95024",
		"comune": "ACIREALE",
		"provincia": "CT"
	}
	,
	{
		"codMec": "ctis044007",
		"tipo": "ISTITUTO SUPERIORE",
		"nome": "GULLI E PENNISI",
		"indirizzo": "VIA MARIO ARCIDIACONO",
		"cap": "95024",
		"comune": "ACIREALE",
		"provincia": "CT"
	}
	,
	{
		"codMec": "ctis03300r",
		"tipo": "ISTITUTO SUPERIORE",
		"nome": "I.S.  G. FERRARIS",
		"indirizzo": "VIA TRAPANI N.4",
		"cap": "95024",
		"comune": "ACIREALE",
		"provincia": "CT"
	}
	,
	{
		"codMec": "ctis032001",
		"tipo": "ISTITUTO SUPERIORE",
		"nome": "ISTITUTO SUPERIORE MAJORANA - MEUCCI",
		"indirizzo": "VIA  GALVANI, 5",
		"cap": "95024",
		"comune": "ACIREALE",
		"provincia": "CT"
	}
	,
	{
		"codMec": "ctis008004",
		"tipo": "ISTITUTO SUPERIORE",
		"nome": "IS FILIPPO BRUNELLESCHI",
		"indirizzo": "VIA   GUICCIARDINI",
		"cap": "95024",
		"comune": "ACIREALE",
		"provincia": "CT"
	}
	,
	{
		"codMec": "ctic8av003",
		"tipo": "ISTITUTO COMPRENSIVO",
		"nome": "IV - I.C.  GALILEI ACIREALE",
		"indirizzo": "VIA MARIO ARCIDIACONO 2",
		"cap": "95024",
		"comune": "ACIREALE",
		"provincia": "CT"
	}
	,
	{
		"codMec": "ctic8au007",
		"tipo": "ISTITUTO COMPRENSIVO",
		"nome": "III - I.C. RODARI ACIREALE",
		"indirizzo": "VIA DEL CASTELLO 3  (S.G. BOSCO)",
		"cap": "95024",
		"comune": "ACIREALE",
		"provincia": "CT"
	}
	,
	{
		"codMec": "ctic8a700p",
		"tipo": "ISTITUTO COMPRENSIVO",
		"nome": "C.B.CAVOUR - CATANIA",
		"indirizzo": "VIA CARBONE,6",
		"cap": "95129",
		"comune": "CATANIA",
		"provincia": "CT"
	}
	,
	{
		"codMec": "ctic8a800e",
		"tipo": "ISTITUTO COMPRENSIVO",
		"nome": "I.C.  SAURO - GIOVANNI XXIII CA",
		"indirizzo": "VIA TORQUATO TASSO 2",
		"cap": "95123",
		"comune": "CATANIA",
		"provincia": "CT"
	}
	,
	{
		"codMec": "ctic8ab00g",
		"tipo": "ISTITUTO COMPRENSIVO",
		"nome": "IC CESARE BATTISTI CATANIA",
		"indirizzo": "VIA S.M.SALETTE 76",
		"cap": "95121",
		"comune": "CATANIA",
		"provincia": "CT"
	}
	,
	{
		"codMec": "ctic8ac00b",
		"tipo": "ISTITUTO COMPRENSIVO",
		"nome": "IC \"G. DELEDDA\" CATANIA",
		"indirizzo": "PIAZZA MONTESSORI",
		"cap": "95124",
		"comune": "CATANIA",
		"provincia": "CT"
	}
	,
	{
		"codMec": "ctic8ad007",
		"tipo": "ISTITUTO COMPRENSIVO",
		"nome": "IC  S.G. BOSCO CATANIA",
		"indirizzo": "VIA LEOTTA 13",
		"cap": "95122",
		"comune": "CATANIA",
		"provincia": "CT"
	}
	,
	{
		"codMec": "ctic8ae003",
		"tipo": "ISTITUTO COMPRENSIVO",
		"nome": "IC  TEMPESTA CATANIA",
		"indirizzo": "VIA GRAMIGNANI 97",
		"cap": "95121",
		"comune": "CATANIA",
		"provincia": "CT"
	}
	,
	{
		"codMec": "ctic8af00v",
		"tipo": "ISTITUTO COMPRENSIVO",
		"nome": "IC  M. MONTESSORI - P.MASCAGNI",
		"indirizzo": "VIA GIUSEPPE DI GREGORIO, 22",
		"cap": "95122",
		"comune": "CATANIA",
		"provincia": "CT"
	}
	,
	{
		"codMec": "ctic8ag00p",
		"tipo": "ISTITUTO COMPRENSIVO",
		"nome": "I.C. P.S. DI GUARDO - QUASIMODO",
		"indirizzo": "VIA S. VITALE 22",
		"cap": "95123",
		"comune": "CATANIA",
		"provincia": "CT"
	}
	,
	{
		"codMec": "ctic8ah00e",
		"tipo": "ISTITUTO COMPRENSIVO",
		"nome": "VESPUCCI - CAPUANA PIRANDELLO",
		"indirizzo": "VIA ZAPPALA\\' GEMELLI 3",
		"cap": "95121",
		"comune": "CATANIA",
		"provincia": "CT"
	}
	,
	{
		"codMec": "ctis007008",
		"tipo": "ISTITUTO SUPERIORE",
		"nome": "I.S.I.S. D. ABRUZZI POLITECNICO DEL MARE",
		"indirizzo": "VIALE ARTALE ALAGONA, 99",
		"cap": "95126",
		"comune": "CATANIA",
		"provincia": "CT"
	}
	,
	{
		"codMec": "ctis01700v",
		"tipo": "ISTITUTO SUPERIORE",
		"nome": "IS G. B. VACCARINI",
		"indirizzo": "VIA        ORCHIDEA, 9",
		"cap": "95123",
		"comune": "CATANIA",
		"provincia": "CT"
	}
	,
	{
		"codMec": "ctis023006",
		"tipo": "ISTITUTO SUPERIORE",
		"nome": "IS CARLO GEMMELLARO",
		"indirizzo": "CORSO  INDIPENDENZA,229",
		"cap": "95122",
		"comune": "CATANIA",
		"provincia": "CT"
	}
	,
	{
		"codMec": "ctis03400l",
		"tipo": "ISTITUTO SUPERIORE",
		"nome": "I.S. DE FELICE GIUFFRIDA - OLIVETTI",
		"indirizzo": "PIAZZA     ROMA 4",
		"cap": "95125",
		"comune": "CATANIA",
		"provincia": "CT"
	}
	,
	{
		"codMec": "ctis03800x",
		"tipo": "ISTITUTO SUPERIORE",
		"nome": "I.S.  E.FERMI - EREDIA",
		"indirizzo": "VIA PASSO GRAVINA 197",
		"cap": "95125",
		"comune": "CATANIA",
		"provincia": "CT"
	}
	,
	{
		"codMec": "ctis04300b",
		"tipo": "ISTITUTO SUPERIORE",
		"nome": "ITI G.MARCONI",
		"indirizzo": "VIA        VESCOVO MAURIZIO,82",
		"cap": "95126",
		"comune": "CATANIA",
		"provincia": "CT"
	}
	,
	{
		"codMec": "cttf01000g",
		"tipo": "ISTITUTO TECNICO INDUSTRIALE",
		"nome": "ITI ARCHIMEDE",
		"indirizzo": "VIALE      REGINA MARGHERITA 22",
		"cap": "95123",
		"comune": "CATANIA",
		"provincia": "CT"
	}
	,
	{
		"codMec": "cttf03000r",
		"tipo": "ISTITUTO TECNICO INDUSTRIALE",
		"nome": "ITI CANNIZZARO",
		"indirizzo": "VIA  CARLO PISACANE 1",
		"cap": "95122",
		"comune": "CATANIA",
		"provincia": "CT"
	}
	,
	{
		"codMec": "ctic880006",
		"tipo": "ISTITUTO COMPRENSIVO",
		"nome": "IC FELTRE - CATANIA",
		"indirizzo": "VIA DURANTE, 13",
		"cap": "95123",
		"comune": "CATANIA",
		"provincia": "CT"
	}
	,
	{
		"codMec": "ctic87500p",
		"tipo": "ISTITUTO COMPRENSIVO",
		"nome": "IC FRANCESCO PETRARCA - CATANIA",
		"indirizzo": "VIA  GIOVANNI GIOVIALE N. 11",
		"cap": "95123",
		"comune": "CATANIA",
		"provincia": "CT"
	}
	,
	{
		"codMec": "ctic86700q",
		"tipo": "ISTITUTO COMPRENSIVO",
		"nome": "I.C. FONTANAROSSA",
		"indirizzo": "VIA FONTANAROSSA 9",
		"cap": "95121",
		"comune": "CATANIA",
		"provincia": "CT"
	}
	,
	{
		"codMec": "ctic864008",
		"tipo": "ISTITUTO COMPRENSIVO",
		"nome": "IC  DUSMET - DORIA CATANIA",
		"indirizzo": "VIALE CASTAGNOLA 13",
		"cap": "95121",
		"comune": "CATANIA",
		"provincia": "CT"
	}
	,
	{
		"codMec": "ctic86300c",
		"tipo": "ISTITUTO COMPRENSIVO",
		"nome": "IC CAMPANELLA-STURZO CATANIA",
		"indirizzo": "VIALE BUMMACARO 8",
		"cap": "95121",
		"comune": "CATANIA",
		"provincia": "CT"
	}
	,
	{
		"codMec": "ctic86200l",
		"tipo": "ISTITUTO COMPRENSIVO",
		"nome": "IC PESTALOZZI CATANIA",
		"indirizzo": "VILLAGGIO S.AGATA - ZONA A",
		"cap": "95121",
		"comune": "CATANIA",
		"provincia": "CT"
	}
	,
	{
		"codMec": "ctee022008",
		"tipo": "CIRCOLO DIDATTICO",
		"nome": "CD  G.  VERGA CATANIA",
		"indirizzo": "VIA G.LEOPARDI 89/B",
		"cap": "95127",
		"comune": "CATANIA",
		"provincia": "CT"
	}
	,
	{
		"codMec": "ctee01700r",
		"tipo": "CIRCOLO DIDATTICO",
		"nome": "CD  M.RAPISARDI CATANIA",
		"indirizzo": "VIA AOSTA 31",
		"cap": "95127",
		"comune": "CATANIA",
		"provincia": "CT"
	}
	,
	{
		"codMec": "ctvc01000n",
		"tipo": "CONVITTO ANNESSO",
		"nome": "M. CUTELLI",
		"indirizzo": "VIA        VITT.EMANUELE       57",
		"cap": "95131",
		"comune": "CATANIA",
		"provincia": "CT"
	}
	,
	{
		"codMec": "ctee008002",
		"tipo": "CIRCOLO DIDATTICO",
		"nome": "CD  DE AMICIS CATANIA",
		"indirizzo": "VIA ELEONORA D\\'ANGIO\\' 79 BIS",
		"cap": "95125",
		"comune": "CATANIA",
		"provincia": "CT"
	}
	,
	{
		"codMec": "ctee016001",
		"tipo": "CIRCOLO DIDATTICO",
		"nome": "CD PIZZIGONI CATANIA",
		"indirizzo": "VIA SIENA N. 5",
		"cap": "95128",
		"comune": "CATANIA",
		"provincia": "CT"
	}
	,
	{
		"codMec": "ctic82600d",
		"tipo": "ISTITUTO COMPRENSIVO",
		"nome": "I.C. VERGA FIUMEFREDDO",
		"indirizzo": "VIA        M. RAPISARDA        38",
		"cap": "95013",
		"comune": "FIUMEFREDDO DI SICILIA",
		"provincia": "CT"
	}
	,
	{
		"codMec": "ctic8a000x",
		"tipo": "ISTITUTO COMPRENSIVO",
		"nome": "III-STITUTO COMPRENSIVO  GIARRE",
		"indirizzo": "VIALE DON MINZONI, 66",
		"cap": "95014",
		"comune": "GIARRE",
		"provincia": "CT"
	}
	,
	{
		"codMec": "ctmm00300t",
		"tipo": "SCUOLA PRIMO GRADO",
		"nome": "SMS Q.MAIORANA - CATANIA",
		"indirizzo": "VIA        CESARE BECCARIA, 87",
		"cap": "95123",
		"comune": "CATANIA",
		"provincia": "CT"
	}
	,
	{
		"codMec": "ctmm029002",
		"tipo": "SCUOLA PRIMO GRADO",
		"nome": "SMS D.ALIGHIERI - CATANIA",
		"indirizzo": "VIA        CAGLIARI            59",
		"cap": "95127",
		"comune": "CATANIA",
		"provincia": "CT"
	}
	,
	{
		"codMec": "ctmm031002",
		"tipo": "SCUOLA PRIMO GRADO",
		"nome": "SMS G.CARDUCCI - CATANIA",
		"indirizzo": "VIA        SUOR M. MAZZARELLO  35",
		"cap": "95128",
		"comune": "CATANIA",
		"provincia": "CT"
	}
	,
	{
		"codMec": "ctmm150008",
		"tipo": "SCUOLA PRIMO GRADO",
		"nome": "CPIA CATANIA 1",
		"indirizzo": "VIA VELLETRI 28",
		"cap": "95126",
		"comune": "CATANIA",
		"provincia": "CT"
	}
	,
	{
		"codMec": "ctpc040006",
		"tipo": "LICEO CLASSICO",
		"nome": "LC \"MARIO CUTELLI\"",
		"indirizzo": "VIA FIRENZE 202",
		"cap": "95128",
		"comune": "CATANIA",
		"provincia": "CT"
	}
	,
	{
		"codMec": "ctpc070002",
		"tipo": "LICEO CLASSICO",
		"nome": "LC SPEDALIERI",
		"indirizzo": "PIAZZA ANNIBALE RICCO\\' S.N.",
		"cap": "95124",
		"comune": "CATANIA",
		"provincia": "CT"
	}
	,
	{
		"codMec": "ctpm020005",
		"tipo": "ISTITUTO MAGISTRALE",
		"nome": "LICEO STATALE \"G. TURRISI COLONNA\"",
		"indirizzo": "VIA FABIO FILZI, 24",
		"cap": "95124",
		"comune": "CATANIA",
		"provincia": "CT"
	}
	,
	{
		"codMec": "ctpm03000q",
		"tipo": "ISTITUTO MAGISTRALE",
		"nome": "LICEO STATALE LOMBARDO RADICE",
		"indirizzo": "VIA        IMPERIA 21",
		"cap": "95128",
		"comune": "CATANIA",
		"provincia": "CT"
	}
	,
	{
		"codMec": "ctps020004",
		"tipo": "LICEO SCIENTIFICO",
		"nome": "LS BOGGIO LERA",
		"indirizzo": "VIA        V. EMANUELE 346",
		"cap": "95124",
		"comune": "CATANIA",
		"provincia": "CT"
	}
	,
	{
		"codMec": "ctps040009",
		"tipo": "LICEO SCIENTIFICO",
		"nome": "LS GALILEO GALILEI",
		"indirizzo": "VIA        VESCOVO MAURIZIO  73 - 75",
		"cap": "95126",
		"comune": "CATANIA",
		"provincia": "CT"
	}
	,
	{
		"codMec": "ctps06000e",
		"tipo": "LICEO SCIENTIFICO",
		"nome": "LICEO SCIENT/LINGUIST UMBERTO DI SAVOIA",
		"indirizzo": "VIA CHISARI, 8",
		"cap": "95123",
		"comune": "CATANIA",
		"provincia": "CT"
	}
	,
	{
		"codMec": "ctrh03000c",
		"tipo": "IST PROF  ALBERGHIERO",
		"nome": "IPSSA I.P.S.S.A.R.\"KAROL WOJTYLA\"CATANIA",
		"indirizzo": "VIA VITTIME CIVILI DI GUERRA N. 8",
		"cap": "95123",
		"comune": "CATANIA",
		"provincia": "CT"
	}
	,
	{
		"codMec": "ctsd02000e",
		"tipo": "ISTITUTO D\\'ARTE",
		"nome": "LICEO ARTISTICO STATALE  \"M.M. LAZZARO\"",
		"indirizzo": "VIA GENERALE AMEGLIO, 15",
		"cap": "95123",
		"comune": "CATANIA",
		"provincia": "CT"
	}
	,
	{
		"codMec": "ctsl01000a",
		"tipo": "LICEO ARTISTICO",
		"nome": "LA LICEO ARTIST. \" EMILIO GRECO\" CATANIA",
		"indirizzo": "VIA MAVILLA, 37 - VICO BUONAFE\\', 9",
		"cap": "95124",
		"comune": "CATANIA",
		"provincia": "CT"
	}
	,
	{
		"codMec": "cttb01000a",
		"tipo": "ISTITUTO TECNICO AERONAUTICO",
		"nome": "ITAER A. FERRARIN",
		"indirizzo": "VIA GALERMO, 172",
		"cap": "95123",
		"comune": "CATANIA",
		"provincia": "CT"
	}
	,
	{
		"codMec": "ctee04600r",
		"tipo": "CIRCOLO DIDATTICO",
		"nome": "CD  BIANCAVILLA  II",
		"indirizzo": "VIA DEI MANDORLI S.N.",
		"cap": "95033",
		"comune": "BIANCAVILLA",
		"provincia": "CT"
	}
	,
	{
		"codMec": "ctmm099008",
		"tipo": "SCUOLA PRIMO GRADO",
		"nome": "SMS LUIGI STURZO - BIANCAVILLA",
		"indirizzo": "VIA  CRISTOFORO COLOMBO  86",
		"cap": "95033",
		"comune": "BIANCAVILLA",
		"provincia": "CT"
	}
	,
	{
		"codMec": "ctic82000e",
		"tipo": "ISTITUTO COMPRENSIVO",
		"nome": "IC A. BRUNO - BIANCAVILLA",
		"indirizzo": "VIALE DEI FIORI",
		"cap": "95033",
		"comune": "BIANCAVILLA",
		"provincia": "CT"
	}
	,
	{
		"codMec": "ctee045001",
		"tipo": "CIRCOLO DIDATTICO",
		"nome": "CD  S.G. BOSCO  BIANCAVILLA",
		"indirizzo": "VIA B.CROCE 1",
		"cap": "95033",
		"comune": "BIANCAVILLA",
		"provincia": "CT"
	}
	,
	{
		"codMec": "ctis01100x",
		"tipo": "ISTITUTO SUPERIORE",
		"nome": "IS BENEDETTO RADICE",
		"indirizzo": "VIA SARAJEVO,1",
		"cap": "95034",
		"comune": "BRONTE",
		"provincia": "CT"
	}
	,
	{
		"codMec": "ctmm119008",
		"tipo": "SCUOLA PRIMO GRADO",
		"nome": "SMS L. CASTIGLIONE BRONTE",
		"indirizzo": "P.ZZA AVV. V.ZO CASTIGLIONE, 2",
		"cap": "95034",
		"comune": "BRONTE",
		"provincia": "CT"
	}
	,
	{
		"codMec": "ctee04800c",
		"tipo": "CIRCOLO DIDATTICO",
		"nome": "CD  BRONTE II",
		"indirizzo": "VIA STEROPE 38",
		"cap": "95034",
		"comune": "BRONTE",
		"provincia": "CT"
	}
	,
	{
		"codMec": "ctee04700l",
		"tipo": "CIRCOLO DIDATTICO",
		"nome": "CD NICOLA SPEDALIERI BRONTE",
		"indirizzo": "PIAZZA SPEDALIERI, 8",
		"cap": "95034",
		"comune": "BRONTE",
		"provincia": "CT"
	}
	,
	{
		"codMec": "ctis00900x",
		"tipo": "ISTITUTO SUPERIORE",
		"nome": "IS VEN. IGNAZIO CAPIZZI",
		"indirizzo": "VIA UMBERTO N.279",
		"cap": "95034",
		"comune": "BRONTE",
		"provincia": "CT"
	}
	,
	{
		"codMec": "ctic82100a",
		"tipo": "ISTITUTO COMPRENSIVO",
		"nome": "IC G.MACHERIONE -CALATABIANO",
		"indirizzo": "VIA        VITTORIO VENETO N. 93/95",
		"cap": "95011",
		"comune": "CALATABIANO",
		"provincia": "CT"
	}
	,
	{
		"codMec": "ctis024002",
		"tipo": "ISTITUTO SUPERIORE",
		"nome": "IS \"C.A. DALLA CHIESA\"",
		"indirizzo": "VIA        SANTA MARIA DI GESU\\' S.N.",
		"cap": "95041",
		"comune": "CALTAGIRONE",
		"provincia": "CT"
	}
	,
	{
		"codMec": "ctic823002",
		"tipo": "ISTITUTO COMPRENSIVO",
		"nome": "IC P. GOBETTI - CALTAGIRONE",
		"indirizzo": "VIA  PIERSANTI MATTARELLA S.N.",
		"cap": "95041",
		"comune": "CALTAGIRONE",
		"provincia": "CT"
	}
	,
	{
		"codMec": "ctic8ax00p",
		"tipo": "ISTITUTO COMPRENSIVO",
		"nome": "I.C. MARIA MONTESSORI",
		"indirizzo": "VIA MONTESSORI,3",
		"cap": "95041",
		"comune": "CALTAGIRONE",
		"provincia": "CT"
	}
	,
	{
		"codMec": "ctic82500n",
		"tipo": "ISTITUTO COMPRENSIVO",
		"nome": "IC A. NARBONE - CALTAGIRONE",
		"indirizzo": "VIA DEGLI STUDI, 8",
		"cap": "95041",
		"comune": "CALTAGIRONE",
		"provincia": "CT"
	}
	,
	{
		"codMec": "ctic822006",
		"tipo": "ISTITUTO COMPRENSIVO",
		"nome": "I.C. G. ARCOLEO - V. DA  FELTRE",
		"indirizzo": "VIA MADONNA DELLA VIA, 161",
		"cap": "95041",
		"comune": "CALTAGIRONE",
		"provincia": "CT"
	}
	,
	{
		"codMec": "ctis00400r",
		"tipo": "ISTITUTO SUPERIORE",
		"nome": "IIS CUCUZZA - EUCLIDE",
		"indirizzo": "VIA MARIO SCELBA N. 5",
		"cap": "95041",
		"comune": "CALTAGIRONE",
		"provincia": "CT"
	}
	,
	{
		"codMec": "ctis04900a",
		"tipo": "ISTITUTO SUPERIORE",
		"nome": "I.S. \"MAJORANA-ARCOLEO\"",
		"indirizzo": "VIA PIERSANTI MATTARELLA, 21",
		"cap": "95041",
		"comune": "CALTAGIRONE",
		"provincia": "CT"
	}
	,
	{
		"codMec": "ctis04700p",
		"tipo": "ISTITUTO SUPERIORE",
		"nome": "I.S. SECUSIO CALTAGIRONE",
		"indirizzo": "VIA MADONNA DELLA VIA 5/A",
		"cap": "95041",
		"comune": "CALTAGIRONE",
		"provincia": "CT"
	}
	,
	{
		"codMec": "ctic80300r",
		"tipo": "ISTITUTO COMPRENSIVO",
		"nome": "IC L.DA VINCI-CASTEL DI IUDICA",
		"indirizzo": "PIAZZA MARCONI, 7",
		"cap": "95040",
		"comune": "CASTEL DI IUDICA",
		"provincia": "CT"
	}
	,
	{
		"codMec": "ctic881002",
		"tipo": "ISTITUTO COMPRENSIVO",
		"nome": "MUSCO",
		"indirizzo": "VIALE G.DA VERRAZZANO 101",
		"cap": "95121",
		"comune": "CATANIA",
		"provincia": "CT"
	}
	,
	{
		"codMec": "ctic885009",
		"tipo": "ISTITUTO COMPRENSIVO",
		"nome": "IC G.PARINI - CATANIA",
		"indirizzo": "VIA S. QUASIMODO N.3",
		"cap": "95126",
		"comune": "CATANIA",
		"provincia": "CT"
	}
	,
	{
		"codMec": "ctic886005",
		"tipo": "ISTITUTO COMPRENSIVO",
		"nome": "IC V.BRANCATI - CATANIA",
		"indirizzo": "VIALE   S. TEODORO N. 2",
		"cap": "95121",
		"comune": "CATANIA",
		"provincia": "CT"
	}
	,
	{
		"codMec": "ctic887001",
		"tipo": "ISTITUTO COMPRENSIVO",
		"nome": "IC F. DE ROBERTO - CATANIA",
		"indirizzo": "VIA        CONFALONIERI 9/D",
		"cap": "95123",
		"comune": "CATANIA",
		"provincia": "CT"
	}
	,
	{
		"codMec": "ctic89200c",
		"tipo": "ISTITUTO COMPRENSIVO",
		"nome": "IC XX SETTEMBRE CATANIA",
		"indirizzo": "VIA SIGNORELLI 1",
		"cap": "95128",
		"comune": "CATANIA",
		"provincia": "CT"
	}
	,
	{
		"codMec": "ctic894004",
		"tipo": "ISTITUTO COMPRENSIVO",
		"nome": "IC MALERBA CATANIA",
		"indirizzo": "VIA PIDATELLA 127",
		"cap": "95126",
		"comune": "CATANIA",
		"provincia": "CT"
	}
	,
	{
		"codMec": "ctic89600q",
		"tipo": "ISTITUTO COMPRENSIVO",
		"nome": "IC  COPPOLA CATANIA",
		"indirizzo": "VIA MEDAGLIE D\\'ORO 25",
		"cap": "95124",
		"comune": "CATANIA",
		"provincia": "CT"
	}
	,
	{
		"codMec": "ctic89700g",
		"tipo": "ISTITUTO COMPRENSIVO",
		"nome": "\"ITALO CALVINO\"",
		"indirizzo": "VIA BRINDISI 11",
		"cap": "95125",
		"comune": "CATANIA",
		"provincia": "CT"
	}
	,
	{
		"codMec": "ctic89800b",
		"tipo": "ISTITUTO COMPRENSIVO",
		"nome": "I.C.  DIAZ - MANZONI  CATANIA",
		"indirizzo": "VIA BASILE 28",
		"cap": "95124",
		"comune": "CATANIA",
		"provincia": "CT"
	}
	,
	{
		"codMec": "ctic899007",
		"tipo": "ISTITUTO COMPRENSIVO",
		"nome": "IC  SAN GIORGIO - CATANIA",
		"indirizzo": "STR.LE SAN GIORGIO,29",
		"cap": "95121",
		"comune": "CATANIA",
		"provincia": "CT"
	}
	,
	{
		"codMec": "ctic8a600v",
		"tipo": "ISTITUTO COMPRENSIVO",
		"nome": "GIUFFRIDA",
		"indirizzo": "VIALE AFRICA 198",
		"cap": "95129",
		"comune": "CATANIA",
		"provincia": "CT"
	}
	,
	{
		"codMec": "ctic81800e",
		"tipo": "ISTITUTO COMPRENSIVO",
		"nome": "V - I.C.  P.VASTA  ACIREALE",
		"indirizzo": "VIA DOTT. ALFIO FICHERA  3",
		"cap": "95024",
		"comune": "ACIREALE",
		"provincia": "CT"
	}
	,
	{
		"codMec": "ctic81900a",
		"tipo": "ISTITUTO COMPRENSIVO",
		"nome": "VI - I.C.  GIOV. XXIII ACIREALE",
		"indirizzo": "VIA FIRENZE S.N.",
		"cap": "95024",
		"comune": "ACIREALE",
		"provincia": "CT"
	}
	,
	{
		"codMec": "ctic830005",
		"tipo": "ISTITUTO COMPRENSIVO",
		"nome": "II -IC  FUCCIO-LASPINA ACIREALE",
		"indirizzo": "VIA MONETARIO FLORISTELLA 4",
		"cap": "95024",
		"comune": "ACIREALE",
		"provincia": "CT"
	}
	,
	{
		"codMec": "ctic8at00b",
		"tipo": "ISTITUTO COMPRENSIVO",
		"nome": "I - I.C. VIA MARCH.  S.GIULIANO",
		"indirizzo": "VIA MARCHESE DI SAN GIULIANO 51",
		"cap": "95024",
		"comune": "ACIREALE",
		"provincia": "CT"
	}
	,
	{
		"codMec": "ctee04200d",
		"tipo": "CIRCOLO DIDATTICO",
		"nome": "I - CD SANTE GIUFFRIDA ADRANO",
		"indirizzo": "VIA CUSMANO DI ALCARA LI FUSI 15",
		"cap": "95031",
		"comune": "ADRANO",
		"provincia": "CT"
	}
	,
	{
		"codMec": "ctee043009",
		"tipo": "CIRCOLO DIDATTICO",
		"nome": "II - CD \"DON A. LA MELA\" ADRANO",
		"indirizzo": "VIA I MAGGIO, 1",
		"cap": "95031",
		"comune": "ADRANO",
		"provincia": "CT"
	}
	,
	{
		"codMec": "ctic8a200g",
		"tipo": "ISTITUTO COMPRENSIVO",
		"nome": "II- ISTITUTO COMPRENSIVO ADRANO",
		"indirizzo": "VIA  ROMA, 42",
		"cap": "95031",
		"comune": "ADRANO",
		"provincia": "CT"
	}
	,
	{
		"codMec": "ctic8a100q",
		"tipo": "ISTITUTO COMPRENSIVO",
		"nome": "\"GIUSEPPE GUZZARDI\"",
		"indirizzo": "VIA SAN GIOVANNI,30",
		"cap": "95031",
		"comune": "ADRANO",
		"provincia": "CT"
	}
	,
	{
		"codMec": "ctpc01000a",
		"tipo": "LICEO CLASSICO",
		"nome": "LC GIOVANNI VERGA",
		"indirizzo": "VIA S. D\\'ACQUISTO N. 16",
		"cap": "95031",
		"comune": "ADRANO",
		"provincia": "CT"
	}
	,
	{
		"codMec": "ctmm095001",
		"tipo": "SCUOLA PRIMO GRADO",
		"nome": "SMS GIUSEPPE MAZZINI - ADRANO",
		"indirizzo": "VIA        IV NOVEMBRE, SN",
		"cap": "95031",
		"comune": "ADRANO",
		"provincia": "CT"
	}
	,
	{
		"codMec": "cttd18000c",
		"tipo": "IST TEC COMMERCIALE E PER GEOMETRI",
		"nome": "PIETRO BRANCHINA",
		"indirizzo": "VIA PASQUALE SIMONE NERI",
		"cap": "95031",
		"comune": "ADRANO",
		"provincia": "CT"
	}
	,
	{
		"codMec": "ctee09000v",
		"tipo": "CIRCOLO DIDATTICO",
		"nome": "III  CD S.NICOLO\\' POLITI ADRANO",
		"indirizzo": "VIA DEI DIRITTI DEL FANCIULLO, 45",
		"cap": "95031",
		"comune": "ADRANO",
		"provincia": "CT"
	}
	,
	{
		"codMec": "ctee044005",
		"tipo": "CIRCOLO DIDATTICO",
		"nome": "CD TERESA DI CALCUTTA BELPASSO",
		"indirizzo": "PIAZZA DUOMO 9",
		"cap": "95032",
		"comune": "BELPASSO",
		"provincia": "CT"
	}
	,
	{
		"codMec": "ctic81300b",
		"tipo": "ISTITUTO COMPRENSIVO",
		"nome": "I.C.S. \"GIOVANNI PAOLO II\"",
		"indirizzo": "VIA  PIERSANTI MATTARELLA, 41/43",
		"cap": "95040",
		"comune": "BELPASSO",
		"provincia": "CT"
	}
	,
	{
		"codMec": "ctmm10300p",
		"tipo": "SCUOLA PRIMO GRADO",
		"nome": "SMS N. MARTOGLIO -  BELPASSO",
		"indirizzo": "VIA SCUOLA MEDIA",
		"cap": "95032",
		"comune": "BELPASSO",
		"provincia": "CT"
	}
	,
	{
		"codMec": "ctis001009",
		"tipo": "ISTITUTO SUPERIORE",
		"nome": "IIS MICHELE AMARI",
		"indirizzo": "VIA        PADRE AMBROGIO N.1",
		"cap": "95014",
		"comune": "GIARRE",
		"provincia": "CT"
	}
	,
	{
		"codMec": "ctic8ay00e",
		"tipo": "ISTITUTO COMPRENSIVO",
		"nome": "I.C.\"GIUSEPPE RUSSO\"",
		"indirizzo": "VIA ALDO MORO N.21/23",
		"cap": "95014",
		"comune": "GIARRE",
		"provincia": "CT"
	}
	,
	{
		"codMec": "ctic8az00a",
		"tipo": "ISTITUTO COMPRENSIVO",
		"nome": "II IST. COMPRENSIVO \"S.G.BOSCO\"",
		"indirizzo": "PIAZZA S.G. BOSCO, N. 1",
		"cap": "95014",
		"comune": "GIARRE",
		"provincia": "CT"
	}
	,
	{
		"codMec": "ctrh010007",
		"tipo": "IST PROF  ALBERGHIERO",
		"nome": "IPSSAR GIOVANNI FALCONE",
		"indirizzo": "VIA        VENETO 4",
		"cap": "95014",
		"comune": "GIARRE",
		"provincia": "CT"
	}
	,
	{
		"codMec": "ctis03900q",
		"tipo": "ISTITUTO SUPERIORE",
		"nome": "I.I.S. \"E. FERMI - GUTTUSO\"",
		"indirizzo": "VIA NUNZIO MACCARRONE, 4",
		"cap": "95014",
		"comune": "GIARRE",
		"provincia": "CT"
	}
	,
	{
		"codMec": "ctis04600v",
		"tipo": "ISTITUTO SUPERIORE",
		"nome": "I.S  MAZZEI- SABIN",
		"indirizzo": "VIA PRINCIPE DI PIEMONTE 92",
		"cap": "95014",
		"comune": "GIARRE",
		"provincia": "CT"
	}
	,
	{
		"codMec": "ctmm151004",
		"tipo": "SCUOLA PRIMO GRADO",
		"nome": "CPIA CATANIA 2",
		"indirizzo": "VIA TRIESTE, 22",
		"cap": "95014",
		"comune": "GIARRE",
		"provincia": "CT"
	}
	,
	{
		"codMec": "ctps05000x",
		"tipo": "LICEO SCIENTIFICO",
		"nome": "LS LEONARDO",
		"indirizzo": "VIA  VENETO S.N.",
		"cap": "95014",
		"comune": "GIARRE",
		"provincia": "CT"
	}
	,
	{
		"codMec": "ctic8aj00q",
		"tipo": "ISTITUTO COMPRENSIVO",
		"nome": "G.GALILEI - G.MAZZINI",
		"indirizzo": "VIA DALIA     S.N.",
		"cap": "95042",
		"comune": "GRAMMICHELE",
		"provincia": "CT"
	}
	,
	{
		"codMec": "ctee095002",
		"tipo": "CIRCOLO DIDATTICO",
		"nome": "CD  III  GRAVINA DI CATANIA",
		"indirizzo": "VICO MAJORANA, 3",
		"cap": "95030",
		"comune": "GRAVINA DI CATANIA",
		"provincia": "CT"
	}
	,
	{
		"codMec": "ctic828005",
		"tipo": "ISTITUTO COMPRENSIVO",
		"nome": "IC G. TOMASI DI LAMPEDUSA",
		"indirizzo": "VIALE  ALDO MORO N. 22",
		"cap": "95030",
		"comune": "GRAVINA DI CATANIA",
		"provincia": "CT"
	}
	,
	{
		"codMec": "ctic8a4007",
		"tipo": "ISTITUTO COMPRENSIVO",
		"nome": "I.C.   \"G.RODARI -G.NOSENGO\"",
		"indirizzo": "VIA S.PAOLO N. 107",
		"cap": "95030",
		"comune": "GRAVINA DI CATANIA",
		"provincia": "CT"
	}
	,
	{
		"codMec": "ctic83200r",
		"tipo": "ISTITUTO COMPRENSIVO",
		"nome": "SANTO CALI\\'",
		"indirizzo": "VIA        SANT\\'ANTONINO       12",
		"cap": "95015",
		"comune": "LINGUAGLOSSA",
		"provincia": "CT"
	}
	,
	{
		"codMec": "ctic81200g",
		"tipo": "ISTITUTO COMPRENSIVO",
		"nome": "\"G. GALILEI\"",
		"indirizzo": "VIALE ALDO MORO, 8",
		"cap": "95035",
		"comune": "MALETTO",
		"provincia": "CT"
	}
	,
	{
		"codMec": "ctic806008",
		"tipo": "ISTITUTO COMPRENSIVO",
		"nome": "IC CARLO LEVI - MANIACE",
		"indirizzo": "PIAZZA DELL\\'AUTONOMIA, 26",
		"cap": "95030",
		"comune": "MANIACE",
		"provincia": "CT"
	}
	,
	{
		"codMec": "ctic8ak00g",
		"tipo": "ISTITUTO COMPRENSIVO",
		"nome": "I.C.  MASCALI",
		"indirizzo": "PIAZZA DANTE ALIGHIERI",
		"cap": "95016",
		"comune": "MASCALI",
		"provincia": "CT"
	}
	,
	{
		"codMec": "ctis02600n",
		"tipo": "ISTITUTO SUPERIORE",
		"nome": "I.I.S.LICEO \"C. MARCHESI\" CL./SC.",
		"indirizzo": "VIA CASE NUOVE S.N.",
		"cap": "95030",
		"comune": "MASCALUCIA",
		"provincia": "CT"
	}
	,
	{
		"codMec": "ctee06100v",
		"tipo": "CIRCOLO DIDATTICO",
		"nome": "C.D.  \"G.FAVA\"  MASCALUCIA",
		"indirizzo": "VIA TIMPARELLO,47",
		"cap": "95030",
		"comune": "MASCALUCIA",
		"provincia": "CT"
	}
	,
	{
		"codMec": "ctic83400c",
		"tipo": "ISTITUTO COMPRENSIVO",
		"nome": "IC FEDERICO II DI SVEVIA",
		"indirizzo": "VIA DEL SOLE, SN",
		"cap": "95030",
		"comune": "MASCALUCIA",
		"provincia": "CT"
	}
	,
	{
		"codMec": "ctic8a300b",
		"tipo": "ISTITUTO COMPRENSIVO",
		"nome": "IC LEONARDO DA VINCI-MASCALUCIA",
		"indirizzo": "VIA REGIONE SICILIANA N. 12",
		"cap": "95030",
		"comune": "MASCALUCIA",
		"provincia": "CT"
	}
	,
	{
		"codMec": "ctic80800x",
		"tipo": "ISTITUTO COMPRENSIVO",
		"nome": "IC MAZZARRONE - LICODIA EUBEA",
		"indirizzo": "VIA ALCIDE DE GASPERI 1",
		"cap": "95040",
		"comune": "MAZZARRONE",
		"provincia": "CT"
	}
	,
	{
		"codMec": "ctic835008",
		"tipo": "ISTITUTO COMPRENSIVO",
		"nome": "IC \"P.CARRERA\" - MILITELLO V.C.",
		"indirizzo": "VIALE REGINA MARGHERITA, 15",
		"cap": "95043",
		"comune": "MILITELLO IN VAL DI CATANIA",
		"provincia": "CT"
	}
	,
	{
		"codMec": "ctic81100q",
		"tipo": "ISTITUTO COMPRENSIVO",
		"nome": "IC   L. CAPUANA    MINEO",
		"indirizzo": "VIA SANT\\'IPPOLITO, SN",
		"cap": "95044",
		"comune": "MINEO",
		"provincia": "CT"
	}
	,
	{
		"codMec": "ctic80900q",
		"tipo": "ISTITUTO COMPRENSIVO",
		"nome": "I.C. E. DE AMICIS  MIRABELLA I.",
		"indirizzo": "PIAZZA     ALDO MORO,7",
		"cap": "95040",
		"comune": "MIRABELLA IMBACCARI",
		"provincia": "CT"
	}
	,
	{
		"codMec": "ctic88200t",
		"tipo": "ISTITUTO COMPRENSIVO",
		"nome": "I.C. PITAGORA MISTERBIANCO",
		"indirizzo": "VIA FRATELLI CERVI N.4",
		"cap": "95045",
		"comune": "MISTERBIANCO",
		"provincia": "CT"
	}
	,
	{
		"codMec": "ctic88300n",
		"tipo": "ISTITUTO COMPRENSIVO",
		"nome": "IC DON L. MILANI MISTERBIANCO",
		"indirizzo": "VIA FEDERICO DE ROBERTO    N.  2",
		"cap": "95045",
		"comune": "MISTERBIANCO",
		"provincia": "CT"
	}
	,
	{
		"codMec": "ctic88800r",
		"tipo": "ISTITUTO COMPRENSIVO",
		"nome": "I.C. LEONARDO SCIASCIA",
		"indirizzo": "STRADALE S.G.GALERMO S/N",
		"cap": "95045",
		"comune": "MISTERBIANCO",
		"provincia": "CT"
	}
	,
	{
		"codMec": "ctic88900l",
		"tipo": "ISTITUTO COMPRENSIVO",
		"nome": "IC P. PIO DA PIETRALCINA MISTER",
		"indirizzo": "VIA MODENA 21",
		"cap": "95045",
		"comune": "MISTERBIANCO",
		"provincia": "CT"
	}
	,
	{
		"codMec": "ctic89000r",
		"tipo": "ISTITUTO COMPRENSIVO",
		"nome": "IC GABELLI MISTERBIANCO",
		"indirizzo": "VIA A.GRAMSCI",
		"cap": "95045",
		"comune": "MISTERBIANCO",
		"provincia": "CT"
	}
	,
	{
		"codMec": "ctic836004",
		"tipo": "ISTITUTO COMPRENSIVO",
		"nome": "IC L.DA VINCI - MISTERBIANCO",
		"indirizzo": "VIA      G.BARONE",
		"cap": "95045",
		"comune": "MISTERBIANCO",
		"provincia": "CT"
	}
	,
	{
		"codMec": "ctic83700x",
		"tipo": "ISTITUTO COMPRENSIVO",
		"nome": "I.C. MOTTA SANT\\'ANASTASIA",
		"indirizzo": "VIALE DELLA REGIONE  28",
		"cap": "95040",
		"comune": "MOTTA SANT\\'ANASTASIA",
		"provincia": "CT"
	}
	,
	{
		"codMec": "ctrh05000n",
		"tipo": "IST PROF  ALBERGHIERO",
		"nome": "ROCCO CHINNICI",
		"indirizzo": "VIA MANTOVA S.N.",
		"cap": "95030",
		"comune": "NICOLOSI",
		"provincia": "CT"
	}
	,
	{
		"codMec": "ctic83900g",
		"tipo": "ISTITUTO COMPRENSIVO",
		"nome": "IC C.DUSMET - NICOLOSI",
		"indirizzo": "VIA        MONTI ROSSI,  14",
		"cap": "95030",
		"comune": "NICOLOSI",
		"provincia": "CT"
	}
	,
	{
		"codMec": "ctic8a5003",
		"tipo": "ISTITUTO COMPRENSIVO",
		"nome": "GIOVANNI BLANDINI",
		"indirizzo": "VIA AMEDEO 29",
		"cap": "95046",
		"comune": "PALAGONIA",
		"provincia": "CT"
	}
	,
	{
		"codMec": "ctic84100g",
		"tipo": "ISTITUTO COMPRENSIVO",
		"nome": "IC G. PONTE - PALAGONIA",
		"indirizzo": "VIA        CIRCONVALLAZIONE    15",
		"cap": "95046",
		"comune": "PALAGONIA",
		"provincia": "CT"
	}
	,
	{
		"codMec": "ctee06900d",
		"tipo": "CIRCOLO DIDATTICO",
		"nome": "CD  III  PATERNO\\'",
		"indirizzo": "VIA PIETRO LUPO 131",
		"cap": "95047",
		"comune": "PATERNO\\'",
		"provincia": "CT"
	}
	,
	{
		"codMec": "ctic84200b",
		"tipo": "ISTITUTO COMPRENSIVO",
		"nome": "IC    G. MARCONI - PATERNO\\'",
		"indirizzo": "VIA        VIRGILIO            3",
		"cap": "95047",
		"comune": "PATERNO\\'",
		"provincia": "CT"
	}
	,
	{
		"codMec": "ctic84500v",
		"tipo": "ISTITUTO COMPRENSIVO",
		"nome": "IC DON MILANI   PATERNO\\'",
		"indirizzo": "P.LE CIVILTA\\' DEL LAVORO 1",
		"cap": "95047",
		"comune": "PATERNO\\'",
		"provincia": "CT"
	}
	,
	{
		"codMec": "ctic893008",
		"tipo": "ISTITUTO COMPRENSIVO",
		"nome": "IC G.B. NICOLOSI  -  PATERNO\\'",
		"indirizzo": "VIA SCALA VECCHIA",
		"cap": "95047",
		"comune": "PATERNO\\'",
		"provincia": "CT"
	}
	,
	{
		"codMec": "cttd160007",
		"tipo": "IST TEC COMMERCIALE E PER GEOMETRI",
		"nome": "I.T.E.\"GIOACCHINO RUSSO\"",
		"indirizzo": "VIA PARINI,S.N.",
		"cap": "95047",
		"comune": "PATERNO\\'",
		"provincia": "CT"
	}
	,
	{
		"codMec": "ctee06700t",
		"tipo": "CIRCOLO DIDATTICO",
		"nome": "C.D. \"G. LOMBARDO RADICE\"",
		"indirizzo": "VIA E. BELLIA 166",
		"cap": "95047",
		"comune": "PATERNO\\'",
		"provincia": "CT"
	}
	,
	{
		"codMec": "ctee06800n",
		"tipo": "CIRCOLO DIDATTICO",
		"nome": "CD GIOVANNI XXIII -PATERNO\\'",
		"indirizzo": "VIA VULCANO 12",
		"cap": "95047",
		"comune": "PATERNO\\'",
		"provincia": "CT"
	}
	,
	{
		"codMec": "ctis01200q",
		"tipo": "ISTITUTO SUPERIORE",
		"nome": "IS RAPISARDI PATERNO\\'",
		"indirizzo": "VIA        DEGLI STUDI 1",
		"cap": "95047",
		"comune": "PATERNO\\'",
		"provincia": "CT"
	}
	,
	{
		"codMec": "ctis016003",
		"tipo": "ISTITUTO SUPERIORE",
		"nome": "FRANCESCO REDI",
		"indirizzo": "VIA LUCANIA   1",
		"cap": "95047",
		"comune": "PATERNO\\'",
		"provincia": "CT"
	}
	,
	{
		"codMec": "ctmm106006",
		"tipo": "SCUOLA PRIMO GRADO",
		"nome": "SMS VIRGILIO  -  PATERNO\\'",
		"indirizzo": "VIA        DEGLI STUDI, 1",
		"cap": "95047",
		"comune": "PATERNO\\'",
		"provincia": "CT"
	}
	,
	{
		"codMec": "ctic86100r",
		"tipo": "ISTITUTO COMPRENSIVO",
		"nome": "IC M.PURRELLO - S.GREGORIO",
		"indirizzo": "VIA        FONDO DI GULLO",
		"cap": "95027",
		"comune": "SAN GREGORIO DI CATANIA",
		"provincia": "CT"
	}
	,
	{
		"codMec": "ctic852002",
		"tipo": "ISTITUTO COMPRENSIVO",
		"nome": "IC D. SAVIO - S. GREGORIO",
		"indirizzo": "VIA SGROPPILLO 27",
		"cap": "95027",
		"comune": "SAN GREGORIO DI CATANIA",
		"provincia": "CT"
	}
	,
	{
		"codMec": "ctic85300t",
		"tipo": "ISTITUTO COMPRENSIVO",
		"nome": "I.C. VITTORINI-S.P.CLARENZA",
		"indirizzo": "VIA DUSMET 24",
		"cap": "95030",
		"comune": "SAN PIETRO CLARENZA",
		"provincia": "CT"
	}
	,
	{
		"codMec": "ctmm064009",
		"tipo": "SCUOLA PRIMO GRADO",
		"nome": "SMS  MARIO PLUCHINOTTA",
		"indirizzo": "VIA        MARLETTA",
		"cap": "95030",
		"comune": "SANT\\'AGATA LI BATTIATI",
		"provincia": "CT"
	}
	,
	{
		"codMec": "ctee087003",
		"tipo": "CIRCOLO DIDATTICO",
		"nome": "CD  S. AGATA LI BATTIATI",
		"indirizzo": "LARGO PERLASCA, 3",
		"cap": "95030",
		"comune": "SANT\\'AGATA LI BATTIATI",
		"provincia": "CT"
	}
	,
	{
		"codMec": "ctic85000a",
		"tipo": "ISTITUTO COMPRENSIVO",
		"nome": "IC DON BOSCO - S.M.LICODIA",
		"indirizzo": "VIA SOLFERINO 63",
		"cap": "95038",
		"comune": "SANTA MARIA DI LICODIA",
		"provincia": "CT"
	}
	,
	{
		"codMec": "ctic8aq00e",
		"tipo": "ISTITUTO COMPRENSIVO",
		"nome": "I.C.  S.VENERINA",
		"indirizzo": "VIA ALDO MORO",
		"cap": "95010",
		"comune": "SANTA VENERINA",
		"provincia": "CT"
	}
	,
	{
		"codMec": "ctic8an003",
		"tipo": "ISTITUTO COMPRENSIVO",
		"nome": "I.C.S.  \" G. VERGA\" SCORDIA",
		"indirizzo": "PIAZZA CARLO ALBERTO, 10",
		"cap": "95048",
		"comune": "SCORDIA",
		"provincia": "CT"
	}
	,
	{
		"codMec": "ctis04800e",
		"tipo": "ISTITUTO SUPERIORE",
		"nome": "LS  ETTORE MAJORANA - SCORDIA",
		"indirizzo": "VIA  LUIGI CAPUANA 36",
		"cap": "95048",
		"comune": "SCORDIA",
		"provincia": "CT"
	}
	,
	{
		"codMec": "ctic8ap00p",
		"tipo": "ISTITUTO COMPRENSIVO",
		"nome": "I.C. \"SALVO BASSO\"",
		"indirizzo": "VIA BACHELET N. 01",
		"cap": "95048",
		"comune": "SCORDIA",
		"provincia": "CT"
	}
	,
	{
		"codMec": "ctic857005",
		"tipo": "ISTITUTO COMPRENSIVO",
		"nome": "I.C.\"ERCOLE PATTI\" TRECASTAGNI",
		"indirizzo": "VIA MACHIAVELLI,1",
		"cap": "95039",
		"comune": "TRECASTAGNI",
		"provincia": "CT"
	}
	,
	{
		"codMec": "ctmm06700r",
		"tipo": "SCUOLA PRIMO GRADO",
		"nome": "SMS RAFFAELLOSANZIO-TREMESTIERI",
		"indirizzo": "VIA  SAN MARCO, 03",
		"cap": "95030",
		"comune": "TREMESTIERI ETNEO",
		"provincia": "CT"
	}
	,
	{
		"codMec": "ctic858001",
		"tipo": "ISTITUTO COMPRENSIVO",
		"nome": "IC. DE AMICIS TREMESTIERI ETNEO",
		"indirizzo": "VIA  MAIORANA",
		"cap": "95030",
		"comune": "TREMESTIERI ETNEO",
		"provincia": "CT"
	}
	,
	{
		"codMec": "ctee081004",
		"tipo": "CIRCOLO DIDATTICO",
		"nome": "CD  T.DI CALCUTTA-TREMESTIERI",
		"indirizzo": "VIA GUGLIELMINO, 49",
		"cap": "95030",
		"comune": "TREMESTIERI ETNEO",
		"provincia": "CT"
	}
	,
	{
		"codMec": "ctic85500d",
		"tipo": "ISTITUTO COMPRENSIVO",
		"nome": "IC P. G. M. ALLEGRA-VALVERDE",
		"indirizzo": "VIA V.EMANUELE",
		"cap": "95028",
		"comune": "VALVERDE",
		"provincia": "CT"
	}
	,
	{
		"codMec": "ctic856009",
		"tipo": "ISTITUTO COMPRENSIVO",
		"nome": "IC GIOVANNI VERGA - VIAGRANDE",
		"indirizzo": "VIA        PACINI, 62",
		"cap": "95029",
		"comune": "VIAGRANDE",
		"provincia": "CT"
	}
	,
	{
		"codMec": "ctic85900r",
		"tipo": "ISTITUTO COMPRENSIVO",
		"nome": "I.C.S. \"GIOVANNI VERGA\"",
		"indirizzo": "VIALE MARGHERITA, 54",
		"cap": "95049",
		"comune": "VIZZINI",
		"provincia": "CT"
	}
	,
	{
		"codMec": "ctic860001",
		"tipo": "ISTITUTO COMPRENSIVO",
		"nome": "IC F.DE ROBERTO -ZAFFERANA",
		"indirizzo": "PIAZZALE TIENANMEN             5",
		"cap": "95019",
		"comune": "ZAFFERANA ETNEA",
		"provincia": "CT"
	}
	,
	{
		"codMec": "ctee08300q",
		"tipo": "CIRCOLO DIDATTICO",
		"nome": "CD  ZAFFERANA ETNEA",
		"indirizzo": "VIA F.DE ROBERTO, 113",
		"cap": "95019",
		"comune": "ZAFFERANA ETNEA",
		"provincia": "CT"
	}
	,
	{
		"codMec": "ctpm01000e",
		"tipo": "ISTITUTO MAGISTRALE",
		"nome": "LICEO STATALE  FRANCESCO DE SANCTIS",
		"indirizzo": "VIA FOGAZZARO,18",
		"cap": "95047",
		"comune": "PATERNO\\'",
		"provincia": "CT"
	}
	,
	{
		"codMec": "ctps03000p",
		"tipo": "LICEO SCIENTIFICO",
		"nome": "LS FERMI",
		"indirizzo": "CORSO DEL POPOLO, N.1",
		"cap": "95047",
		"comune": "PATERNO\\'",
		"provincia": "CT"
	}
	,
	{
		"codMec": "ctic83800q",
		"tipo": "ISTITUTO COMPRENSIVO",
		"nome": "IC S. CASELLA  PEDARA",
		"indirizzo": "VIA E.D\\'ANGIO\\' N.14",
		"cap": "95030",
		"comune": "PEDARA",
		"provincia": "CT"
	}
	,
	{
		"codMec": "ctic89100l",
		"tipo": "ISTITUTO COMPRENSIVO",
		"nome": "I. C. DE CRUYLLAS - RAMACCA",
		"indirizzo": "VIALE LIBERTA\\', 20",
		"cap": "95040",
		"comune": "RAMACCA",
		"provincia": "CT"
	}
	,
	{
		"codMec": "ctis04200g",
		"tipo": "ISTITUTO SUPERIORE",
		"nome": "I.S.  RAMACCA - PALAGONIA",
		"indirizzo": "VIA FASTUCHERIA, 48",
		"cap": "95040",
		"comune": "RAMACCA",
		"provincia": "CT"
	}
	,
	{
		"codMec": "ctee073005",
		"tipo": "CIRCOLO DIDATTICO",
		"nome": "CD DON  MILANI   RANDAZZO",
		"indirizzo": "VIA VITTORIO VENETO 4",
		"cap": "95036",
		"comune": "RANDAZZO",
		"provincia": "CT"
	}
	,
	{
		"codMec": "ctic84700e",
		"tipo": "ISTITUTO COMPRENSIVO",
		"nome": "IC E. DE AMICIS - RANDAZZO",
		"indirizzo": "PIAZZA     LORETO",
		"cap": "95036",
		"comune": "RANDAZZO",
		"provincia": "CT"
	}
	,
	{
		"codMec": "ctis00600c",
		"tipo": "ISTITUTO SUPERIORE",
		"nome": "IS ENRICO MEDI",
		"indirizzo": "VIA PAPA GIOVANNI PAOLO II",
		"cap": "95036",
		"comune": "RANDAZZO",
		"provincia": "CT"
	}
	,
	{
		"codMec": "ctis01300g",
		"tipo": "ISTITUTO SUPERIORE",
		"nome": "I.S. ITN-ITG-IPS  RIPOSTO",
		"indirizzo": "VIA    PIO LA TORRE, 1",
		"cap": "95018",
		"comune": "RIPOSTO",
		"provincia": "CT"
	}
	,
	{
		"codMec": "ctic8al00b",
		"tipo": "ISTITUTO COMPRENSIVO",
		"nome": "I.C.  GIOVANNI VERGA RIPOSTO",
		"indirizzo": "VIA CIALDINI,122",
		"cap": "95018",
		"comune": "RIPOSTO",
		"provincia": "CT"
	}
	,
	{
		"codMec": "ctic84800a",
		"tipo": "ISTITUTO COMPRENSIVO",
		"nome": "IC DALLA CHIESA-S.G.LA PUNTA",
		"indirizzo": "VIA BALATELLE N.18",
		"cap": "95037",
		"comune": "SAN GIOVANNI LA PUNTA",
		"provincia": "CT"
	}
	,
	{
		"codMec": "cttd190003",
		"tipo": "IST TEC COMMERCIALE E PER GEOMETRI",
		"nome": "IIS \"ENRICO DE NICOLA\"",
		"indirizzo": "VIA G. MOTTA N.87",
		"cap": "95037",
		"comune": "SAN GIOVANNI LA PUNTA",
		"provincia": "CT"
	}
	,
	{
		"codMec": "ctps10000q",
		"tipo": "LICEO SCIENTIFICO",
		"nome": "LICEO SC. MAJORANA S.G.LA PUNTA",
		"indirizzo": "VIA  G. MOTTA 87",
		"cap": "95037",
		"comune": "SAN GIOVANNI LA PUNTA",
		"provincia": "CT"
	}
	,
	{
		"codMec": "ctic8am007",
		"tipo": "ISTITUTO COMPRENSIVO",
		"nome": "I.C.  \" G.FALCONE\" S.G.LA PUNTA",
		"indirizzo": "VIA PISA-PIAZZA GIOVANNI XXIII",
		"cap": "95037",
		"comune": "SAN GIOVANNI LA PUNTA",
		"provincia": "CT"
	}
	,
	{
		"codMec": "cttf13000n",
		"tipo": "ISTITUTO TECNICO INDUSTRIALE",
		"nome": "ITIS \"G. FERRARIS\"",
		"indirizzo": "VIA G. MOTTA N.85",
		"cap": "95037",
		"comune": "SAN GIOVANNI LA PUNTA",
		"provincia": "CT"
	}
]