[
	{
		"codMec": "imic80800q",
		"tipo": "ISTITUTO COMPRENSIVO",
		"nome": "I.C. BORDIGHERA",
		"indirizzo": "VIA PELLOUX",
		"cap": "18012",
		"comune": "BORDIGHERA",
		"provincia": "IM"
	}
	,
	{
		"codMec": "imic80200r",
		"tipo": "ISTITUTO COMPRENSIVO",
		"nome": "I.C. DELLA VAL NERVIA",
		"indirizzo": "VIA SAN ROCCO",
		"cap": "18033",
		"comune": "CAMPOROSSO",
		"provincia": "IM"
	}
	,
	{
		"codMec": "imic801001",
		"tipo": "ISTITUTO COMPRENSIVO",
		"nome": "I.C. DIANO MARINA",
		"indirizzo": "VIA G. BIANCHERI, 52",
		"cap": "18013",
		"comune": "DIANO MARINA",
		"provincia": "IM"
	}
	,
	{
		"codMec": "imps010009",
		"tipo": "LICEO SCIENTIFICO",
		"nome": "\"G.P.VIEUSSEUX\"",
		"indirizzo": "VIA  TERRE BIANCHE, 1",
		"cap": "18100",
		"comune": "IMPERIA",
		"provincia": "IM"
	}
	,
	{
		"codMec": "impm01000a",
		"tipo": "ISTITUTO MAGISTRALE",
		"nome": "LICEO \"C.AMORETTI\"",
		"indirizzo": "PIAZZETTA DENEGRI, 2",
		"cap": "18100",
		"comune": "IMPERIA",
		"provincia": "IM"
	}
	,
	{
		"codMec": "imis00800x",
		"tipo": "ISTITUTO SUPERIORE",
		"nome": "I.I.S.  \"G. MARCONI\"",
		"indirizzo": "VIA GIBELLI, 4",
		"cap": "18100",
		"comune": "IMPERIA",
		"provincia": "IM"
	}
	,
	{
		"codMec": "imis002001",
		"tipo": "ISTITUTO SUPERIORE",
		"nome": "POLO TECNOLOGICO IMPERIESE",
		"indirizzo": "VIA SANTA LUCIA, 31",
		"cap": "18100",
		"comune": "IMPERIA",
		"provincia": "IM"
	}
	,
	{
		"codMec": "imsd01000q",
		"tipo": "ISTITUTO D\\'ARTE",
		"nome": "LICEO ARTISTICO",
		"indirizzo": "VIA AGNESI 19 IMPERIA",
		"cap": "18100",
		"comune": "IMPERIA",
		"provincia": "IM"
	}
	,
	{
		"codMec": "imic81000q",
		"tipo": "ISTITUTO COMPRENSIVO",
		"nome": "I.C. LITTARDI",
		"indirizzo": "VIALE DELLA RIMEMBRANZA, 16",
		"cap": "18100",
		"comune": "IMPERIA",
		"provincia": "IM"
	}
	,
	{
		"codMec": "imic81100g",
		"tipo": "ISTITUTO COMPRENSIVO",
		"nome": "I.C. SAURO IMPERIA",
		"indirizzo": "VIA GIBELLI, 2",
		"cap": "18100",
		"comune": "IMPERIA",
		"provincia": "IM"
	}
	,
	{
		"codMec": "imic81200b",
		"tipo": "ISTITUTO COMPRENSIVO",
		"nome": "I.C. \"M.NOVARO\"",
		"indirizzo": "LARGO GHIGLIA, 19",
		"cap": "18100",
		"comune": "IMPERIA",
		"provincia": "IM"
	}
	,
	{
		"codMec": "imis006008",
		"tipo": "ISTITUTO SUPERIORE",
		"nome": "\"G.RUFFINI\"",
		"indirizzo": "VIA TERRE BIANCHE,  1",
		"cap": "18100",
		"comune": "IMPERIA",
		"provincia": "IM"
	}
	,
	{
		"codMec": "imic80900g",
		"tipo": "ISTITUTO COMPRENSIVO",
		"nome": "I.C. \"G.BOINE\"",
		"indirizzo": "VIALE RIMEMBRANZE, 31",
		"cap": "18100",
		"comune": "IMPERIA",
		"provincia": "IM"
	}
	,
	{
		"codMec": "imic800005",
		"tipo": "ISTITUTO COMPRENSIVO",
		"nome": "I.C. PIEVE DI TECO-PONTEDASSIO",
		"indirizzo": "PIAZZA BORELLI, 2",
		"cap": "18026",
		"comune": "PIEVE DI TECO",
		"provincia": "IM"
	}
	,
	{
		"codMec": "imic80300l",
		"tipo": "ISTITUTO COMPRENSIVO",
		"nome": "I.C. RIVA LIGURE - S. LORENZO",
		"indirizzo": "VIA    CARAVELLO N. 3",
		"cap": "18015",
		"comune": "RIVA LIGURE",
		"provincia": "IM"
	}
	,
	{
		"codMec": "imic81700e",
		"tipo": "ISTITUTO COMPRENSIVO",
		"nome": "I.C. SAN REMO LEVANTE",
		"indirizzo": "CORSO CAVALLOTTI, 92",
		"cap": "18038",
		"comune": "SAN REMO",
		"provincia": "IM"
	}
	,
	{
		"codMec": "imic814003",
		"tipo": "ISTITUTO COMPRENSIVO",
		"nome": "I.C. SAN REMO CENTRO PONENTE",
		"indirizzo": "VIA DANTE ALIGHIERI, 216",
		"cap": "18038",
		"comune": "SAN REMO",
		"provincia": "IM"
	}
	,
	{
		"codMec": "imic813007",
		"tipo": "ISTITUTO COMPRENSIVO",
		"nome": "I.C. SAN REMO CENTRO LEVANTE",
		"indirizzo": "VIA VOLTA, 101",
		"cap": "18138",
		"comune": "SAN REMO",
		"provincia": "IM"
	}
	,
	{
		"codMec": "imic81500v",
		"tipo": "ISTITUTO COMPRENSIVO",
		"nome": "I.C. SANREMO PONENTE",
		"indirizzo": "VIA PANIZZI, 4",
		"cap": "18038",
		"comune": "SAN REMO",
		"provincia": "IM"
	}
	,
	{
		"codMec": "impc040002",
		"tipo": "LICEO CLASSICO",
		"nome": "\"G.D.CASSINI\"",
		"indirizzo": "CORSO  FELICE CAVALLOTTI 53",
		"cap": "18038",
		"comune": "SAN REMO",
		"provincia": "IM"
	}
	,
	{
		"codMec": "imis007004",
		"tipo": "ISTITUTO SUPERIORE",
		"nome": "\"C.COLOMBO\"",
		"indirizzo": "P.ZZA EROI SANREMESI 77 A",
		"cap": "18038",
		"comune": "SAN REMO",
		"provincia": "IM"
	}
	,
	{
		"codMec": "imis00400l",
		"tipo": "ISTITUTO SUPERIORE",
		"nome": "\"E.RUFFINI - D.AICARDI\"",
		"indirizzo": "VIA LUNGOMARE N.141",
		"cap": "18018",
		"comune": "TAGGIA",
		"provincia": "IM"
	}
	,
	{
		"codMec": "imic805008",
		"tipo": "ISTITUTO COMPRENSIVO",
		"nome": "I.C. TAGGIA",
		"indirizzo": "VIA O. ANFOSSI",
		"cap": "18018",
		"comune": "TAGGIA",
		"provincia": "IM"
	}
	,
	{
		"codMec": "immm04500q",
		"tipo": "SCUOLA PRIMO GRADO",
		"nome": "CPIA IMPERIA",
		"indirizzo": "VIALE RIMEMBRANZE, 31",
		"cap": "18100",
		"comune": "TAGGIA",
		"provincia": "IM"
	}
	,
	{
		"codMec": "imic80400c",
		"tipo": "ISTITUTO COMPRENSIVO",
		"nome": "I.C. ARMA",
		"indirizzo": "VIA COLOMBO, 47",
		"cap": "18018",
		"comune": "TAGGIA",
		"provincia": "IM"
	}
	,
	{
		"codMec": "imic806004",
		"tipo": "ISTITUTO COMPRENSIVO",
		"nome": "I.C. A.DORIA  VALLECROSIA",
		"indirizzo": "VIA S. ROCCO N. 2 BIS",
		"cap": "18019",
		"comune": "VALLECROSIA",
		"provincia": "IM"
	}
	,
	{
		"codMec": "imic81800a",
		"tipo": "ISTITUTO COMPRENSIVO",
		"nome": "I.C. \"G.BIANCHERI-VENTIMIGLIA\"",
		"indirizzo": "VIA ROMA",
		"cap": "18039",
		"comune": "VENTIMIGLIA",
		"provincia": "IM"
	}
	,
	{
		"codMec": "imis001005",
		"tipo": "ISTITUTO SUPERIORE",
		"nome": "\"FERMI-POLO-MONTALE\"",
		"indirizzo": "VIA ROMA,61- VENTIMIGLIA",
		"cap": "18039",
		"comune": "VENTIMIGLIA",
		"provincia": "IM"
	}
	,
	{
		"codMec": "imic81600p",
		"tipo": "ISTITUTO COMPRENSIVO",
		"nome": "I.C. N. 2 \"CAVOUR\"",
		"indirizzo": "VIA NERVIA, 28",
		"cap": "18039",
		"comune": "VENTIMIGLIA",
		"provincia": "IM"
	}
	,
	{
		"codMec": "imps03000e",
		"tipo": "LICEO SCIENTIFICO",
		"nome": "\"A.APROSIO\"",
		"indirizzo": "VIA BRUNO CORTI, 7",
		"cap": "18039",
		"comune": "VENTIMIGLIA",
		"provincia": "IM"
	}
]