[
	{
		"codMec": "luic84000p",
		"tipo": "ISTITUTO COMPRENSIVO",
		"nome": "ALTOPASCIO",
		"indirizzo": "PIAZZA DANTE ALIGHIERI N.1",
		"cap": "55011",
		"comune": "ALTOPASCIO",
		"provincia": "LU"
	}
	,
	{
		"codMec": "luic822005",
		"tipo": "ISTITUTO COMPRENSIVO",
		"nome": "IST.COMPRENSIVO BAGNI DI LUCCA",
		"indirizzo": "PIAZZA SALVO D\\'ACQUISTO",
		"cap": "55022",
		"comune": "BAGNI DI LUCCA",
		"provincia": "LU"
	}
	,
	{
		"codMec": "luic81300a",
		"tipo": "ISTITUTO COMPRENSIVO",
		"nome": "GIOVANNI PASCOLI",
		"indirizzo": "VIA ROMA 31",
		"cap": "55051",
		"comune": "BARGA",
		"provincia": "LU"
	}
	,
	{
		"codMec": "luis00300x",
		"tipo": "ISTITUTO SUPERIORE",
		"nome": "ISTITUTO SUPERIORE DI ISTRUZIONE BARGA",
		"indirizzo": "VIA DELL\\'ACQUEDOTTO, 18",
		"cap": "55051",
		"comune": "BARGA",
		"provincia": "LU"
	}
	,
	{
		"codMec": "luic814006",
		"tipo": "ISTITUTO COMPRENSIVO",
		"nome": "IC BORGO A MOZZANO",
		"indirizzo": "VIA S.FRANCESCO 17",
		"cap": "55023",
		"comune": "BORGO A MOZZANO",
		"provincia": "LU"
	}
	,
	{
		"codMec": "luis01900d",
		"tipo": "ISTITUTO SUPERIORE",
		"nome": "CHINI - MICHELANGELO",
		"indirizzo": "VIA BEATA 40",
		"cap": "55041",
		"comune": "CAMAIORE",
		"provincia": "LU"
	}
	,
	{
		"codMec": "luic82900x",
		"tipo": "ISTITUTO COMPRENSIVO",
		"nome": "IST.COMPRENSIVO CAMAIORE 1",
		"indirizzo": "VIA ANDREUCCETTI, 13",
		"cap": "55041",
		"comune": "CAMAIORE",
		"provincia": "LU"
	}
	,
	{
		"codMec": "luic81100p",
		"tipo": "ISTITUTO COMPRENSIVO",
		"nome": "IST.COMPRENSIVO CAMAIORE 3",
		"indirizzo": "VIA GIACOMO GIACOSA",
		"cap": "55041",
		"comune": "CAMAIORE",
		"provincia": "LU"
	}
	,
	{
		"codMec": "luic83200q",
		"tipo": "ISTITUTO COMPRENSIVO",
		"nome": "GIORGIO GABER",
		"indirizzo": "VIA TRIESTE N.85",
		"cap": "55043",
		"comune": "CAMAIORE",
		"provincia": "LU"
	}
	,
	{
		"codMec": "luic81600t",
		"tipo": "ISTITUTO COMPRENSIVO",
		"nome": "IST.COMPRENSIVO DI CAMPORGIANO",
		"indirizzo": "PIAZZA DEL CENTENARIO",
		"cap": "55031",
		"comune": "CAMPORGIANO",
		"provincia": "LU"
	}
	,
	{
		"codMec": "luic83700v",
		"tipo": "ISTITUTO COMPRENSIVO",
		"nome": "DON ALDO MEI",
		"indirizzo": "VIA SARZANESE, 446",
		"cap": "55061",
		"comune": "CAPANNORI",
		"provincia": "LU"
	}
	,
	{
		"codMec": "luic836003",
		"tipo": "ISTITUTO COMPRENSIVO",
		"nome": "CARLO PIAGGIA",
		"indirizzo": "VIA DEL CASALINO",
		"cap": "55012",
		"comune": "CAPANNORI",
		"provincia": "LU"
	}
	,
	{
		"codMec": "luic835007",
		"tipo": "ISTITUTO COMPRENSIVO",
		"nome": "CAMIGLIANO",
		"indirizzo": "LOC.PIANACCE",
		"cap": "55010",
		"comune": "CAPANNORI",
		"provincia": "LU"
	}
	,
	{
		"codMec": "luic83800p",
		"tipo": "ISTITUTO COMPRENSIVO",
		"nome": "I.C. \"ILIO MICHELONI\" LAMMARI",
		"indirizzo": "VIALE   EUROPA, 135",
		"cap": "55013",
		"comune": "CAPANNORI",
		"provincia": "LU"
	}
	,
	{
		"codMec": "luic827008",
		"tipo": "ISTITUTO COMPRENSIVO",
		"nome": "IST. COMPRENSIVO DI CASTELNUOVO",
		"indirizzo": "VIA ROMA, 22",
		"cap": "55032",
		"comune": "CASTELNUOVO DI GARFAGNANA",
		"provincia": "LU"
	}
	,
	{
		"codMec": "lups020003",
		"tipo": "LICEO SCIENTIFICO",
		"nome": "\"BARSANTI E MATTEUCCI\"",
		"indirizzo": "VIA IV NOVEMBRE N.151",
		"cap": "55049",
		"comune": "VIAREGGIO",
		"provincia": "LU"
	}
	,
	{
		"codMec": "lupc010009",
		"tipo": "LICEO CLASSICO",
		"nome": "\"G.CARDUCCI\"",
		"indirizzo": "VIA IV NOVEMBRE N.62",
		"cap": "55049",
		"comune": "VIAREGGIO",
		"provincia": "LU"
	}
	,
	{
		"codMec": "luis023005",
		"tipo": "ISTITUTO SUPERIORE",
		"nome": "ISTITUTO D\\'ISTRUZIONE SUP.RE \"C.PIAGGIA\"",
		"indirizzo": "VIA GIANNESSI N?5",
		"cap": "55049",
		"comune": "VIAREGGIO",
		"provincia": "LU"
	}
	,
	{
		"codMec": "luis02100d",
		"tipo": "ISTITUTO SUPERIORE",
		"nome": "G. MARCONI",
		"indirizzo": "VIA TRIESTE  ANGOLO VIA VIRGILIO 25",
		"cap": "55049",
		"comune": "VIAREGGIO",
		"provincia": "LU"
	}
	,
	{
		"codMec": "luis01800n",
		"tipo": "ISTITUTO SUPERIORE",
		"nome": "\"GALILEI-ARTIGLIO\"",
		"indirizzo": "VIA AURELIA NORD N.342",
		"cap": "55049",
		"comune": "VIAREGGIO",
		"provincia": "LU"
	}
	,
	{
		"codMec": "luic83300g",
		"tipo": "ISTITUTO COMPRENSIVO",
		"nome": "IST.COMPRENSIVO TORRE DEL LAGO",
		"indirizzo": "VIA VERDI,32",
		"cap": "55049",
		"comune": "VIAREGGIO",
		"provincia": "LU"
	}
	,
	{
		"codMec": "luic82000d",
		"tipo": "ISTITUTO COMPRENSIVO",
		"nome": "IC CENTRO-MIGLIARINA MOTTO",
		"indirizzo": "VIA PUCCINI, 366",
		"cap": "55049",
		"comune": "VIAREGGIO",
		"provincia": "LU"
	}
	,
	{
		"codMec": "luic819009",
		"tipo": "ISTITUTO COMPRENSIVO",
		"nome": "IST.COMP.MARCO POLO \"VIANI\"",
		"indirizzo": "VIA PISTOIA, 68",
		"cap": "55049",
		"comune": "VIAREGGIO",
		"provincia": "LU"
	}
	,
	{
		"codMec": "luic81800d",
		"tipo": "ISTITUTO COMPRENSIVO",
		"nome": "DON LORENZO MILANI",
		"indirizzo": "VIA LENCI 3",
		"cap": "55049",
		"comune": "VIAREGGIO",
		"provincia": "LU"
	}
	,
	{
		"codMec": "luic83900e",
		"tipo": "ISTITUTO COMPRENSIVO",
		"nome": "DARSENA",
		"indirizzo": "VIA MENINI",
		"cap": "55049",
		"comune": "VIAREGGIO",
		"provincia": "LU"
	}
	,
	{
		"codMec": "luis00400q",
		"tipo": "ISTITUTO SUPERIORE",
		"nome": "GARFAGNANA",
		"indirizzo": "VIA XX APRILE, 12",
		"cap": "55032",
		"comune": "CASTELNUOVO DI GARFAGNANA",
		"provincia": "LU"
	}
	,
	{
		"codMec": "luic82500l",
		"tipo": "ISTITUTO COMPRENSIVO",
		"nome": "IST.COMPR.CASTIGLIONE DI GARF.",
		"indirizzo": "LOC. LA VIGNA",
		"cap": "55033",
		"comune": "CASTIGLIONE DI GARFAGNANA",
		"provincia": "LU"
	}
	,
	{
		"codMec": "luic821009",
		"tipo": "ISTITUTO COMPRENSIVO",
		"nome": "IST.COMPRENSIVO DI COREGLIA",
		"indirizzo": "VIA NAZIONALE,120",
		"cap": "55025",
		"comune": "COREGLIA ANTELMINELLI",
		"provincia": "LU"
	}
	,
	{
		"codMec": "luic81700n",
		"tipo": "ISTITUTO COMPRENSIVO",
		"nome": "IST.COMPRENSIVO FORTE DEI MARMI",
		"indirizzo": "VIA P.IGNAZIO DA CARRARA, 79",
		"cap": "55042",
		"comune": "FORTE DEI MARMI",
		"provincia": "LU"
	}
	,
	{
		"codMec": "luic82400r",
		"tipo": "ISTITUTO COMPRENSIVO",
		"nome": "IST.COMPRENSIVO DI GALLICANO",
		"indirizzo": "VIA MARESCIALLO G.GUAZZELLI N.2",
		"cap": "55027",
		"comune": "GALLICANO",
		"provincia": "LU"
	}
	,
	{
		"codMec": "luis016002",
		"tipo": "ISTITUTO SUPERIORE",
		"nome": "POLO SC. TEC. PROF.LE \"FERMI - GIORGI\"",
		"indirizzo": "VIA CARLO PIAGGIA, 160",
		"cap": "55100",
		"comune": "LUCCA",
		"provincia": "LU"
	}
	,
	{
		"codMec": "luis01200p",
		"tipo": "ISTITUTO SUPERIORE",
		"nome": "ISI \"S.PERTINI\"",
		"indirizzo": "VIALE CAVOUR, 267",
		"cap": "55100",
		"comune": "LUCCA",
		"provincia": "LU"
	}
	,
	{
		"codMec": "luis01700t",
		"tipo": "ISTITUTO SUPERIORE",
		"nome": "\"CARRARA-NOTTOLINI-BUSDRAGHI\"",
		"indirizzo": "VIALE GUGLIELMO MARCONI N.69",
		"cap": "55100",
		"comune": "LUCCA",
		"provincia": "LU"
	}
	,
	{
		"codMec": "lumm08300n",
		"tipo": "SCUOLA PRIMO GRADO",
		"nome": "CPIA 1 LUCCA",
		"indirizzo": "VIA DON MINZONI",
		"cap": "55100",
		"comune": "LUCCA",
		"provincia": "LU"
	}
	,
	{
		"codMec": "luis001008",
		"tipo": "ISTITUTO SUPERIORE",
		"nome": "\"N.MACHIAVELLI\"",
		"indirizzo": "VIA DEGLI ASILI 35",
		"cap": "55100",
		"comune": "LUCCA",
		"provincia": "LU"
	}
	,
	{
		"codMec": "lups01000c",
		"tipo": "LICEO SCIENTIFICO",
		"nome": "\"A.VALLISNERI\"",
		"indirizzo": "VIA DELLE ROSE N.68",
		"cap": "55100",
		"comune": "LUCCA",
		"provincia": "LU"
	}
	,
	{
		"codMec": "luic849005",
		"tipo": "ISTITUTO COMPRENSIVO",
		"nome": "ISTITUTO COMPRENSIVO LUCCA 2",
		"indirizzo": "PIAZZA ALDO MORO, 185",
		"cap": "55100",
		"comune": "LUCCA",
		"provincia": "LU"
	}
	,
	{
		"codMec": "luic848009",
		"tipo": "ISTITUTO COMPRENSIVO",
		"nome": "LUCCA CENTRO STORICO",
		"indirizzo": "PIAZZA S.PONZIANO 6",
		"cap": "55100",
		"comune": "LUCCA",
		"provincia": "LU"
	}
	,
	{
		"codMec": "luic84700d",
		"tipo": "ISTITUTO COMPRENSIVO",
		"nome": "LUCCA 6",
		"indirizzo": "VIA DELLE CORNACCHIE, 1103",
		"cap": "55100",
		"comune": "LUCCA",
		"provincia": "LU"
	}
	,
	{
		"codMec": "luic84600n",
		"tipo": "ISTITUTO COMPRENSIVO",
		"nome": "LUCCA TERZO",
		"indirizzo": "VIA DON MINZONI,244",
		"cap": "55100",
		"comune": "LUCCA",
		"provincia": "LU"
	}
	,
	{
		"codMec": "lusl02000x",
		"tipo": "LICEO ARTISTICO",
		"nome": "LICEO ARTISTICO MUSICALE \"A.PASSAGLIA\"",
		"indirizzo": "VIA FILLUNGO N.2O5",
		"cap": "55100",
		"comune": "LUCCA",
		"provincia": "LU"
	}
	,
	{
		"codMec": "luic843006",
		"tipo": "ISTITUTO COMPRENSIVO",
		"nome": "LUCCA QUINTO",
		"indirizzo": "VIA G. VOLPI, 139",
		"cap": "55100",
		"comune": "LUCCA",
		"provincia": "LU"
	}
	,
	{
		"codMec": "luic844002",
		"tipo": "ISTITUTO COMPRENSIVO",
		"nome": "LUCCA 7",
		"indirizzo": "VIA DELLE SCUOLE, 38",
		"cap": "55100",
		"comune": "LUCCA",
		"provincia": "LU"
	}
	,
	{
		"codMec": "luic84500t",
		"tipo": "ISTITUTO COMPRENSIVO",
		"nome": "ISTITUTO COMPRENSIVO LUCCA 4",
		"indirizzo": "VIA S.MARCO",
		"cap": "55100",
		"comune": "LUCCA",
		"provincia": "LU"
	}
	,
	{
		"codMec": "luic830004",
		"tipo": "ISTITUTO COMPRENSIVO",
		"nome": "IST.COMPRENSIVO MASSAROSA 1",
		"indirizzo": "VIA CAVALIERI V. VENETO 221",
		"cap": "55054",
		"comune": "MASSAROSA",
		"provincia": "LU"
	}
	,
	{
		"codMec": "luic83100x",
		"tipo": "ISTITUTO COMPRENSIVO",
		"nome": "ARMANDO SFORZI EX MASSAROSA 2",
		"indirizzo": "VIA DELLE SEZIONI N.235",
		"cap": "55040",
		"comune": "MASSAROSA",
		"provincia": "LU"
	}
	,
	{
		"codMec": "luic84200a",
		"tipo": "ISTITUTO COMPRENSIVO",
		"nome": "IST. COMPR. STATALE MONTECARLO",
		"indirizzo": "VIA DI S.GIUSEPPE 27",
		"cap": "55015",
		"comune": "MONTECARLO",
		"provincia": "LU"
	}
	,
	{
		"codMec": "luic823001",
		"tipo": "ISTITUTO COMPRENSIVO",
		"nome": "IST.COMPRENSIVO \"G. PUCCINI\"",
		"indirizzo": "VIA PEDOGNA, 3",
		"cap": "55064",
		"comune": "PESCAGLIA",
		"provincia": "LU"
	}
	,
	{
		"codMec": "luic82600c",
		"tipo": "ISTITUTO COMPRENSIVO",
		"nome": "IST.COMP.PIAZZA AL SERCHIO",
		"indirizzo": "VIA VALLI, 34",
		"cap": "55035",
		"comune": "PIAZZA AL SERCHIO",
		"provincia": "LU"
	}
	,
	{
		"codMec": "luic83400b",
		"tipo": "ISTITUTO COMPRENSIVO",
		"nome": "PIETRASANTA 1",
		"indirizzo": "VIA GARIBALDI, 72",
		"cap": "55045",
		"comune": "PIETRASANTA",
		"provincia": "LU"
	}
	,
	{
		"codMec": "luis01400a",
		"tipo": "ISTITUTO SUPERIORE",
		"nome": "DON LAZZERI - STAGI",
		"indirizzo": "PIAZZA MATTEOTTI, 35",
		"cap": "55045",
		"comune": "PIETRASANTA",
		"provincia": "LU"
	}
	,
	{
		"codMec": "luis007007",
		"tipo": "ISTITUTO SUPERIORE",
		"nome": "I.S.I.S.S. DELLA PIANA DI LUCCA",
		"indirizzo": "VIA ROMA N.121",
		"cap": "55016",
		"comune": "PORCARI",
		"provincia": "LU"
	}
	,
	{
		"codMec": "luic84100e",
		"tipo": "ISTITUTO COMPRENSIVO",
		"nome": "IC PORCARI",
		"indirizzo": "VIA ALFREDO CATALANI S.N.C.",
		"cap": "55016",
		"comune": "PORCARI",
		"provincia": "LU"
	}
	,
	{
		"codMec": "luic828004",
		"tipo": "ISTITUTO COMPRENSIVO",
		"nome": "IST.COMPRENSIVO DI SERAVEZZA",
		"indirizzo": "VIA MENCHINI",
		"cap": "55047",
		"comune": "SERAVEZZA",
		"provincia": "LU"
	}
	,
	{
		"codMec": "luic815002",
		"tipo": "ISTITUTO COMPRENSIVO",
		"nome": "IST.COMP. \"MARTIRI DI S.ANNA\"",
		"indirizzo": "VIA DON LAZZERI",
		"cap": "55040",
		"comune": "STAZZEMA",
		"provincia": "LU"
	}
]