[
	{
		"codMec": "mnic80000x",
		"tipo": "ISTITUTO COMPRENSIVO",
		"nome": "I.C. ASOLA",
		"indirizzo": "VIA       RAFFAELLO SANZIO 4",
		"cap": "46041",
		"comune": "ASOLA",
		"provincia": "MN"
	}
	,
	{
		"codMec": "mnis00800p",
		"tipo": "ISTITUTO SUPERIORE",
		"nome": "GIOVANNI FALCONE",
		"indirizzo": "VIA        SACCOLE PIGNOLE 3",
		"cap": "46041",
		"comune": "ASOLA",
		"provincia": "MN"
	}
	,
	{
		"codMec": "mnic81100a",
		"tipo": "ISTITUTO COMPRENSIVO",
		"nome": "I.C. BAGNOLO SAN VITO",
		"indirizzo": "VIA MATTEOTTI 23",
		"cap": "46031",
		"comune": "BAGNOLO SAN VITO",
		"provincia": "MN"
	}
	,
	{
		"codMec": "mnic82300l",
		"tipo": "ISTITUTO COMPRENSIVO",
		"nome": "I.C. BOZZOLO",
		"indirizzo": "VIA ARINI 4/6",
		"cap": "46012",
		"comune": "BOZZOLO",
		"provincia": "MN"
	}
	,
	{
		"codMec": "mnic80100q",
		"tipo": "ISTITUTO COMPRENSIVO",
		"nome": "I.C. CANNETO SULL\\'OGLIO",
		"indirizzo": "VIA        F.APORTI N.5",
		"cap": "46013",
		"comune": "CANNETO SULL\\'OGLIO",
		"provincia": "MN"
	}
	,
	{
		"codMec": "mnic80300b",
		"tipo": "ISTITUTO COMPRENSIVO",
		"nome": "I. C. CASTEL GOFFREDO",
		"indirizzo": "VIALE   MONTEGRAPPA      N.   94",
		"cap": "46042",
		"comune": "CASTEL GOFFREDO",
		"provincia": "MN"
	}
	,
	{
		"codMec": "mnic82700x",
		"tipo": "ISTITUTO COMPRENSIVO",
		"nome": "I.C. CASTELLUCCHIO",
		"indirizzo": "VIA ROMA 3/A",
		"cap": "46014",
		"comune": "CASTELLUCCHIO",
		"provincia": "MN"
	}
	,
	{
		"codMec": "mnic80700p",
		"tipo": "ISTITUTO COMPRENSIVO",
		"nome": "I.C. CASTIGLIONE STIVIERE  II",
		"indirizzo": "LOCALITA\\' SAN PIETRO",
		"cap": "46043",
		"comune": "CASTIGLIONE DELLE STIVIERE",
		"provincia": "MN"
	}
	,
	{
		"codMec": "mnic80800e",
		"tipo": "ISTITUTO COMPRENSIVO",
		"nome": "I.C. CASTIGLIONE STIVIERE 1",
		"indirizzo": "VIA GRIDONIA GONZAGA, 8",
		"cap": "46043",
		"comune": "CASTIGLIONE DELLE STIVIERE",
		"provincia": "MN"
	}
	,
	{
		"codMec": "mnis00300g",
		"tipo": "ISTITUTO SUPERIORE",
		"nome": "FRANCESCO GONZAGA",
		"indirizzo": "VIA F/LLI LODRINI 32",
		"cap": "46043",
		"comune": "CASTIGLIONE DELLE STIVIERE",
		"provincia": "MN"
	}
	,
	{
		"codMec": "mnic80200g",
		"tipo": "ISTITUTO COMPRENSIVO",
		"nome": "I. C. CERESARA",
		"indirizzo": "VIA ROMA, 53",
		"cap": "46040",
		"comune": "CERESARA",
		"provincia": "MN"
	}
	,
	{
		"codMec": "mnic812006",
		"tipo": "ISTITUTO COMPRENSIVO",
		"nome": "I.C. CURTATONE",
		"indirizzo": "VIA MAGGIOLINI 6",
		"cap": "46010",
		"comune": "CURTATONE",
		"provincia": "MN"
	}
	,
	{
		"codMec": "mnic805003",
		"tipo": "ISTITUTO COMPRENSIVO",
		"nome": "ISTITUTO COMPRENSIVO GOITO",
		"indirizzo": "VIA D.ALIGHIERI 49",
		"cap": "46044",
		"comune": "GOITO",
		"provincia": "MN"
	}
	,
	{
		"codMec": "mnis013006",
		"tipo": "ISTITUTO SUPERIORE",
		"nome": "I.S. \"STROZZI\" PALIDANO",
		"indirizzo": "VILLA BEGOZZO 9",
		"cap": "46023",
		"comune": "GONZAGA",
		"provincia": "MN"
	}
	,
	{
		"codMec": "mnic83500v",
		"tipo": "ISTITUTO COMPRENSIVO",
		"nome": "I. C. GONZAGA",
		"indirizzo": "VIA L. PEDRONI 7/B",
		"cap": "46023",
		"comune": "GONZAGA",
		"provincia": "MN"
	}
	,
	{
		"codMec": "mnic83800a",
		"tipo": "ISTITUTO COMPRENSIVO",
		"nome": "IC VIADANA \"VANONI\"",
		"indirizzo": "VIA VANONI N.86",
		"cap": "46019",
		"comune": "VIADANA",
		"provincia": "MN"
	}
	,
	{
		"codMec": "mnic83100g",
		"tipo": "ISTITUTO COMPRENSIVO",
		"nome": "I.C. VIADANA \"PARAZZI\"",
		"indirizzo": "VIA   E.SANFELICE 4",
		"cap": "46019",
		"comune": "VIADANA",
		"provincia": "MN"
	}
	,
	{
		"codMec": "mnis00400b",
		"tipo": "ISTITUTO SUPERIORE",
		"nome": "I.I.S. SAN GIOVANNI BOSCO",
		"indirizzo": "VIA ROMA S.N.C.",
		"cap": "46019",
		"comune": "VIADANA",
		"provincia": "MN"
	}
	,
	{
		"codMec": "mnic83000q",
		"tipo": "ISTITUTO COMPRENSIVO",
		"nome": "I.C. DOSOLO POMPONESCO VIADANA",
		"indirizzo": "VIA COLOMBO 2",
		"cap": "46030",
		"comune": "VIADANA",
		"provincia": "MN"
	}
	,
	{
		"codMec": "mnis00700v",
		"tipo": "ISTITUTO SUPERIORE",
		"nome": "IS E.SANFELICE",
		"indirizzo": "VIA SANFELICE N.8",
		"cap": "46019",
		"comune": "VIADANA",
		"provincia": "MN"
	}
	,
	{
		"codMec": "mnic81000e",
		"tipo": "ISTITUTO COMPRENSIVO",
		"nome": "I.C. VIRGILIO",
		"indirizzo": "VIA AMENDOLA N.  1",
		"cap": "46034",
		"comune": "VIRGILIO",
		"provincia": "MN"
	}
	,
	{
		"codMec": "mnic804007",
		"tipo": "ISTITUTO COMPRENSIVO",
		"nome": "I.C. VOLTA MANTOVANA",
		"indirizzo": "VIALE  G. MARCONI 18/A",
		"cap": "46049",
		"comune": "VOLTA MANTOVANA",
		"provincia": "MN"
	}
	,
	{
		"codMec": "mnic80600v",
		"tipo": "ISTITUTO COMPRENSIVO",
		"nome": "ISTITUTO COMPR. GUIDIZZOLO",
		"indirizzo": "VIALE MARTIRI DELLA LIBERTA\\',8",
		"cap": "46040",
		"comune": "GUIDIZZOLO",
		"provincia": "MN"
	}
	,
	{
		"codMec": "mntd01000x",
		"tipo": "IST TEC COMMERCIALE E PER GEOMETRI",
		"nome": "I.T.E.S. \"ALBERTO PITENTINO\"",
		"indirizzo": "VIA TASSO 5",
		"cap": "46100",
		"comune": "MANTOVA",
		"provincia": "MN"
	}
	,
	{
		"codMec": "mnsl010001",
		"tipo": "LICEO ARTISTICO",
		"nome": "LICEO ARTISTICO \"G. ROMANO\" MANTOVA",
		"indirizzo": "VIA TRIESTE, 48",
		"cap": "46100",
		"comune": "MANTOVA",
		"provincia": "MN"
	}
	,
	{
		"codMec": "mnrc01000l",
		"tipo": "IST  PROF  PER I SERVIZI COMM , TUR  E DELLA PUBB",
		"nome": "ISTITUTO SUPERIORE BONOMI-MAZZOLARI",
		"indirizzo": "VIA AMADEI 35",
		"cap": "46100",
		"comune": "MANTOVA",
		"provincia": "MN"
	}
	,
	{
		"codMec": "mnps010004",
		"tipo": "LICEO SCIENTIFICO",
		"nome": "LIC.SCIENT. BELFIORE MN",
		"indirizzo": "VIA TIONE 2",
		"cap": "46100",
		"comune": "MANTOVA",
		"provincia": "MN"
	}
	,
	{
		"codMec": "mnpc02000g",
		"tipo": "LICEO CLASSICO",
		"nome": "LC LIC.CLASS. VIRGILIO MN",
		"indirizzo": "VIA ARDIGO  13",
		"cap": "46100",
		"comune": "MANTOVA",
		"provincia": "MN"
	}
	,
	{
		"codMec": "mnmm11600b",
		"tipo": "SCUOLA PRIMO GRADO",
		"nome": "C.P.I.A.",
		"indirizzo": "VIA DELLA CONCILIAZIONE 75",
		"cap": "46100",
		"comune": "MANTOVA",
		"provincia": "MN"
	}
	,
	{
		"codMec": "mnis01100e",
		"tipo": "ISTITUTO SUPERIORE",
		"nome": "I.S. FERMI MN",
		"indirizzo": "STRADA  SPOLVERINA N. 5",
		"cap": "46100",
		"comune": "MANTOVA",
		"provincia": "MN"
	}
	,
	{
		"codMec": "mnis00900e",
		"tipo": "ISTITUTO SUPERIORE",
		"nome": "IIS C D\\'ARCO - I. D\\'ESTE",
		"indirizzo": "VIA        TASSO 1",
		"cap": "46100",
		"comune": "MANTOVA",
		"provincia": "MN"
	}
	,
	{
		"codMec": "mnic83600p",
		"tipo": "ISTITUTO COMPRENSIVO",
		"nome": "I.C. MANTOVA 3",
		"indirizzo": "VIA CONCILIAZIONE 75",
		"cap": "46100",
		"comune": "MANTOVA",
		"provincia": "MN"
	}
	,
	{
		"codMec": "mnic82900g",
		"tipo": "ISTITUTO COMPRENSIVO",
		"nome": "I.C. MANTOVA 2",
		"indirizzo": "VIA GROSSI 5",
		"cap": "46100",
		"comune": "MANTOVA",
		"provincia": "MN"
	}
	,
	{
		"codMec": "mnic82800q",
		"tipo": "ISTITUTO COMPRENSIVO",
		"nome": "I.C. MANTOVA 1",
		"indirizzo": "PIAZZA SEMINARIO, 4",
		"cap": "46100",
		"comune": "MANTOVA",
		"provincia": "MN"
	}
	,
	{
		"codMec": "mnte01000b",
		"tipo": "ISTITUTO TECNICO PER ATTIVITA\\' SOCIALI (GIA\\' ITF)",
		"nome": "IST. TECNICO ECONOMICO TECN. MANTEGNA",
		"indirizzo": "VIA GUERRIERI GONZAGA 8",
		"cap": "46100",
		"comune": "MANTOVA",
		"provincia": "MN"
	}
	,
	{
		"codMec": "mnic81400t",
		"tipo": "ISTITUTO COMPRENSIVO",
		"nome": "IST. COMPR. MARMIROLO",
		"indirizzo": "VIA  PARINI 2",
		"cap": "46045",
		"comune": "MARMIROLO",
		"provincia": "MN"
	}
	,
	{
		"codMec": "mnic820005",
		"tipo": "ISTITUTO COMPRENSIVO",
		"nome": "I.C. OSTIGLIA",
		"indirizzo": "VIA BONAZZI 9",
		"cap": "46035",
		"comune": "OSTIGLIA",
		"provincia": "MN"
	}
	,
	{
		"codMec": "mnis00200q",
		"tipo": "ISTITUTO SUPERIORE",
		"nome": "G. GALILEI",
		"indirizzo": "VIA        VERONA  35",
		"cap": "46035",
		"comune": "OSTIGLIA",
		"provincia": "MN"
	}
	,
	{
		"codMec": "mnis006003",
		"tipo": "ISTITUTO SUPERIORE",
		"nome": "IS G.GREGGIATI",
		"indirizzo": "VIA ROMA, 1",
		"cap": "46035",
		"comune": "OSTIGLIA",
		"provincia": "MN"
	}
	,
	{
		"codMec": "mnic83200b",
		"tipo": "ISTITUTO COMPRENSIVO",
		"nome": "I. C. PEGOGNAGA",
		"indirizzo": "PIAZZA VITTORIO VENETO 14/A",
		"cap": "46020",
		"comune": "PEGOGNAGA",
		"provincia": "MN"
	}
	,
	{
		"codMec": "mnic819001",
		"tipo": "ISTITUTO COMPRENSIVO",
		"nome": "I.C. POGGIO RUSCO",
		"indirizzo": "VIA MARTIRI DELLA LIBERTA\\', 43",
		"cap": "46025",
		"comune": "POGGIO RUSCO",
		"provincia": "MN"
	}
	,
	{
		"codMec": "mnic813002",
		"tipo": "ISTITUTO COMPRENSIVO",
		"nome": "I.C. PORTO MANTOVANO",
		"indirizzo": "VIA  CLAUDIO MONTEVERDI",
		"cap": "46047",
		"comune": "PORTO MANTOVANO",
		"provincia": "MN"
	}
	,
	{
		"codMec": "mnic821001",
		"tipo": "ISTITUTO COMPRENSIVO",
		"nome": "ISTITUTO COMPRENSIVO  QUISTELLO",
		"indirizzo": "VIA SALVADOR ALLENDE N.7",
		"cap": "46026",
		"comune": "QUISTELLO",
		"provincia": "MN"
	}
	,
	{
		"codMec": "mnic81500n",
		"tipo": "ISTITUTO COMPRENSIVO",
		"nome": "I.C.  RONCOFERRARO",
		"indirizzo": "VIA PIETRO NENNI 11",
		"cap": "46037",
		"comune": "RONCOFERRARO",
		"provincia": "MN"
	}
	,
	{
		"codMec": "mnic818005",
		"tipo": "ISTITUTO COMPRENSIVO",
		"nome": "I.C. ROVERBELLA",
		"indirizzo": "VIA TRENTO E TRIESTE,2",
		"cap": "46048",
		"comune": "ROVERBELLA",
		"provincia": "MN"
	}
	,
	{
		"codMec": "mnic80900a",
		"tipo": "ISTITUTO COMPRENSIVO",
		"nome": "ISTITUTO COMPRENSIVO SABBIONETA",
		"indirizzo": "VIA DELL\\'ACCADEMIA,2",
		"cap": "46018",
		"comune": "SABBIONETA",
		"provincia": "MN"
	}
	,
	{
		"codMec": "mnic834003",
		"tipo": "ISTITUTO COMPRENSIVO",
		"nome": "I. C. \"MATILDE DI CANOSSA\"",
		"indirizzo": "VIA DUGONI N.26",
		"cap": "46027",
		"comune": "SAN BENEDETTO PO",
		"provincia": "MN"
	}
	,
	{
		"codMec": "mnic81600d",
		"tipo": "ISTITUTO COMPRENSIVO",
		"nome": "I.C. SAN GIORGIO DI MN",
		"indirizzo": "PIAZZA 8 MARZO",
		"cap": "46030",
		"comune": "SAN GIORGIO DI MANTOVA",
		"provincia": "MN"
	}
	,
	{
		"codMec": "mnic82200r",
		"tipo": "ISTITUTO COMPRENSIVO",
		"nome": "I.C. SERMIDE",
		"indirizzo": "VIA ZAMBELLI, 2",
		"cap": "46028",
		"comune": "SERMIDE",
		"provincia": "MN"
	}
	,
	{
		"codMec": "mnic82400c",
		"tipo": "ISTITUTO COMPRENSIVO",
		"nome": "I.C. SUZZARA \"IL MILIONE\"",
		"indirizzo": "VIA CALEFFI,1/B",
		"cap": "46029",
		"comune": "SUZZARA",
		"provincia": "MN"
	}
	,
	{
		"codMec": "mnis00100x",
		"tipo": "ISTITUTO SUPERIORE",
		"nome": "A. MANZONI",
		"indirizzo": "VIA MANTOVA,13",
		"cap": "46029",
		"comune": "SUZZARA",
		"provincia": "MN"
	}
	,
	{
		"codMec": "mnic825008",
		"tipo": "ISTITUTO COMPRENSIVO",
		"nome": "I.C. SUZZARA  \"MARGHERITA HACK\"",
		"indirizzo": "VIALE ZONTA 8",
		"cap": "46029",
		"comune": "SUZZARA",
		"provincia": "MN"
	}
]