[
	{
		"codMec": "msee014007",
		"tipo": "CIRCOLO DIDATTICO",
		"nome": "DIREZIONE DIDATTICA  DI AULLA",
		"indirizzo": "PIAZZA GARIBALDI 1",
		"cap": "54011",
		"comune": "AULLA",
		"provincia": "MS"
	}
	,
	{
		"codMec": "msic806006",
		"tipo": "ISTITUTO COMPRENSIVO",
		"nome": "IC    D. ALIGHIERI",
		"indirizzo": "PIAZZA     MARTIRI DI NASSIRIYA",
		"cap": "54011",
		"comune": "AULLA",
		"provincia": "MS"
	}
	,
	{
		"codMec": "msis01100t",
		"tipo": "ISTITUTO SUPERIORE",
		"nome": "\"A.PACINOTTI\"",
		"indirizzo": "VIA        GROTTO\\' 8",
		"cap": "54021",
		"comune": "BAGNONE",
		"provincia": "MS"
	}
	,
	{
		"codMec": "msps020002",
		"tipo": "LICEO SCIENTIFICO",
		"nome": "\"GUGLIELMO MARCONI\"",
		"indirizzo": "VIA CAMPO D\\'APPIO N. 90",
		"cap": "54033",
		"comune": "CARRARA",
		"provincia": "MS"
	}
	,
	{
		"codMec": "msmm048009",
		"tipo": "SCUOLA PRIMO GRADO",
		"nome": "CPIA 1 MASSA CARRARA",
		"indirizzo": "VIA BONASCOLA 102/A",
		"cap": "54033",
		"comune": "CARRARA",
		"provincia": "MS"
	}
	,
	{
		"codMec": "msis01700r",
		"tipo": "ISTITUTO SUPERIORE",
		"nome": "I.I.S. \"D.ZACCAGNA\"",
		"indirizzo": "VIALE XX SETTEMBRE, 116",
		"cap": "54033",
		"comune": "CARRARA",
		"provincia": "MS"
	}
	,
	{
		"codMec": "msis014009",
		"tipo": "ISTITUTO SUPERIORE",
		"nome": "ARTEMISIA GENTILESCHI",
		"indirizzo": "VIA SARTESCHI,1",
		"cap": "54033",
		"comune": "CARRARA",
		"provincia": "MS"
	}
	,
	{
		"codMec": "msis002003",
		"tipo": "ISTITUTO SUPERIORE",
		"nome": "IS \"M.MONTESSORI- E. REPETTI\"",
		"indirizzo": "VIA        LUNENSE 39/B",
		"cap": "54033",
		"comune": "CARRARA",
		"provincia": "MS"
	}
	,
	{
		"codMec": "msic822004",
		"tipo": "ISTITUTO COMPRENSIVO",
		"nome": "I.C. \"CARRARA E PAESI A MONTE\"",
		"indirizzo": "VIA CUCCHIARI,15",
		"cap": "54033",
		"comune": "CARRARA",
		"provincia": "MS"
	}
	,
	{
		"codMec": "msic81700l",
		"tipo": "ISTITUTO COMPRENSIVO",
		"nome": "FOSSOLA \"A.GENTILI\"",
		"indirizzo": "PIAZZA SAN GIOVANNI 1",
		"cap": "54033",
		"comune": "CARRARA",
		"provincia": "MS"
	}
	,
	{
		"codMec": "msic815001",
		"tipo": "ISTITUTO COMPRENSIVO",
		"nome": "\"G.TALIERCIO\"",
		"indirizzo": "VIA  COMMERCIO 1",
		"cap": "54033",
		"comune": "CARRARA",
		"provincia": "MS"
	}
	,
	{
		"codMec": "msic80900n",
		"tipo": "ISTITUTO COMPRENSIVO",
		"nome": "AVENZA - GINO MENCONI",
		"indirizzo": "VIA    MARINA,2",
		"cap": "54033",
		"comune": "CARRARA",
		"provincia": "MS"
	}
	,
	{
		"codMec": "msic80800t",
		"tipo": "ISTITUTO COMPRENSIVO",
		"nome": "MICHELANGELO BUONARROTI",
		"indirizzo": "VIA        FELICE CAVALLOTTI   42",
		"cap": "54033",
		"comune": "CARRARA",
		"provincia": "MS"
	}
	,
	{
		"codMec": "msic81600r",
		"tipo": "ISTITUTO COMPRENSIVO",
		"nome": "\"PROF.ANTONIO MORATTI\"",
		"indirizzo": "VIA NAZIONALE,  48",
		"cap": "54013",
		"comune": "FIVIZZANO",
		"provincia": "MS"
	}
	,
	{
		"codMec": "msic80500a",
		"tipo": "ISTITUTO COMPRENSIVO",
		"nome": "DON FLORINDO BONOMI",
		"indirizzo": "PIAZZALE FOSSO N.1",
		"cap": "54035",
		"comune": "FOSDINOVO",
		"provincia": "MS"
	}
	,
	{
		"codMec": "msic814005",
		"tipo": "ISTITUTO COMPRENSIVO",
		"nome": "\"TIFONI\" - PONTREMOLI",
		"indirizzo": "VIA ROMA. 58",
		"cap": "54027",
		"comune": "PONTREMOLI",
		"provincia": "MS"
	}
	,
	{
		"codMec": "msis01200n",
		"tipo": "ISTITUTO SUPERIORE",
		"nome": "\"LEONARDO DA VINCI\"",
		"indirizzo": "VIA SAN FRANCESCO N.1",
		"cap": "54028",
		"comune": "VILLAFRANCA IN LUNIGIANA",
		"provincia": "MS"
	}
	,
	{
		"codMec": "msic807002",
		"tipo": "ISTITUTO COMPRENSIVO",
		"nome": "FLAVIO TORELLO BARACCHINI",
		"indirizzo": "VIA  DELLE PISCINE",
		"cap": "54028",
		"comune": "VILLAFRANCA IN LUNIGIANA",
		"provincia": "MS"
	}
	,
	{
		"codMec": "msic81000t",
		"tipo": "ISTITUTO COMPRENSIVO",
		"nome": "IGINO COCCHI",
		"indirizzo": "VIA ROMA 34",
		"cap": "54016",
		"comune": "LICCIANA NARDI",
		"provincia": "MS"
	}
	,
	{
		"codMec": "msic821008",
		"tipo": "ISTITUTO COMPRENSIVO",
		"nome": "I.C. DON MILANI",
		"indirizzo": "VIA        PISA, 18",
		"cap": "54100",
		"comune": "MASSA",
		"provincia": "MS"
	}
	,
	{
		"codMec": "msps01000b",
		"tipo": "LICEO SCIENTIFICO",
		"nome": "\"ENRICO FERMI\"",
		"indirizzo": "VIA  E. FERMI 2",
		"cap": "54100",
		"comune": "MASSA",
		"provincia": "MS"
	}
	,
	{
		"codMec": "msis001007",
		"tipo": "ISTITUTO SUPERIORE",
		"nome": "IS PELLEGRINO ROSSI",
		"indirizzo": "VIA        DEMOCRAZIA, 26",
		"cap": "54100",
		"comune": "MASSA",
		"provincia": "MS"
	}
	,
	{
		"codMec": "msis01800l",
		"tipo": "ISTITUTO SUPERIORE",
		"nome": "\"A.MEUCCI\"",
		"indirizzo": "VIA MARINA VECCHIA,230",
		"cap": "54100",
		"comune": "MASSA",
		"provincia": "MS"
	}
	,
	{
		"codMec": "msis00600a",
		"tipo": "ISTITUTO SUPERIORE",
		"nome": "IS \"E.BARSANTI\"",
		"indirizzo": "VIA POGGIOLETTO,26",
		"cap": "54100",
		"comune": "MASSA",
		"provincia": "MS"
	}
	,
	{
		"codMec": "msic82000c",
		"tipo": "ISTITUTO COMPRENSIVO",
		"nome": "I.C. MASSA 3",
		"indirizzo": "VIA CASAMICCIOLA 10",
		"cap": "54100",
		"comune": "MASSA",
		"provincia": "MS"
	}
	,
	{
		"codMec": "msic819008",
		"tipo": "ISTITUTO COMPRENSIVO",
		"nome": "ALFIERI-BERTAGNINI",
		"indirizzo": "VIA G.VENTURINI, 1",
		"cap": "54100",
		"comune": "MASSA",
		"provincia": "MS"
	}
	,
	{
		"codMec": "msic81800c",
		"tipo": "ISTITUTO COMPRENSIVO",
		"nome": "MALASPINA-STAFFETTI",
		"indirizzo": "VIALE STAZIONE",
		"cap": "54100",
		"comune": "MASSA",
		"provincia": "MS"
	}
	,
	{
		"codMec": "msrh010005",
		"tipo": "IST PROF  ALBERGHIERO",
		"nome": "\"G.MINUTO\"",
		"indirizzo": "VIA CASONE A MARE",
		"cap": "54100",
		"comune": "MASSA",
		"provincia": "MS"
	}
	,
	{
		"codMec": "msee002001",
		"tipo": "CIRCOLO DIDATTICO",
		"nome": "DIREZIONE DIDATTICA 2 CIRCOLO",
		"indirizzo": "VIALE STAZIONE N. 83",
		"cap": "54100",
		"comune": "MASSA",
		"provincia": "MS"
	}
	,
	{
		"codMec": "msic81200d",
		"tipo": "ISTITUTO COMPRENSIVO",
		"nome": "MASSA 6",
		"indirizzo": "PIAZZA ALBANIA ,7",
		"cap": "54100",
		"comune": "MASSA",
		"provincia": "MS"
	}
	,
	{
		"codMec": "msic813009",
		"tipo": "ISTITUTO COMPRENSIVO",
		"nome": "MONTIGNOSO",
		"indirizzo": "VIA CORNIOLO",
		"cap": "54038",
		"comune": "MONTIGNOSO",
		"provincia": "MS"
	}
	,
	{
		"codMec": "msic81100n",
		"tipo": "ISTITUTO COMPRENSIVO",
		"nome": "\"GEN.P. FERRARI\"",
		"indirizzo": "VIA IV NOVEMBRE, 76",
		"cap": "54027",
		"comune": "PONTREMOLI",
		"provincia": "MS"
	}
	,
	{
		"codMec": "msis008002",
		"tipo": "ISTITUTO SUPERIORE",
		"nome": "IS \"P.BELMESSERI\"",
		"indirizzo": "VIA        A. MALASPINA 19",
		"cap": "54027",
		"comune": "PONTREMOLI",
		"provincia": "MS"
	}
]