[
	{
		"codMec": "pdis017007",
		"tipo": "ISTITUTO SUPERIORE",
		"nome": "IIS L.B.ALBERTI-ABANO T.",
		"indirizzo": "VIA PILLON,4",
		"cap": "35031",
		"comune": "ABANO TERME",
		"provincia": "PD"
	}
	,
	{
		"codMec": "pdic85000p",
		"tipo": "ISTITUTO COMPRENSIVO",
		"nome": "ISTIT. COMPRENS. ABANO TERME",
		"indirizzo": "VIA SAN GIOVANNI BOSCO, 1",
		"cap": "35031",
		"comune": "ABANO TERME",
		"provincia": "PD"
	}
	,
	{
		"codMec": "pdrh01000g",
		"tipo": "IST PROF  ALBERGHIERO",
		"nome": "IPSAR  P.D\\'ABANO",
		"indirizzo": "VIA MONTEORTONE,7/9",
		"cap": "35031",
		"comune": "ABANO TERME",
		"provincia": "PD"
	}
	,
	{
		"codMec": "pdic895008",
		"tipo": "ISTITUTO COMPRENSIVO",
		"nome": "ALBIGNASEGO",
		"indirizzo": "VIA TITO LIVIO, 1",
		"cap": "35020",
		"comune": "ALBIGNASEGO",
		"provincia": "PD"
	}
	,
	{
		"codMec": "pdic861005",
		"tipo": "ISTITUTO COMPRENSIVO",
		"nome": "DI BORGORICCO",
		"indirizzo": "VIALE EUROPA,14",
		"cap": "35010",
		"comune": "BORGORICCO",
		"provincia": "PD"
	}
	,
	{
		"codMec": "pdic846003",
		"tipo": "ISTITUTO COMPRENSIVO",
		"nome": "DI CADONEGHE",
		"indirizzo": "VIA CONCHE,1",
		"cap": "35010",
		"comune": "CADONEGHE",
		"provincia": "PD"
	}
	,
	{
		"codMec": "pdic862001",
		"tipo": "ISTITUTO COMPRENSIVO",
		"nome": "ISTIT. COMPR.  CAMPODARSEGO",
		"indirizzo": "VIA G. DA CAVINO, 2",
		"cap": "35011",
		"comune": "CAMPODARSEGO",
		"provincia": "PD"
	}
	,
	{
		"codMec": "pdis01400q",
		"tipo": "ISTITUTO SUPERIORE",
		"nome": "IIS I.NEWTON-PERTINI CAMPOSAMPIERO",
		"indirizzo": "VIA PUCCINI,27",
		"cap": "35012",
		"comune": "CAMPOSAMPIERO",
		"provincia": "PD"
	}
	,
	{
		"codMec": "pdic89200r",
		"tipo": "ISTITUTO COMPRENSIVO",
		"nome": "I.C. CAMPOSAMPIERO -  PARINI",
		"indirizzo": "VIA FILIPETTO 12",
		"cap": "35012",
		"comune": "CAMPOSAMPIERO",
		"provincia": "PD"
	}
	,
	{
		"codMec": "pdic83600c",
		"tipo": "ISTITUTO COMPRENSIVO",
		"nome": "DI CARMIGNANO DI BRENTA",
		"indirizzo": "VIA U.FOSCOLO, 1",
		"cap": "35010",
		"comune": "CARMIGNANO DI BRENTA",
		"provincia": "PD"
	}
	,
	{
		"codMec": "pdic87700p",
		"tipo": "ISTITUTO COMPRENSIVO",
		"nome": "DI CASALE SCODOSIA \"SCULDASCIA\"",
		"indirizzo": "VIA PARRUCCONA, N.251",
		"cap": "35040",
		"comune": "CASALE DI SCODOSIA",
		"provincia": "PD"
	}
	,
	{
		"codMec": "pdic83400r",
		"tipo": "ISTITUTO COMPRENSIVO",
		"nome": "ISTIT. COMPRENS. CASALSERUGO",
		"indirizzo": "VIA ROMA,14",
		"cap": "35020",
		"comune": "CASALSERUGO",
		"provincia": "PD"
	}
	,
	{
		"codMec": "pdic858009",
		"tipo": "ISTITUTO COMPRENSIVO",
		"nome": "DI CERVARESE SANTA CROCE",
		"indirizzo": "VIA S. ANTONIO,98",
		"cap": "35030",
		"comune": "CERVARESE SANTA CROCE",
		"provincia": "PD"
	}
	,
	{
		"codMec": "pdis018003",
		"tipo": "ISTITUTO SUPERIORE",
		"nome": "I.I.S. \"ANTONIO MEUCCI\" - CITTADELLA",
		"indirizzo": "VIA VITTORIO ALFIERI, 58",
		"cap": "35013",
		"comune": "CITTADELLA",
		"provincia": "PD"
	}
	,
	{
		"codMec": "pdis01300x",
		"tipo": "ISTITUTO SUPERIORE",
		"nome": "IIS T.LUCREZIO CARO-CITTADELLA",
		"indirizzo": "VIA ALFIERI,58",
		"cap": "35013",
		"comune": "CITTADELLA",
		"provincia": "PD"
	}
	,
	{
		"codMec": "pdic896004",
		"tipo": "ISTITUTO COMPRENSIVO",
		"nome": "CITTADELLA",
		"indirizzo": "VIA ANGELO GABRIELLI 32",
		"cap": "35013",
		"comune": "CITTADELLA",
		"provincia": "PD"
	}
	,
	{
		"codMec": "pdtd04000d",
		"tipo": "IST TEC COMMERCIALE E PER GEOMETRI",
		"nome": "ITCG GIRARDI -CITTADELLA",
		"indirizzo": "VIA KENNEDY,29",
		"cap": "35013",
		"comune": "CITTADELLA",
		"provincia": "PD"
	}
	,
	{
		"codMec": "pdic87000x",
		"tipo": "ISTITUTO COMPRENSIVO",
		"nome": "ISTITUTO COMPRENSIVO CODEVIGO",
		"indirizzo": "VIA GARUBBIO, 43",
		"cap": "35020",
		"comune": "CODEVIGO",
		"provincia": "PD"
	}
	,
	{
		"codMec": "pdic89400c",
		"tipo": "ISTITUTO COMPRENSIVO",
		"nome": "\"NICOLO\\' TOMMASEO\"",
		"indirizzo": "VIA MONSIGNOR BEGGIATO, 48",
		"cap": "35026",
		"comune": "CONSELVE",
		"provincia": "PD"
	}
	,
	{
		"codMec": "pdic824006",
		"tipo": "ISTITUTO COMPRENSIVO",
		"nome": "DI CORREZZOLA",
		"indirizzo": "VIA GARIBALDI, 41",
		"cap": "35020",
		"comune": "CORREZZOLA",
		"provincia": "PD"
	}
	,
	{
		"codMec": "pdic84200q",
		"tipo": "ISTITUTO COMPRENSIVO",
		"nome": "DI CURTAROLO E CAMPO S.MARTINO",
		"indirizzo": "VIA KENNEDY, 11",
		"cap": "35010",
		"comune": "CURTAROLO",
		"provincia": "PD"
	}
	,
	{
		"codMec": "pdic853006",
		"tipo": "ISTITUTO COMPRENSIVO",
		"nome": "DUE CARRARE E BATTAGLIA TERME",
		"indirizzo": "VIA ROMA,69",
		"cap": "35020",
		"comune": "DUE CARRARE",
		"provincia": "PD"
	}
	,
	{
		"codMec": "pdis02400a",
		"tipo": "ISTITUTO SUPERIORE",
		"nome": "I.I.S. ATESTINO-ESTE",
		"indirizzo": "VIA GARIBALDI,23",
		"cap": "35042",
		"comune": "ESTE",
		"provincia": "PD"
	}
	,
	{
		"codMec": "pdis026002",
		"tipo": "ISTITUTO SUPERIORE",
		"nome": "I.I.S. EUGANEO - ESTE",
		"indirizzo": "VIA BORGOFURO,6",
		"cap": "35042",
		"comune": "ESTE",
		"provincia": "PD"
	}
	,
	{
		"codMec": "pdic89300l",
		"tipo": "ISTITUTO COMPRENSIVO",
		"nome": "ESTE - G.PASCOLI",
		"indirizzo": "VIA G.GHIRARDINI, 21",
		"cap": "35042",
		"comune": "ESTE",
		"provincia": "PD"
	}
	,
	{
		"codMec": "pdis02300e",
		"tipo": "ISTITUTO SUPERIORE",
		"nome": "I.I.S. G.B.FERRARI - ESTE",
		"indirizzo": "VIA STAZIE BRAGADINE 3",
		"cap": "35042",
		"comune": "ESTE",
		"provincia": "PD"
	}
	,
	{
		"codMec": "pdic837008",
		"tipo": "ISTITUTO COMPRENSIVO",
		"nome": "DI GALLIERA VENETA",
		"indirizzo": "VIA G. LEOPARDI, 10",
		"cap": "35015",
		"comune": "GALLIERA VENETA",
		"provincia": "PD"
	}
	,
	{
		"codMec": "pdic84300g",
		"tipo": "ISTITUTO COMPRENSIVO",
		"nome": "ISTITUTO COMPRENS.  GRANTORTO",
		"indirizzo": "VIA V.EMANUELE III,  32",
		"cap": "35010",
		"comune": "GRANTORTO",
		"provincia": "PD"
	}
	,
	{
		"codMec": "pdic825002",
		"tipo": "ISTITUTO COMPRENSIVO",
		"nome": "ISTITUTO COMPRENSIVO  LEGNARO",
		"indirizzo": "VIA ROMA, 30",
		"cap": "35020",
		"comune": "LEGNARO",
		"provincia": "PD"
	}
	,
	{
		"codMec": "pdic84800p",
		"tipo": "ISTITUTO COMPRENSIVO",
		"nome": "ISTITUTO COMPRENSIVO  LIMENA",
		"indirizzo": "VIA B.ARNALDO,33",
		"cap": "35010",
		"comune": "LIMENA",
		"provincia": "PD"
	}
	,
	{
		"codMec": "pdic84900e",
		"tipo": "ISTITUTO COMPRENSIVO",
		"nome": "I.C. VIGONZA \"DON L. MILANI\"",
		"indirizzo": "VIA ROMA, 35",
		"cap": "35010",
		"comune": "VIGONZA",
		"provincia": "PD"
	}
	,
	{
		"codMec": "pdee059007",
		"tipo": "CIRCOLO DIDATTICO",
		"nome": "DI VIGONZA",
		"indirizzo": "VIA CAVOUR,12",
		"cap": "35010",
		"comune": "VIGONZA",
		"provincia": "PD"
	}
	,
	{
		"codMec": "pdic87100q",
		"tipo": "ISTITUTO COMPRENSIVO",
		"nome": "ISTITUTO COMPR. VILLA ESTENSE",
		"indirizzo": "VIA GARIBALDI, 17",
		"cap": "35040",
		"comune": "VILLA ESTENSE",
		"provincia": "PD"
	}
	,
	{
		"codMec": "pdic86400l",
		"tipo": "ISTITUTO COMPRENSIVO",
		"nome": "DI VILLAFRANCA PADOVANA",
		"indirizzo": "VIA TAGGI\\' DI SOPRA  12",
		"cap": "35010",
		"comune": "VILLAFRANCA PADOVANA",
		"provincia": "PD"
	}
	,
	{
		"codMec": "pdtd20000r",
		"tipo": "IST TEC COMMERCIALE E PER GEOMETRI",
		"nome": "ITSCT EINAUDI-GRAMSCI",
		"indirizzo": "VIA DELLE PALME,1",
		"cap": "35137",
		"comune": "PADOVA",
		"provincia": "PD"
	}
	,
	{
		"codMec": "pdtf02000e",
		"tipo": "ISTITUTO TECNICO INDUSTRIALE",
		"nome": "ITI  MARCONI-PADOVA",
		"indirizzo": "VIA MANZONI,80",
		"cap": "35126",
		"comune": "PADOVA",
		"provincia": "PD"
	}
	,
	{
		"codMec": "pdtf04000q",
		"tipo": "ISTITUTO TECNICO INDUSTRIALE",
		"nome": "ITI SEVERI-PADOVA",
		"indirizzo": "VIA PETTINATI,46",
		"cap": "35129",
		"comune": "PADOVA",
		"provincia": "PD"
	}
	,
	{
		"codMec": "pdtl010004",
		"tipo": "ISTITUTO TECNICO PER GEOMETRI",
		"nome": "ITG BELZONI-PADOVA",
		"indirizzo": "VIA S.SPERONI,39/41",
		"cap": "35139",
		"comune": "PADOVA",
		"provincia": "PD"
	}
	,
	{
		"codMec": "pdvc030007",
		"tipo": "CONVITTO ANNESSO",
		"nome": "PER SORDOMUTI \"MAGAROTTO\"",
		"indirizzo": "VIA C.CALLEGARI,6",
		"cap": "35133",
		"comune": "PADOVA",
		"provincia": "PD"
	}
	,
	{
		"codMec": "pdic82800d",
		"tipo": "ISTITUTO COMPRENSIVO",
		"nome": "PIAZZOLA S. BRENTA \"L. BELLUDI\"",
		"indirizzo": "VIA DEI CONTARINI, 44",
		"cap": "35016",
		"comune": "PIAZZOLA SUL BRENTA",
		"provincia": "PD"
	}
	,
	{
		"codMec": "pdis01900v",
		"tipo": "ISTITUTO SUPERIORE",
		"nome": "I.I.S. \"ROLANDO DA PIAZZOLA\"",
		"indirizzo": "VIA DANTE,4",
		"cap": "35016",
		"comune": "PIAZZOLA SUL BRENTA",
		"provincia": "PD"
	}
	,
	{
		"codMec": "pdic86300r",
		"tipo": "ISTITUTO COMPRENSIVO",
		"nome": "DI PIOMBINO DESE",
		"indirizzo": "VIA DANTE,9",
		"cap": "35017",
		"comune": "PIOMBINO DESE",
		"provincia": "PD"
	}
	,
	{
		"codMec": "pdis02100v",
		"tipo": "ISTITUTO SUPERIORE",
		"nome": "\"DE NICOLA\"",
		"indirizzo": "VIA PARINI,10/C",
		"cap": "35028",
		"comune": "PIOVE DI SACCO",
		"provincia": "PD"
	}
	,
	{
		"codMec": "pdis00200d",
		"tipo": "ISTITUTO SUPERIORE",
		"nome": "I.I.S. \"A. EINSTEIN\"",
		"indirizzo": "VIA PARINI, 10",
		"cap": "35028",
		"comune": "PIOVE DI SACCO",
		"provincia": "PD"
	}
	,
	{
		"codMec": "pdic89900g",
		"tipo": "ISTITUTO COMPRENSIVO",
		"nome": "IC PIOVE DI SACCO 2",
		"indirizzo": "VIA SAN FRANCESCO,2",
		"cap": "35028",
		"comune": "PIOVE DI SACCO",
		"provincia": "PD"
	}
	,
	{
		"codMec": "pdic8aa004",
		"tipo": "ISTITUTO COMPRENSIVO",
		"nome": "IC PIOVE DI SACCO I",
		"indirizzo": "VIA UMBERTO I, N. 5",
		"cap": "35028",
		"comune": "PIOVE DI SACCO",
		"provincia": "PD"
	}
	,
	{
		"codMec": "pdic831009",
		"tipo": "ISTITUTO COMPRENSIVO",
		"nome": "ISTITUTO COMPRENSIVO  PONSO",
		"indirizzo": "VIA ROSSELLE,12",
		"cap": "35040",
		"comune": "PONSO",
		"provincia": "PD"
	}
	,
	{
		"codMec": "pdic84400b",
		"tipo": "ISTITUTO COMPRENSIVO",
		"nome": "ISTIT.COMPR. PONTE S. NICOLO\\'",
		"indirizzo": "VIA DON ORIONE N. 1",
		"cap": "35020",
		"comune": "PONTE SAN NICOLO\\'",
		"provincia": "PD"
	}
	,
	{
		"codMec": "pdic85100e",
		"tipo": "ISTITUTO COMPRENSIVO",
		"nome": "IST. COMPR. RUBANO - BUONARROTI",
		"indirizzo": "VIALE PO 20",
		"cap": "35030",
		"comune": "RUBANO",
		"provincia": "PD"
	}
	,
	{
		"codMec": "pdis02700t",
		"tipo": "ISTITUTO SUPERIORE",
		"nome": "I.I.S. L.DA VINCI-PADOVA",
		"indirizzo": "VIA SAN GIOVANNI DI VERDARA,36",
		"cap": "35137",
		"comune": "PADOVA",
		"provincia": "PD"
	}
	,
	{
		"codMec": "pdis02800n",
		"tipo": "ISTITUTO SUPERIORE",
		"nome": "I.I.S.\"G.VALLE\"",
		"indirizzo": "VIA T.MINIO,13",
		"cap": "35134",
		"comune": "PADOVA",
		"provincia": "PD"
	}
	,
	{
		"codMec": "pdis02900d",
		"tipo": "ISTITUTO SUPERIORE",
		"nome": "I.I.S. P.SCALCERLE-PADOVA",
		"indirizzo": "VIA DELLE CAVE,174",
		"cap": "35136",
		"comune": "PADOVA",
		"provincia": "PD"
	}
	,
	{
		"codMec": "pdmm25500l",
		"tipo": "SCUOLA PRIMO GRADO",
		"nome": "CPIA DI PADOVA",
		"indirizzo": "VIA DORIGHELLO, 16",
		"cap": "35128",
		"comune": "PADOVA",
		"provincia": "PD"
	}
	,
	{
		"codMec": "pdpc03000x",
		"tipo": "LICEO CLASSICO",
		"nome": "L.C.\"TITO LIVIO\"",
		"indirizzo": "RIVIERA TITO LIVIO,9",
		"cap": "35123",
		"comune": "PADOVA",
		"provincia": "PD"
	}
	,
	{
		"codMec": "pdpm01000v",
		"tipo": "ISTITUTO MAGISTRALE",
		"nome": "L.S.U.\"A.DI SAVOIA DUCA D\\'AOSTA\"",
		"indirizzo": "VIA DEL SANTO,57",
		"cap": "35123",
		"comune": "PADOVA",
		"provincia": "PD"
	}
	,
	{
		"codMec": "pdps01000t",
		"tipo": "LICEO SCIENTIFICO",
		"nome": "L.S. CURIEL-PADOVA",
		"indirizzo": "VIA DURER,14",
		"cap": "35132",
		"comune": "PADOVA",
		"provincia": "PD"
	}
	,
	{
		"codMec": "pdps02000c",
		"tipo": "LICEO SCIENTIFICO",
		"nome": "L.S. \"FERMI\"-PD",
		"indirizzo": "C.SO VITTORIO EMANUELE II, 50",
		"cap": "35123",
		"comune": "PADOVA",
		"provincia": "PD"
	}
	,
	{
		"codMec": "pdps030003",
		"tipo": "LICEO SCIENTIFICO",
		"nome": "LS  I.NIEVO-PADOVA",
		"indirizzo": "VIA BARBARIGO,38",
		"cap": "35141",
		"comune": "PADOVA",
		"provincia": "PD"
	}
	,
	{
		"codMec": "pdps06000v",
		"tipo": "LICEO SCIENTIFICO",
		"nome": "L.S.L. \"A. CORNARO\" - PD",
		"indirizzo": "VIA RICCOBONI,14",
		"cap": "35127",
		"comune": "PADOVA",
		"provincia": "PD"
	}
	,
	{
		"codMec": "pdri07000p",
		"tipo": "IST PROF INDUSTRIA E ARTIGIANATO",
		"nome": "I.P.I.A.\"E.BERNARDI\" - PD",
		"indirizzo": "VIA MANZONI,76",
		"cap": "35126",
		"comune": "PADOVA",
		"provincia": "PD"
	}
	,
	{
		"codMec": "pdsd03000d",
		"tipo": "ISTITUTO D\\'ARTE",
		"nome": "L.A. P.SELVATICO-PADOVA",
		"indirizzo": "LARGO MENEGHETTI,1",
		"cap": "35131",
		"comune": "PADOVA",
		"provincia": "PD"
	}
	,
	{
		"codMec": "pdsl01000p",
		"tipo": "LICEO ARTISTICO",
		"nome": "L.A.\"A.MODIGLIANI\"- PD",
		"indirizzo": "VIA DEGLI SCROVEGNI,30",
		"cap": "35131",
		"comune": "PADOVA",
		"provincia": "PD"
	}
	,
	{
		"codMec": "pdtd01000n",
		"tipo": "IST TEC COMMERCIALE E PER GEOMETRI",
		"nome": "I.T.C. CALVI-PADOVA",
		"indirizzo": "VIA SANTA CHIARA,10",
		"cap": "35123",
		"comune": "PADOVA",
		"provincia": "PD"
	}
	,
	{
		"codMec": "pdtd13000q",
		"tipo": "IST TEC COMMERCIALE E PER GEOMETRI",
		"nome": "ITC - LIC.ART. MAGAROTTO ( PER SORDI)-PD",
		"indirizzo": "VIA CAVE,180",
		"cap": "35136",
		"comune": "PADOVA",
		"provincia": "PD"
	}
	,
	{
		"codMec": "pdic840004",
		"tipo": "ISTITUTO COMPRENSIVO",
		"nome": "I.C.  S. G/PERTICHE-S.G./COLLE",
		"indirizzo": "VIA ROMA, 89",
		"cap": "35010",
		"comune": "SAN GIORGIO DELLE PERTICHE",
		"provincia": "PD"
	}
	,
	{
		"codMec": "pdic859005",
		"tipo": "ISTITUTO COMPRENSIVO",
		"nome": "ISTITUTO COMPRENSIVO  STATALE",
		"indirizzo": "VICOLO GIOVANNI XXIII 68",
		"cap": "35010",
		"comune": "SAN GIORGIO IN BOSCO",
		"provincia": "PD"
	}
	,
	{
		"codMec": "pdic838004",
		"tipo": "ISTITUTO COMPRENSIVO",
		"nome": "DI SAN MARTINO DI LUPARI",
		"indirizzo": "VIA FIRENZE, 1",
		"cap": "35018",
		"comune": "SAN MARTINO DI LUPARI",
		"provincia": "PD"
	}
	,
	{
		"codMec": "pdic83500l",
		"tipo": "ISTITUTO COMPRENSIVO",
		"nome": "I.C.  SAN PIETRO IN GU\\'",
		"indirizzo": "VIA ASILO, 29",
		"cap": "35010",
		"comune": "SAN PIETRO IN GU",
		"provincia": "PD"
	}
	,
	{
		"codMec": "pdic82700n",
		"tipo": "ISTITUTO COMPRENSIVO",
		"nome": "DI SANT\\'ANGELO DI PIOVE",
		"indirizzo": "VIA ROMA,21",
		"cap": "35020",
		"comune": "SANT\\'ANGELO DI PIOVE DI SACCO",
		"provincia": "PD"
	}
	,
	{
		"codMec": "pdic845007",
		"tipo": "ISTITUTO COMPRENSIVO",
		"nome": "DI SAONARA",
		"indirizzo": "VIA V. BACHELET, 12",
		"cap": "35020",
		"comune": "SAONARA",
		"provincia": "PD"
	}
	,
	{
		"codMec": "pdps11000p",
		"tipo": "LICEO SCIENTIFICO",
		"nome": "L.S. G.GALILEI-SELVAZZANO",
		"indirizzo": "VIA CERESINA,17",
		"cap": "35030",
		"comune": "SELVAZZANO DENTRO",
		"provincia": "PD"
	}
	,
	{
		"codMec": "pdic89700x",
		"tipo": "ISTITUTO COMPRENSIVO",
		"nome": "SELVAZZANO DENTRO I",
		"indirizzo": "VIA GENOVA,4",
		"cap": "35030",
		"comune": "SELVAZZANO DENTRO",
		"provincia": "PD"
	}
	,
	{
		"codMec": "pdic89800q",
		"tipo": "ISTITUTO COMPRENSIVO",
		"nome": "SELVAZZANO DENTRO II",
		"indirizzo": "VIA CESAROTTI 1/A",
		"cap": "35030",
		"comune": "SELVAZZANO DENTRO",
		"provincia": "PD"
	}
	,
	{
		"codMec": "pdic854002",
		"tipo": "ISTITUTO COMPRENSIVO",
		"nome": "\"SOLESINO-STANGHELLA\"",
		"indirizzo": "VIALE PAPA GIOVANNI XXIII, 106",
		"cap": "35047",
		"comune": "SOLESINO",
		"provincia": "PD"
	}
	,
	{
		"codMec": "pdic86800x",
		"tipo": "ISTITUTO COMPRENSIVO",
		"nome": "DI TEOLO",
		"indirizzo": "VIA XXV APRILE,11",
		"cap": "35037",
		"comune": "TEOLO",
		"provincia": "PD"
	}
	,
	{
		"codMec": "pdic860009",
		"tipo": "ISTITUTO COMPRENSIVO",
		"nome": "DI TOMBOLO",
		"indirizzo": "VIA SANT\\'ANDREA APOSTOLO, 7",
		"cap": "35019",
		"comune": "TOMBOLO",
		"provincia": "PD"
	}
	,
	{
		"codMec": "pdic87600v",
		"tipo": "ISTITUTO COMPRENSIVO",
		"nome": "DI TREBASELEGHE - \"G.PONTI\"",
		"indirizzo": "VIA DON ORIONE,2",
		"cap": "35010",
		"comune": "TREBASELEGHE",
		"provincia": "PD"
	}
	,
	{
		"codMec": "pdic82200e",
		"tipo": "ISTITUTO COMPRENSIVO",
		"nome": "DI TRIBANO",
		"indirizzo": "VIA G. DELEDDA, 6",
		"cap": "35020",
		"comune": "TRIBANO",
		"provincia": "PD"
	}
	,
	{
		"codMec": "pdic86500c",
		"tipo": "ISTITUTO COMPRENSIVO",
		"nome": "ISTITUTO COMPR. VIGODARZERE",
		"indirizzo": "VIA CA\\' PISANI 74/A",
		"cap": "35010",
		"comune": "VIGODARZERE",
		"provincia": "PD"
	}
	,
	{
		"codMec": "pdic88000e",
		"tipo": "ISTITUTO COMPRENSIVO",
		"nome": "II IC DI PADOVA \"ARDIGO\\'\"",
		"indirizzo": "VIA DEGLI AGNUSDEI, 17",
		"cap": "35121",
		"comune": "PADOVA",
		"provincia": "PD"
	}
	,
	{
		"codMec": "pdic88100a",
		"tipo": "ISTITUTO COMPRENSIVO",
		"nome": "IV IC DI PADOVA ROSMINI",
		"indirizzo": "VIA J. DA MONTAGNANA, 91",
		"cap": "35132",
		"comune": "PADOVA",
		"provincia": "PD"
	}
	,
	{
		"codMec": "pdic882006",
		"tipo": "ISTITUTO COMPRENSIVO",
		"nome": "V IC DI PADOVA DONATELLO",
		"indirizzo": "V.PIEROBON, 19/B",
		"cap": "35132",
		"comune": "PADOVA",
		"provincia": "PD"
	}
	,
	{
		"codMec": "pdic883002",
		"tipo": "ISTITUTO COMPRENSIVO",
		"nome": "VI IC DI PADOVA \"BRUNO CIARI\"",
		"indirizzo": "VIA MADONNA DEL ROSARIO, 148",
		"cap": "35129",
		"comune": "PADOVA",
		"provincia": "PD"
	}
	,
	{
		"codMec": "pdic88400t",
		"tipo": "ISTITUTO COMPRENSIVO",
		"nome": "VII IC DI PADOVA \"S.CAMILLO\"",
		"indirizzo": "VIA SANUDO",
		"cap": "35128",
		"comune": "PADOVA",
		"provincia": "PD"
	}
	,
	{
		"codMec": "pdic88500n",
		"tipo": "ISTITUTO COMPRENSIVO",
		"nome": "X IC DI PADOVA STEFANINI",
		"indirizzo": "VIA TODESCO , 14",
		"cap": "35126",
		"comune": "PADOVA",
		"provincia": "PD"
	}
	,
	{
		"codMec": "pdic88600d",
		"tipo": "ISTITUTO COMPRENSIVO",
		"nome": "IX IC DI PADOVA \"CURBASTRO\"",
		"indirizzo": "VIA A.TASSONI,17",
		"cap": "35125",
		"comune": "PADOVA",
		"provincia": "PD"
	}
	,
	{
		"codMec": "pdic887009",
		"tipo": "ISTITUTO COMPRENSIVO",
		"nome": "XI IC DI PADOVA  \"VIVALDI\"",
		"indirizzo": "VIA CHIETI 3",
		"cap": "35143",
		"comune": "PADOVA",
		"provincia": "PD"
	}
	,
	{
		"codMec": "pdic888005",
		"tipo": "ISTITUTO COMPRENSIVO",
		"nome": "III IC DI PADOVA \"BRIOSCO\"",
		"indirizzo": "VIA LIPPI,11",
		"cap": "35134",
		"comune": "PADOVA",
		"provincia": "PD"
	}
	,
	{
		"codMec": "pdic889001",
		"tipo": "ISTITUTO COMPRENSIVO",
		"nome": "XII IC DI PADOVA \"DON BOSCO\"",
		"indirizzo": "VIA BRESSANONE 23",
		"cap": "35142",
		"comune": "PADOVA",
		"provincia": "PD"
	}
	,
	{
		"codMec": "pdic890005",
		"tipo": "ISTITUTO COMPRENSIVO",
		"nome": "XIV IC DI PADOVA \"GALILEI\"",
		"indirizzo": "VIA DELLA BISCIA, 206",
		"cap": "35136",
		"comune": "PADOVA",
		"provincia": "PD"
	}
	,
	{
		"codMec": "pdic891001",
		"tipo": "ISTITUTO COMPRENSIVO",
		"nome": "VIII IC DI PADOVA \"A.VOLTA\"",
		"indirizzo": "VIA S. OSVALDO, 1",
		"cap": "35127",
		"comune": "PADOVA",
		"provincia": "PD"
	}
	,
	{
		"codMec": "pdis00100n",
		"tipo": "ISTITUTO SUPERIORE",
		"nome": "IIS MARCHESI-PADOVA",
		"indirizzo": "VIALE CODALUNGA,1",
		"cap": "35138",
		"comune": "PADOVA",
		"provincia": "PD"
	}
	,
	{
		"codMec": "pdis00600r",
		"tipo": "ISTITUTO SUPERIORE",
		"nome": "IIS DUCA DEGLI ABRUZZI-PADOVA",
		"indirizzo": "VIA M.MERLIN,1",
		"cap": "35143",
		"comune": "PADOVA",
		"provincia": "PD"
	}
	,
	{
		"codMec": "pdis02200p",
		"tipo": "ISTITUTO SUPERIORE",
		"nome": "IIS U.RUZZA-PADOVA",
		"indirizzo": "VIA M.SANMICHELI, 8",
		"cap": "35123",
		"comune": "PADOVA",
		"provincia": "PD"
	}
	,
	{
		"codMec": "pdic83900x",
		"tipo": "ISTITUTO COMPRENSIVO",
		"nome": "LOREGGIA-VILLA DEL CONTE",
		"indirizzo": "VIA PALLADIO 36",
		"cap": "35010",
		"comune": "LOREGGIA",
		"provincia": "PD"
	}
	,
	{
		"codMec": "pdic85700d",
		"tipo": "ISTITUTO COMPRENSIVO",
		"nome": "ISTITUTO COMPRENSIVO LOZZO A.",
		"indirizzo": "VIA GUIDO NEGRI N. 3",
		"cap": "35034",
		"comune": "LOZZO ATESTINO",
		"provincia": "PD"
	}
	,
	{
		"codMec": "pdic85600n",
		"tipo": "ISTITUTO COMPRENSIVO",
		"nome": "IST.COMPR. MASERA\\' - PERLASCA",
		"indirizzo": "VIALE DELLE OLIMPIADI, 27",
		"cap": "35020",
		"comune": "MASERA\\' DI PADOVA",
		"provincia": "PD"
	}
	,
	{
		"codMec": "pdic87200g",
		"tipo": "ISTITUTO COMPRENSIVO",
		"nome": "DI MEGLIADINO SAN FIDENZIO",
		"indirizzo": "VIA MARCONI,3",
		"cap": "35040",
		"comune": "MEGLIADINO SAN FIDENZIO",
		"provincia": "PD"
	}
	,
	{
		"codMec": "pdic85200a",
		"tipo": "ISTITUTO COMPRENSIVO",
		"nome": "DI MESTRINO",
		"indirizzo": "VIA DE GASPERI, 17",
		"cap": "35035",
		"comune": "MESTRINO",
		"provincia": "PD"
	}
	,
	{
		"codMec": "pdis00700l",
		"tipo": "ISTITUTO SUPERIORE",
		"nome": "IIS \"KENNEDY\"-MONSELICE",
		"indirizzo": "VIA DE GASPERI, 20",
		"cap": "35043",
		"comune": "MONSELICE",
		"provincia": "PD"
	}
	,
	{
		"codMec": "pdis003009",
		"tipo": "ISTITUTO SUPERIORE",
		"nome": "\"CATTANEO-MATTEI\"",
		"indirizzo": "VIA MATTEOTTI,10",
		"cap": "35043",
		"comune": "MONSELICE",
		"provincia": "PD"
	}
	,
	{
		"codMec": "pdic874007",
		"tipo": "ISTITUTO COMPRENSIVO",
		"nome": "DI MONSELICE \"ZANELLATO\"",
		"indirizzo": "VIA CARRUBBIO,136",
		"cap": "35043",
		"comune": "MONSELICE",
		"provincia": "PD"
	}
	,
	{
		"codMec": "pdic87800e",
		"tipo": "ISTITUTO COMPRENSIVO",
		"nome": "\"LUIGI CHINAGLIA\"",
		"indirizzo": "VIALE SPALATO N. 1",
		"cap": "35044",
		"comune": "MONTAGNANA",
		"provincia": "PD"
	}
	,
	{
		"codMec": "pdis009008",
		"tipo": "ISTITUTO SUPERIORE",
		"nome": "IIS J. DA MONTAGNANA-MONTAGNANA",
		"indirizzo": "VIA LUPPIA ALBERI, 5",
		"cap": "35044",
		"comune": "MONTAGNANA",
		"provincia": "PD"
	}
	,
	{
		"codMec": "pdve010001",
		"tipo": "EDUCANDATO",
		"nome": "\"SAN BENEDETTO\"",
		"indirizzo": "VIA SAN BENEDETTO,14",
		"cap": "35044",
		"comune": "MONTAGNANA",
		"provincia": "PD"
	}
	,
	{
		"codMec": "pdic866008",
		"tipo": "ISTITUTO COMPRENSIVO",
		"nome": "DI MONTEGROTTO TERME",
		"indirizzo": "VIA CLAUDIANA,5",
		"cap": "35036",
		"comune": "MONTEGROTTO TERME",
		"provincia": "PD"
	}
	,
	{
		"codMec": "pdic84700v",
		"tipo": "ISTITUTO COMPRENSIVO",
		"nome": "NOVENTA PADOVANA \"G. SANTINI \"",
		"indirizzo": "VIA VALMARANA,33",
		"cap": "35027",
		"comune": "NOVENTA PADOVANA",
		"provincia": "PD"
	}
	,
	{
		"codMec": "pdic83000d",
		"tipo": "ISTITUTO COMPRENSIVO",
		"nome": "XIII IC DI PADOVA \"TARTINI\"",
		"indirizzo": "VIA VICENTINI,21",
		"cap": "35136",
		"comune": "PADOVA",
		"provincia": "PD"
	}
	,
	{
		"codMec": "pdic87900a",
		"tipo": "ISTITUTO COMPRENSIVO",
		"nome": "I IC DI PADOVA \"PETRARCA\"",
		"indirizzo": "VIA CONCARIOLA,9",
		"cap": "35139",
		"comune": "PADOVA",
		"provincia": "PD"
	}
]