[
	{
		"codMec": "pgee03700g",
		"tipo": "CIRCOLO DIDATTICO",
		"nome": "D.D. 2^ CIRC. \"A. MORO\" GUBBIO",
		"indirizzo": "VIA CATTANEO",
		"cap": "06024",
		"comune": "GUBBIO",
		"provincia": "PG"
	}
	,
	{
		"codMec": "pgee03600q",
		"tipo": "CIRCOLO DIDATTICO",
		"nome": "D.D. 1^ CIRC. \"G. MATTEOTTI\" GU",
		"indirizzo": "VIA PERUGINA,N.58",
		"cap": "06024",
		"comune": "GUBBIO",
		"provincia": "PG"
	}
	,
	{
		"codMec": "pgee039007",
		"tipo": "CIRCOLO DIDATTICO",
		"nome": "D.D. 3^ CIRC. S. MARTINO GUBBIO",
		"indirizzo": "VIA DEL FOSSO, 18",
		"cap": "06024",
		"comune": "GUBBIO",
		"provincia": "PG"
	}
	,
	{
		"codMec": "pgis034006",
		"tipo": "ISTITUTO SUPERIORE",
		"nome": "I.I.S. \"CASSATA - GATTAPONE\"",
		"indirizzo": "VIA DEL BOTTAGNONE, 40",
		"cap": "06024",
		"comune": "GUBBIO",
		"provincia": "PG"
	}
	,
	{
		"codMec": "pgee04000b",
		"tipo": "CIRCOLO DIDATTICO",
		"nome": "D.D. MAGIONE",
		"indirizzo": "VIA  RIPA, 1",
		"cap": "06063",
		"comune": "MAGIONE",
		"provincia": "PG"
	}
	,
	{
		"codMec": "pgmm111007",
		"tipo": "SCUOLA PRIMO GRADO",
		"nome": "I.O. \"G. MAZZINI\"",
		"indirizzo": "PIAZZA SIMONCINI, 1",
		"cap": "06063",
		"comune": "MAGIONE",
		"provincia": "PG"
	}
	,
	{
		"codMec": "pgis00300e",
		"tipo": "ISTITUTO SUPERIORE",
		"nome": "I.O. \"SALVATORELLI-MONETA\"",
		"indirizzo": "VIA CARDINALE FRANCESCO SATOLLI, 4",
		"cap": "06055",
		"comune": "MARSCIANO",
		"provincia": "PG"
	}
	,
	{
		"codMec": "pgee042003",
		"tipo": "CIRCOLO DIDATTICO",
		"nome": "D.D. 2^CIRC. AMMETO MARSCIANO",
		"indirizzo": "VIA F. MARIA FERRI 2",
		"cap": "06055",
		"comune": "MARSCIANO",
		"provincia": "PG"
	}
	,
	{
		"codMec": "pgee041007",
		"tipo": "CIRCOLO DIDATTICO",
		"nome": "D.D. 1^CIR \"IV NOVEMBRE\" MARSCI",
		"indirizzo": "PIAZZA DELLA VITTORIA 1",
		"cap": "06055",
		"comune": "MARSCIANO",
		"provincia": "PG"
	}
	,
	{
		"codMec": "pgic81400r",
		"tipo": "ISTITUTO COMPRENSIVO",
		"nome": "I.C. \"A.CIUFFELLI\"MASSA MARTANA",
		"indirizzo": "VIALE EUROPA, 10",
		"cap": "06056",
		"comune": "MASSA MARTANA",
		"provincia": "PG"
	}
	,
	{
		"codMec": "pgic84500c",
		"tipo": "ISTITUTO COMPRENSIVO",
		"nome": "I.C. MONTEFALCO-CASTEL RITALDI",
		"indirizzo": "VIA UGO FOSCOLO, 11",
		"cap": "06036",
		"comune": "MONTEFALCO",
		"provincia": "PG"
	}
	,
	{
		"codMec": "pgic82800p",
		"tipo": "ISTITUTO COMPRENSIVO",
		"nome": "I.O. \"D. ALIGHIERI\" NOCERA UMBR",
		"indirizzo": "LOC. SAN FELICISSIMO S.N.",
		"cap": "06025",
		"comune": "NOCERA UMBRA",
		"provincia": "PG"
	}
	,
	{
		"codMec": "pgic80700n",
		"tipo": "ISTITUTO COMPRENSIVO",
		"nome": "I.O. \"A.DE GASPERI-BAT.\" NORCIA",
		"indirizzo": "VIALE LOMBRICI , 2",
		"cap": "06046",
		"comune": "NORCIA",
		"provincia": "PG"
	}
	,
	{
		"codMec": "pgic81600c",
		"tipo": "ISTITUTO COMPRENSIVO",
		"nome": "I.C. PANICALE-TAVERNELLE",
		"indirizzo": "VIA PICASSO 2",
		"cap": "06068",
		"comune": "PANICALE",
		"provincia": "PG"
	}
	,
	{
		"codMec": "pgic817008",
		"tipo": "ISTITUTO COMPRENSIVO",
		"nome": "I.C. \"D. BIRAGO\" PASSIGNANO",
		"indirizzo": "VIA GRAMSCI 13",
		"cap": "06065",
		"comune": "PASSIGNANO SUL TRASIMENO",
		"provincia": "PG"
	}
	,
	{
		"codMec": "pgpc07000g",
		"tipo": "LICEO CLASSICO",
		"nome": "LICEO \"PROPERZIO\"",
		"indirizzo": "PADRE LUDOVICO DA CASORIA, 3",
		"cap": "06081",
		"comune": "ASSISI",
		"provincia": "PG"
	}
	,
	{
		"codMec": "pgic83500t",
		"tipo": "ISTITUTO COMPRENSIVO",
		"nome": "I.C. ASSISI 1",
		"indirizzo": "VIA S. ANTONIO 1",
		"cap": "06081",
		"comune": "ASSISI",
		"provincia": "PG"
	}
	,
	{
		"codMec": "pgvc010007",
		"tipo": "CONVITTO ANNESSO",
		"nome": "PRINCIPE DI NAPOLI",
		"indirizzo": "PIAZZA     MATTEOTTI",
		"cap": "06081",
		"comune": "ASSISI",
		"provincia": "PG"
	}
	,
	{
		"codMec": "pgrh02000b",
		"tipo": "IST PROF  ALBERGHIERO",
		"nome": "ASSISI",
		"indirizzo": "VIA        EREMO DELLE CARCERI, 19",
		"cap": "06081",
		"comune": "ASSISI",
		"provincia": "PG"
	}
	,
	{
		"codMec": "pgic81500l",
		"tipo": "ISTITUTO COMPRENSIVO",
		"nome": "I.C. PER CIECHI",
		"indirizzo": "VIA MARCONI 6",
		"cap": "06081",
		"comune": "ASSISI",
		"provincia": "PG"
	}
	,
	{
		"codMec": "pgic834002",
		"tipo": "ISTITUTO COMPRENSIVO",
		"nome": "I.C. ASSISI 2",
		"indirizzo": "PIAZZA M.L.KING",
		"cap": "06088",
		"comune": "ASSISI",
		"provincia": "PG"
	}
	,
	{
		"codMec": "pgis02900p",
		"tipo": "ISTITUTO SUPERIORE",
		"nome": "\"M. POLO - R. BONGHI\"",
		"indirizzo": "P.LE E. TARPANI",
		"cap": "06081",
		"comune": "ASSISI",
		"provincia": "PG"
	}
	,
	{
		"codMec": "pgic833006",
		"tipo": "ISTITUTO COMPRENSIVO",
		"nome": "I.C. ASSISI 3",
		"indirizzo": "VIA CROCE N. 30- FRAZ. PETRIGNANO",
		"cap": "06081",
		"comune": "ASSISI",
		"provincia": "PG"
	}
	,
	{
		"codMec": "pgic84300r",
		"tipo": "ISTITUTO COMPRENSIVO",
		"nome": "I.C. BASTIA 1",
		"indirizzo": "VIA A. MANZONI 1",
		"cap": "06083",
		"comune": "BASTIA UMBRA",
		"provincia": "PG"
	}
	,
	{
		"codMec": "pgee01700a",
		"tipo": "CIRCOLO DIDATTICO",
		"nome": "D.D. \"DON BOSCO\"  BASTIA UMBRA",
		"indirizzo": "VIA ROMA 54",
		"cap": "06083",
		"comune": "BASTIA UMBRA",
		"provincia": "PG"
	}
	,
	{
		"codMec": "pgic85000x",
		"tipo": "ISTITUTO COMPRENSIVO",
		"nome": "I.C. BEVAGNA-CANNARA",
		"indirizzo": "PIAZZA S. FILIPPO",
		"cap": "06031",
		"comune": "BEVAGNA",
		"provincia": "PG"
	}
	,
	{
		"codMec": "pgps11000x",
		"tipo": "LICEO SCIENTIFICO",
		"nome": "CASCIA",
		"indirizzo": "LOC.LA STELLA",
		"cap": "06043",
		"comune": "CASCIA",
		"provincia": "PG"
	}
	,
	{
		"codMec": "pgic80600t",
		"tipo": "ISTITUTO COMPRENSIVO",
		"nome": "I.O. \"BEATO S. FIDATI\" CASCIA",
		"indirizzo": "LOC. LA STELLA",
		"cap": "06043",
		"comune": "CASCIA",
		"provincia": "PG"
	}
	,
	{
		"codMec": "pgee021002",
		"tipo": "CIRCOLO DIDATTICO",
		"nome": "D.D. \"F. RASETTI\" - C. LAGO",
		"indirizzo": "VIA CARDUCCI, 25",
		"cap": "06061",
		"comune": "CASTIGLIONE DEL LAGO",
		"provincia": "PG"
	}
	,
	{
		"codMec": "pgis013005",
		"tipo": "ISTITUTO SUPERIORE",
		"nome": "I.O. \"ROSSELLI-RASETTI\"",
		"indirizzo": "VIA   BRUNO BUOZZI, 82",
		"cap": "06061",
		"comune": "CASTIGLIONE DEL LAGO",
		"provincia": "PG"
	}
	,
	{
		"codMec": "pgic813001",
		"tipo": "ISTITUTO COMPRENSIVO",
		"nome": "I.O. CERRETO DI SPOLETO-SELLANO",
		"indirizzo": "VIA DANTE ALIGHIERI, 2",
		"cap": "06041",
		"comune": "CERRETO DI SPOLETO",
		"provincia": "PG"
	}
	,
	{
		"codMec": "pgic82100x",
		"tipo": "ISTITUTO COMPRENSIVO",
		"nome": "I.C. \"P.VANNUCCI\" C. PIEVE",
		"indirizzo": "P.ZZA MARCONI",
		"cap": "06062",
		"comune": "CITTA\\' DELLA PIEVE",
		"provincia": "PG"
	}
	,
	{
		"codMec": "pgis00400a",
		"tipo": "ISTITUTO SUPERIORE",
		"nome": "\"ITALO CALVINO\" CITTA\\' DELLA PIEVE",
		"indirizzo": "VIA MARCONI S.N.",
		"cap": "06062",
		"comune": "CITTA\\' DELLA PIEVE",
		"provincia": "PG"
	}
	,
	{
		"codMec": "pgee026005",
		"tipo": "CIRCOLO DIDATTICO",
		"nome": "D.D. 2^ CIRC \"PIEVE ROSE\" C.CAS",
		"indirizzo": "VIALE SEMPIONE",
		"cap": "06012",
		"comune": "CITTA\\' DI CASTELLO",
		"provincia": "PG"
	}
	,
	{
		"codMec": "pgic825007",
		"tipo": "ISTITUTO COMPRENSIVO",
		"nome": "I.C. TRESTINA",
		"indirizzo": "VIA LAMBRUSCHINI 7/A",
		"cap": "06018",
		"comune": "CITTA\\' DI CASTELLO",
		"provincia": "PG"
	}
	,
	{
		"codMec": "pgee02300n",
		"tipo": "CIRCOLO DIDATTICO",
		"nome": "D.D. 1^ CIRC. \"S.FILIPPO\" C.CAS",
		"indirizzo": "VIA BORGO INFERIORE N.7",
		"cap": "06012",
		"comune": "CITTA\\' DI CASTELLO",
		"provincia": "PG"
	}
	,
	{
		"codMec": "pgis02800v",
		"tipo": "ISTITUTO SUPERIORE",
		"nome": "I.I.S. \"PATRIZI-BALDELLI-CAVALLOTTI\"",
		"indirizzo": "VIA BOLOGNI, 86",
		"cap": "06012",
		"comune": "CITTA\\' DI CASTELLO",
		"provincia": "PG"
	}
	,
	{
		"codMec": "pgis027003",
		"tipo": "ISTITUTO SUPERIORE",
		"nome": "I.I.S. \"FRANCHETTI - SALVIANI\"",
		"indirizzo": "PIAZZA     S.FRANCESCO 1",
		"cap": "06012",
		"comune": "CITTA\\' DI CASTELLO",
		"provincia": "PG"
	}
	,
	{
		"codMec": "pgpc05000a",
		"tipo": "LICEO CLASSICO",
		"nome": "LICEO \"PLINIO IL GIOVANE\"",
		"indirizzo": "VIALE ARMANDO DIAZ, 2",
		"cap": "06012",
		"comune": "CITTA\\' DI CASTELLO",
		"provincia": "PG"
	}
	,
	{
		"codMec": "pgmm21300q",
		"tipo": "SCUOLA PRIMO GRADO",
		"nome": "IST.1^ GR. \"ALIGHIERI-PASCOLI\"",
		"indirizzo": "VIA DELLA TINA, 12",
		"cap": "06012",
		"comune": "CITTA\\' DI CASTELLO",
		"provincia": "PG"
	}
	,
	{
		"codMec": "pgic841005",
		"tipo": "ISTITUTO COMPRENSIVO",
		"nome": "I.C. \"B. BONFIGLI\" CORCIANO",
		"indirizzo": "VIA F. BALLARINI, 27",
		"cap": "06073",
		"comune": "CORCIANO",
		"provincia": "PG"
	}
	,
	{
		"codMec": "pgee027001",
		"tipo": "CIRCOLO DIDATTICO",
		"nome": "D.D.\"VILL. GIRASOLE\" CORCIANO",
		"indirizzo": "VIA LUIGI SETTEMBRINI 19",
		"cap": "06073",
		"comune": "CORCIANO",
		"provincia": "PG"
	}
	,
	{
		"codMec": "pgic82700v",
		"tipo": "ISTITUTO COMPRENSIVO",
		"nome": "I.O. \"G.MAMELI-MAGN.\" DERUTA",
		"indirizzo": "VIA TIBERINA, 163",
		"cap": "06053",
		"comune": "DERUTA",
		"provincia": "PG"
	}
	,
	{
		"codMec": "pgic83700d",
		"tipo": "ISTITUTO COMPRENSIVO",
		"nome": "I.C. FOLIGNO 4",
		"indirizzo": "VIA MONTE SORATTE, 47",
		"cap": "06034",
		"comune": "FOLIGNO",
		"provincia": "PG"
	}
	,
	{
		"codMec": "pgic83100e",
		"tipo": "ISTITUTO COMPRENSIVO",
		"nome": "I.C. FOLIGNO 5",
		"indirizzo": "VIA LIE   N.1/A",
		"cap": "06030",
		"comune": "FOLIGNO",
		"provincia": "PG"
	}
	,
	{
		"codMec": "pgee00200l",
		"tipo": "CIRCOLO DIDATTICO",
		"nome": "D.D. 2^ CIRCOLO \"COMPAROZZI\"",
		"indirizzo": "VIA MAGNO MAGNINI",
		"cap": "06127",
		"comune": "PERUGIA",
		"provincia": "PG"
	}
	,
	{
		"codMec": "pgic840009",
		"tipo": "ISTITUTO COMPRENSIVO",
		"nome": "I.C. PERUGIA 12",
		"indirizzo": "VIA CESTELLINI  3",
		"cap": "06135",
		"comune": "PERUGIA",
		"provincia": "PG"
	}
	,
	{
		"codMec": "pgic85100q",
		"tipo": "ISTITUTO COMPRENSIVO",
		"nome": "I.C. PERUGIA 1 \"F. MORLACCHI\"",
		"indirizzo": "VIA M.B. VALENTINI",
		"cap": "06123",
		"comune": "PERUGIA",
		"provincia": "PG"
	}
	,
	{
		"codMec": "pgic85300b",
		"tipo": "ISTITUTO COMPRENSIVO",
		"nome": "I.C. PERUGIA 14",
		"indirizzo": "VIA DELLA TROTA, 12",
		"cap": "06134",
		"comune": "PERUGIA",
		"provincia": "PG"
	}
	,
	{
		"codMec": "pgic854007",
		"tipo": "ISTITUTO COMPRENSIVO",
		"nome": "I.C. PERUGIA 13",
		"indirizzo": "VIA GARIGLIANO 9",
		"cap": "06134",
		"comune": "PERUGIA",
		"provincia": "PG"
	}
	,
	{
		"codMec": "pgic85600v",
		"tipo": "ISTITUTO COMPRENSIVO",
		"nome": "I.C. PERUGIA 15",
		"indirizzo": "VIA V. HUGO, 3",
		"cap": "06134",
		"comune": "PERUGIA",
		"provincia": "PG"
	}
	,
	{
		"codMec": "pgic85800e",
		"tipo": "ISTITUTO COMPRENSIVO",
		"nome": "I.C. PERUGIA 8",
		"indirizzo": "VIA CRISTOFORO COLOMBO 13/A",
		"cap": "06127",
		"comune": "PERUGIA",
		"provincia": "PG"
	}
	,
	{
		"codMec": "pgic85900a",
		"tipo": "ISTITUTO COMPRENSIVO",
		"nome": "I.C. PERUGIA 11",
		"indirizzo": "VIA ALFREDO COTANI, 1",
		"cap": "06128",
		"comune": "PERUGIA",
		"provincia": "PG"
	}
	,
	{
		"codMec": "pgic862006",
		"tipo": "ISTITUTO COMPRENSIVO",
		"nome": "I.C. PERUGIA 2",
		"indirizzo": "VIA PINTURICCHIO, 64",
		"cap": "06122",
		"comune": "PERUGIA",
		"provincia": "PG"
	}
	,
	{
		"codMec": "pgic86400t",
		"tipo": "ISTITUTO COMPRENSIVO",
		"nome": "I.C. PERUGIA 7",
		"indirizzo": "STRADA LACUGNANO",
		"cap": "06132",
		"comune": "PERUGIA",
		"provincia": "PG"
	}
	,
	{
		"codMec": "pgic86500n",
		"tipo": "ISTITUTO COMPRENSIVO",
		"nome": "I.C. PERUGIA 9",
		"indirizzo": "VIA DEL PAPAVERO 2/4",
		"cap": "06132",
		"comune": "PERUGIA",
		"provincia": "PG"
	}
	,
	{
		"codMec": "pgic86600d",
		"tipo": "ISTITUTO COMPRENSIVO",
		"nome": "I.C. PERUGIA 3",
		"indirizzo": "VIALE ROMA, 15",
		"cap": "06121",
		"comune": "PERUGIA",
		"provincia": "PG"
	}
	,
	{
		"codMec": "pgic867009",
		"tipo": "ISTITUTO COMPRENSIVO",
		"nome": "I.C. PERUGIA 6",
		"indirizzo": "VIA DELL\\'ARMONIA, 77",
		"cap": "06132",
		"comune": "PERUGIA",
		"provincia": "PG"
	}
	,
	{
		"codMec": "pgic868005",
		"tipo": "ISTITUTO COMPRENSIVO",
		"nome": "ISTITUTO COMPRENSIVO PERUGIA 4",
		"indirizzo": "VIA G. P. DA PALESTRINA SNC",
		"cap": "06124",
		"comune": "PERUGIA",
		"provincia": "PG"
	}
	,
	{
		"codMec": "pgic869001",
		"tipo": "ISTITUTO COMPRENSIVO",
		"nome": "I.C.  PERUGIA 5",
		"indirizzo": "",
		"cap": "06129",
		"comune": "PERUGIA",
		"provincia": "PG"
	}
	,
	{
		"codMec": "pgee05200n",
		"tipo": "CIRCOLO DIDATTICO",
		"nome": "D.D. II CIRCOLO SPOLETO",
		"indirizzo": "VIA CERQUIGLIA 61",
		"cap": "06049",
		"comune": "SPOLETO",
		"provincia": "PG"
	}
	,
	{
		"codMec": "pgrh01000r",
		"tipo": "IST PROF  ALBERGHIERO",
		"nome": "\"G. DE CAROLIS\"",
		"indirizzo": "VIA        SAN PAOLO INTER VINEAS",
		"cap": "06049",
		"comune": "SPOLETO",
		"provincia": "PG"
	}
	,
	{
		"codMec": "pgee05100t",
		"tipo": "CIRCOLO DIDATTICO",
		"nome": "D.D. 1^CIRC. XX SETTEMBRE SPOLE",
		"indirizzo": "PIAZZA XX SETTEMBRE 8",
		"cap": "06049",
		"comune": "SPOLETO",
		"provincia": "PG"
	}
	,
	{
		"codMec": "pgis03100p",
		"tipo": "ISTITUTO SUPERIORE",
		"nome": "I.I.S. TECNICO-PROFESSIONALE SPOLETO",
		"indirizzo": "VIA VISSO",
		"cap": "06049",
		"comune": "SPOLETO",
		"provincia": "PG"
	}
	,
	{
		"codMec": "pgis026007",
		"tipo": "ISTITUTO SUPERIORE",
		"nome": "I.I.S. \"SANSI-LEONARDI-VOLTA\"",
		"indirizzo": "PIAZZA   CARDUCCI",
		"cap": "06049",
		"comune": "SPOLETO",
		"provincia": "PG"
	}
	,
	{
		"codMec": "pgic84400l",
		"tipo": "ISTITUTO COMPRENSIVO",
		"nome": "I.C. SPOLETO 2",
		"indirizzo": "VIA ARPAGO RICCI",
		"cap": "06049",
		"comune": "SPOLETO",
		"provincia": "PG"
	}
	,
	{
		"codMec": "pgic842001",
		"tipo": "ISTITUTO COMPRENSIVO",
		"nome": "I.C. SPOLETO 1",
		"indirizzo": "VIA DON PIETRO BONILLI, 8",
		"cap": "06049",
		"comune": "SPOLETO",
		"provincia": "PG"
	}
	,
	{
		"codMec": "pgee06000l",
		"tipo": "CIRCOLO DIDATTICO",
		"nome": "D.D. TODI",
		"indirizzo": "PIAZZALE G.F. DEGLI ATTI, 1",
		"cap": "06059",
		"comune": "TODI",
		"provincia": "PG"
	}
	,
	{
		"codMec": "pgmm18600l",
		"tipo": "SCUOLA PRIMO GRADO",
		"nome": "IST. 1^ GRADO \"COCCHI - AOSTA\"",
		"indirizzo": "PIAZZALE G.F. DEGLI ATTI, 1",
		"cap": "06059",
		"comune": "TODI",
		"provincia": "PG"
	}
	,
	{
		"codMec": "pgpc04000q",
		"tipo": "LICEO CLASSICO",
		"nome": "LICEO \"JACOPONE DA TODI\"",
		"indirizzo": "LARGO MARTINO I,1",
		"cap": "06059",
		"comune": "TODI",
		"provincia": "PG"
	}
	,
	{
		"codMec": "pgis01100d",
		"tipo": "ISTITUTO SUPERIORE",
		"nome": "I.I.S. \"CIUFFELLI - EINAUDI\"",
		"indirizzo": "VIALE      MONTECRISTO 3",
		"cap": "06059",
		"comune": "TODI",
		"provincia": "PG"
	}
	,
	{
		"codMec": "pgic84900q",
		"tipo": "ISTITUTO COMPRENSIVO",
		"nome": "I.C. TORGIANO-BETTONA",
		"indirizzo": "VIA PASQUALE TIRADOSSI, 13",
		"cap": "06089",
		"comune": "TORGIANO",
		"provincia": "PG"
	}
	,
	{
		"codMec": "pgic809009",
		"tipo": "ISTITUTO COMPRENSIVO",
		"nome": "I.C. \"T. VALENTI\" TREVI",
		"indirizzo": "PIAZZA GARIBALDI",
		"cap": "06039",
		"comune": "TREVI",
		"provincia": "PG"
	}
	,
	{
		"codMec": "pgee05800l",
		"tipo": "CIRCOLO DIDATTICO",
		"nome": "D.D. 2^ CIRC. \"DI VITTORIO\"UMBE",
		"indirizzo": "VIA CAPITINI N.2",
		"cap": "06019",
		"comune": "UMBERTIDE",
		"provincia": "PG"
	}
	,
	{
		"codMec": "pgee05700r",
		"tipo": "CIRCOLO DIDATTICO",
		"nome": "GARIBALDI PRIMO CIRC.UMBERT",
		"indirizzo": "VIA BREMIZIA N.23/A",
		"cap": "06019",
		"comune": "UMBERTIDE",
		"provincia": "PG"
	}
	,
	{
		"codMec": "pgic83000p",
		"tipo": "ISTITUTO COMPRENSIVO",
		"nome": "I.C. FOLIGNO 3",
		"indirizzo": "P.ZZA GARIBALDI",
		"cap": "06037",
		"comune": "FOLIGNO",
		"provincia": "PG"
	}
	,
	{
		"codMec": "pgic86100a",
		"tipo": "ISTITUTO COMPRENSIVO",
		"nome": "I.C. FOLIGNO 1",
		"indirizzo": "VIA S. CATERINA",
		"cap": "06034",
		"comune": "FOLIGNO",
		"provincia": "PG"
	}
	,
	{
		"codMec": "pgtd01000v",
		"tipo": "IST TEC COMMERCIALE E PER GEOMETRI",
		"nome": "IST.TECN.ECONOMICO \"F. SCARPELLINI\"",
		"indirizzo": "VIA CIRO MENOTTI  N. 11",
		"cap": "06034",
		"comune": "FOLIGNO",
		"provincia": "PG"
	}
	,
	{
		"codMec": "pgri24000t",
		"tipo": "IST PROF INDUSTRIA E ARTIGIANATO",
		"nome": "IST. PROFESSIONALE \"E. ORFINI\"",
		"indirizzo": "VIALE MARCONI  N. 12",
		"cap": "06034",
		"comune": "FOLIGNO",
		"provincia": "PG"
	}
	,
	{
		"codMec": "pgps02000n",
		"tipo": "LICEO SCIENTIFICO",
		"nome": "LICEO \"G. MARCONI\"",
		"indirizzo": "VIA ISOLABELLA",
		"cap": "06034",
		"comune": "FOLIGNO",
		"provincia": "PG"
	}
	,
	{
		"codMec": "pgpc09000r",
		"tipo": "LICEO CLASSICO",
		"nome": "LICEO \"F. FREZZI - B. ANGELA\"",
		"indirizzo": "VIALE MARCONI 12",
		"cap": "06034",
		"comune": "FOLIGNO",
		"provincia": "PG"
	}
	,
	{
		"codMec": "pgee03200c",
		"tipo": "CIRCOLO DIDATTICO",
		"nome": "D.D. 3^ CIRC. M. CERVINO FOLIGN",
		"indirizzo": "VIA MONTE CERVINO 3",
		"cap": "06034",
		"comune": "FOLIGNO",
		"provincia": "PG"
	}
	,
	{
		"codMec": "pgtf040001",
		"tipo": "ISTITUTO TECNICO INDUSTRIALE",
		"nome": "IST.TECN.TECNOLOGICO \"L. DA VINCI\"",
		"indirizzo": "VIALE GUGLIELMO MARCONI 6",
		"cap": "06034",
		"comune": "FOLIGNO",
		"provincia": "PG"
	}
	,
	{
		"codMec": "pgic86000e",
		"tipo": "ISTITUTO COMPRENSIVO",
		"nome": "I.C. FOLIGNO 2",
		"indirizzo": "VIA PIERMARINI, 19",
		"cap": "06034",
		"comune": "FOLIGNO",
		"provincia": "PG"
	}
	,
	{
		"codMec": "pgic83200a",
		"tipo": "ISTITUTO COMPRENSIVO",
		"nome": "I.O. GIANO-BASTARDO",
		"indirizzo": "VIA DON LUIGI STURZO, 2",
		"cap": "06030",
		"comune": "GIANO DELL\\'UMBRIA",
		"provincia": "PG"
	}
	,
	{
		"codMec": "pgic82900e",
		"tipo": "ISTITUTO COMPRENSIVO",
		"nome": "I.C. GUALDO CATTANEO",
		"indirizzo": "VIA MONTE, 14",
		"cap": "06035",
		"comune": "GUALDO CATTANEO",
		"provincia": "PG"
	}
	,
	{
		"codMec": "pgis00200p",
		"tipo": "ISTITUTO SUPERIORE",
		"nome": "I.I.S. \"R. CASIMIRI\"",
		"indirizzo": "VIA        DON BOSCO 31",
		"cap": "06023",
		"comune": "GUALDO TADINO",
		"provincia": "PG"
	}
	,
	{
		"codMec": "pgic847004",
		"tipo": "ISTITUTO COMPRENSIVO",
		"nome": "I.C. GUALDO TADINO",
		"indirizzo": "VIA LUCANTONI",
		"cap": "06023",
		"comune": "GUALDO TADINO",
		"provincia": "PG"
	}
	,
	{
		"codMec": "pgis02400g",
		"tipo": "ISTITUTO SUPERIORE",
		"nome": "I.I.S. \"G. MAZZATINTI\"",
		"indirizzo": "PIAZZALE G.LEOPARDI",
		"cap": "06024",
		"comune": "GUBBIO",
		"provincia": "PG"
	}
	,
	{
		"codMec": "pgmm21400g",
		"tipo": "SCUOLA PRIMO GRADO",
		"nome": "IST.1^ GR.\"MASTROGIORGIO-NELLI\"",
		"indirizzo": "VIA  PERUGINA",
		"cap": "06024",
		"comune": "GUBBIO",
		"provincia": "PG"
	}
	,
	{
		"codMec": "pgic84800x",
		"tipo": "ISTITUTO COMPRENSIVO",
		"nome": "I.C. UMBERTIDE MONTONE PIETRALU",
		"indirizzo": "PIAZZA CARLO MARX, 1",
		"cap": "06019",
		"comune": "UMBERTIDE",
		"provincia": "PG"
	}
	,
	{
		"codMec": "pgis014001",
		"tipo": "ISTITUTO SUPERIORE",
		"nome": "I.I.S. \"LEONARDO DA VINCI\"",
		"indirizzo": "VIA TUSICUM",
		"cap": "06019",
		"comune": "UMBERTIDE",
		"provincia": "PG"
	}
	,
	{
		"codMec": "pgic80800d",
		"tipo": "ISTITUTO COMPRENSIVO",
		"nome": "I.C. \"S.BENEDETTO\" VALFABBRICA",
		"indirizzo": "VIA S.BENEDETTO, 13",
		"cap": "06029",
		"comune": "VALFABBRICA",
		"provincia": "PG"
	}
	,
	{
		"codMec": "pgis03300a",
		"tipo": "ISTITUTO SUPERIORE",
		"nome": "I.I.S. \"CAVOUR-MARCONI-PASCAL\"",
		"indirizzo": "VIA ASSISANA 40/D",
		"cap": "06135",
		"comune": "PERUGIA",
		"provincia": "PG"
	}
	,
	{
		"codMec": "pgmm23500l",
		"tipo": "SCUOLA PRIMO GRADO",
		"nome": "CPIA  1 PERUGIA",
		"indirizzo": "VIA CESTELLINI 3",
		"cap": "06135",
		"comune": "PERUGIA",
		"provincia": "PG"
	}
	,
	{
		"codMec": "pgpc01000x",
		"tipo": "LICEO CLASSICO",
		"nome": "LICEO \"A. MARIOTTI\"",
		"indirizzo": "PIAZZA     SAN PAOLO 3",
		"cap": "06123",
		"comune": "PERUGIA",
		"provincia": "PG"
	}
	,
	{
		"codMec": "pgpm010004",
		"tipo": "ISTITUTO MAGISTRALE",
		"nome": "LICEO  \"A. PIERALLI\"",
		"indirizzo": "PIAZZALE ANNA FRANK, 11",
		"cap": "06124",
		"comune": "PERUGIA",
		"provincia": "PG"
	}
	,
	{
		"codMec": "pgps030008",
		"tipo": "LICEO SCIENTIFICO",
		"nome": "LICEO \"G. ALESSI\"",
		"indirizzo": "VIA RUGGERO D\\'ANDREOTTO 19",
		"cap": "06124",
		"comune": "PERUGIA",
		"provincia": "PG"
	}
	,
	{
		"codMec": "pgps09000x",
		"tipo": "LICEO SCIENTIFICO",
		"nome": "LICEO \"G. GALILEI\"",
		"indirizzo": "VIALE CARLO MANUALI N.12",
		"cap": "06122",
		"comune": "PERUGIA",
		"provincia": "PG"
	}
	,
	{
		"codMec": "pgsd03000p",
		"tipo": "ISTITUTO D\\'ARTE",
		"nome": "I.O. \"B. DI BETTO\"",
		"indirizzo": "VIA LUIGI CANALI, 27",
		"cap": "06124",
		"comune": "PERUGIA",
		"provincia": "PG"
	}
	,
	{
		"codMec": "pgtd11000q",
		"tipo": "IST TEC COMMERCIALE E PER GEOMETRI",
		"nome": "I.T.E.T. \"A.CAPITINI-V.E. II-DI CAMBIO\"",
		"indirizzo": "VIALE CENTOVA, 4",
		"cap": "06128",
		"comune": "PERUGIA",
		"provincia": "PG"
	}
	,
	{
		"codMec": "pgte01000a",
		"tipo": "ISTITUTO TECNICO PER ATTIVITA\\' SOCIALI (GIA\\' ITF)",
		"nome": "ITAS \"GIORDANO BRUNO\"",
		"indirizzo": "VIA MARIO ANGELUCCI, 1",
		"cap": "06132",
		"comune": "PERUGIA",
		"provincia": "PG"
	}
	,
	{
		"codMec": "pgtf010005",
		"tipo": "ISTITUTO TECNICO INDUSTRIALE",
		"nome": "IST.TECN.TECNOLOGICO \"A.VOLTA\"",
		"indirizzo": "VIA ASSISANA 40/E",
		"cap": "06135",
		"comune": "PERUGIA",
		"provincia": "PG"
	}
	,
	{
		"codMec": "pgic81000d",
		"tipo": "ISTITUTO COMPRENSIVO",
		"nome": "I.C. PIEGARO",
		"indirizzo": "VIA PO\\' DELLA FRATTA",
		"cap": "06066",
		"comune": "PIEGARO",
		"provincia": "PG"
	}
	,
	{
		"codMec": "pgee048002",
		"tipo": "CIRCOLO DIDATTICO",
		"nome": "D.D. \"F. T. BUFALINI\"S.GIUSTINO",
		"indirizzo": "VIA DE AMICIS",
		"cap": "06016",
		"comune": "SAN GIUSTINO",
		"provincia": "PG"
	}
	,
	{
		"codMec": "pgic838009",
		"tipo": "ISTITUTO COMPRENSIVO",
		"nome": "I.C. \"L. DA VINCI\" SAN GIUSTINO",
		"indirizzo": "VIA UMBRA 25",
		"cap": "06016",
		"comune": "SAN GIUSTINO",
		"provincia": "PG"
	}
	,
	{
		"codMec": "pgic82200q",
		"tipo": "ISTITUTO COMPRENSIVO",
		"nome": "I.C. SIGILLO",
		"indirizzo": "VIA UMBRIA 5",
		"cap": "06028",
		"comune": "SIGILLO",
		"provincia": "PG"
	}
	,
	{
		"codMec": "pgic82300g",
		"tipo": "ISTITUTO COMPRENSIVO",
		"nome": "I.C. \"G. FERRARIS\" SPELLO",
		"indirizzo": "LARGO MAZZINI N. 4",
		"cap": "06038",
		"comune": "SPELLO",
		"provincia": "PG"
	}
]