[
	{
		"codMec": "piic815009",
		"tipo": "ISTITUTO COMPRENSIVO",
		"nome": "I.C. IQBAL MASIH BIENTINA",
		"indirizzo": "VIA  L. DA VINCI 43",
		"cap": "56031",
		"comune": "BIENTINA",
		"provincia": "PI"
	}
	,
	{
		"codMec": "piic816005",
		"tipo": "ISTITUTO COMPRENSIVO",
		"nome": "I.C. MARTIN LUTHER KING",
		"indirizzo": "VIA GAREMI, 3",
		"cap": "56012",
		"comune": "CALCINAIA",
		"provincia": "PI"
	}
	,
	{
		"codMec": "piic82800b",
		"tipo": "ISTITUTO COMPRENSIVO",
		"nome": "I.C. \"S.PERTINI\" CAPANNOLI",
		"indirizzo": "VIA A.MORO 4",
		"cap": "56033",
		"comune": "CAPANNOLI",
		"provincia": "PI"
	}
	,
	{
		"codMec": "piic83000b",
		"tipo": "ISTITUTO COMPRENSIVO",
		"nome": "I.C. CASCIANA TERME LARI",
		"indirizzo": "VIA BELVEDERE 27/B",
		"cap": "56035",
		"comune": "CASCIANA TERME LARI",
		"provincia": "PI"
	}
	,
	{
		"codMec": "piic84100t",
		"tipo": "ISTITUTO COMPRENSIVO",
		"nome": "I.C. FALCONE CASCINA",
		"indirizzo": "VIALE COMASCHI N. 40",
		"cap": "56021",
		"comune": "CASCINA",
		"provincia": "PI"
	}
	,
	{
		"codMec": "piic83900t",
		"tipo": "ISTITUTO COMPRENSIVO",
		"nome": "I.C. DE ANDRE\\' S. FREDIANO",
		"indirizzo": "VIA FUCINI, 48",
		"cap": "56026",
		"comune": "CASCINA",
		"provincia": "PI"
	}
	,
	{
		"codMec": "piic840002",
		"tipo": "ISTITUTO COMPRENSIVO",
		"nome": "I.C. BORSELLINO NAVACCHIO",
		"indirizzo": "VIA PASTORE,32",
		"cap": "56023",
		"comune": "CASCINA",
		"provincia": "PI"
	}
	,
	{
		"codMec": "piis004003",
		"tipo": "ISTITUTO SUPERIORE",
		"nome": "\"A.PESENTI\"",
		"indirizzo": "VIA A. MORO 6",
		"cap": "56021",
		"comune": "CASCINA",
		"provincia": "PI"
	}
	,
	{
		"codMec": "piic817001",
		"tipo": "ISTITUTO COMPRENSIVO",
		"nome": "I.C. L.DA VINCI CASTELFRANCO",
		"indirizzo": "P.ZZA MAZZINI 11",
		"cap": "56022",
		"comune": "CASTELFRANCO DI SOTTO",
		"provincia": "PI"
	}
	,
	{
		"codMec": "piic829007",
		"tipo": "ISTITUTO COMPRENSIVO",
		"nome": "I.C. G.MARITI",
		"indirizzo": "CORSO DELLA REPUBBLICA,125",
		"cap": "56043",
		"comune": "FAUGLIA",
		"provincia": "PI"
	}
	,
	{
		"codMec": "piic823008",
		"tipo": "ISTITUTO COMPRENSIVO",
		"nome": "I.C. GRISELLI MONTESCUDAIO",
		"indirizzo": "VIA ROMA 55",
		"cap": "56040",
		"comune": "MONTESCUDAIO",
		"provincia": "PI"
	}
	,
	{
		"codMec": "piic82200c",
		"tipo": "ISTITUTO COMPRENSIVO",
		"nome": "I.C. G.GALILEI MONTOPOLI",
		"indirizzo": "VIA S.SEBASTIANO 27",
		"cap": "56020",
		"comune": "MONTOPOLI IN VAL D\\'ARNO",
		"provincia": "PI"
	}
	,
	{
		"codMec": "piic81300n",
		"tipo": "ISTITUTO COMPRENSIVO",
		"nome": "I.C. FRA D.DA PECCIOLI",
		"indirizzo": "VIALE  GARIBALDI 6",
		"cap": "56037",
		"comune": "PECCIOLI",
		"provincia": "PI"
	}
	,
	{
		"codMec": "piri010001",
		"tipo": "IST PROF INDUSTRIA E ARTIGIANATO",
		"nome": "G. FASCETTI",
		"indirizzo": "VIA UGO RINDI 47",
		"cap": "56123",
		"comune": "PISA",
		"provincia": "PI"
	}
	,
	{
		"codMec": "pisd05000l",
		"tipo": "ISTITUTO D\\'ARTE",
		"nome": "LICEO ARTISTICO FRANCO RUSSOLI",
		"indirizzo": "VIA SAN FREDIANO N.13",
		"cap": "56126",
		"comune": "PISA",
		"provincia": "PI"
	}
	,
	{
		"codMec": "piic82100l",
		"tipo": "ISTITUTO COMPRENSIVO",
		"nome": "I.C.  FUCINI PISA",
		"indirizzo": "VIA FRATELLI ANTONI 10",
		"cap": "56121",
		"comune": "PISA",
		"provincia": "PI"
	}
	,
	{
		"codMec": "piic81800r",
		"tipo": "ISTITUTO COMPRENSIVO",
		"nome": "I.C. G.GAMERRA PISA",
		"indirizzo": "VIA XIMENES, 1",
		"cap": "56121",
		"comune": "PISA",
		"provincia": "PI"
	}
	,
	{
		"codMec": "piic81400d",
		"tipo": "ISTITUTO COMPRENSIVO",
		"nome": "I.C. N.PISANO MARINA",
		"indirizzo": "VIA        FLAVIO ANDO\\'        3",
		"cap": "56128",
		"comune": "PISA",
		"provincia": "PI"
	}
	,
	{
		"codMec": "pitd01000g",
		"tipo": "IST TEC COMMERCIALE E PER GEOMETRI",
		"nome": "TD A. PACINOTTI",
		"indirizzo": "VIA BENEDETTO CROCE 34",
		"cap": "56125",
		"comune": "PISA",
		"provincia": "PI"
	}
	,
	{
		"codMec": "pips02000a",
		"tipo": "LICEO SCIENTIFICO",
		"nome": "U. DINI",
		"indirizzo": "VIALE BENEDETTO CROCE 36",
		"cap": "56125",
		"comune": "PISA",
		"provincia": "PI"
	}
	,
	{
		"codMec": "pipm030002",
		"tipo": "ISTITUTO MAGISTRALE",
		"nome": "GIOSUE\\' CARDUCCI",
		"indirizzo": "VIA SAN ZENO 3",
		"cap": "56127",
		"comune": "PISA",
		"provincia": "PI"
	}
	,
	{
		"codMec": "pipc020007",
		"tipo": "LICEO CLASSICO",
		"nome": "GALILEO GALILEI",
		"indirizzo": "VIA  BENEDETTO CROCE 32",
		"cap": "56125",
		"comune": "PISA",
		"provincia": "PI"
	}
	,
	{
		"codMec": "piis003007",
		"tipo": "ISTITUTO SUPERIORE",
		"nome": "IS \"E. SANTONI\"",
		"indirizzo": "LARGO      CONCETTO MARCHESI",
		"cap": "56124",
		"comune": "PISA",
		"provincia": "PI"
	}
	,
	{
		"codMec": "pips04000g",
		"tipo": "LICEO SCIENTIFICO",
		"nome": "F. BUONARROTI",
		"indirizzo": "VIA BETTI, 4",
		"cap": "56124",
		"comune": "PISA",
		"provincia": "PI"
	}
	,
	{
		"codMec": "pirh01000d",
		"tipo": "IST PROF  ALBERGHIERO",
		"nome": "I.P.S.A.R. \"G. MATTEOTTI\"",
		"indirizzo": "VIA GARIBALDI, 194",
		"cap": "56124",
		"comune": "PISA",
		"provincia": "PI"
	}
	,
	{
		"codMec": "pitf01000t",
		"tipo": "ISTITUTO TECNICO INDUSTRIALE",
		"nome": "ITI L.DA VINCI",
		"indirizzo": "VIA CONTESSA MATILDE 74",
		"cap": "56123",
		"comune": "PISA",
		"provincia": "PI"
	}
	,
	{
		"codMec": "piic83400p",
		"tipo": "ISTITUTO COMPRENSIVO",
		"nome": "I.C. G. TONIOLO",
		"indirizzo": "VIA F.NIOSI 4",
		"cap": "56125",
		"comune": "PISA",
		"provincia": "PI"
	}
	,
	{
		"codMec": "piic83300v",
		"tipo": "ISTITUTO COMPRENSIVO",
		"nome": "I.C.STRENTA TONGIORGI PISA",
		"indirizzo": "VIA ORAZIO GENTILESCHI, 10",
		"cap": "56123",
		"comune": "PISA",
		"provincia": "PI"
	}
	,
	{
		"codMec": "piic832003",
		"tipo": "ISTITUTO COMPRENSIVO",
		"nome": "I.C.  V.GALILEI PISA",
		"indirizzo": "VIA DI PADULE",
		"cap": "56124",
		"comune": "PISA",
		"provincia": "PI"
	}
	,
	{
		"codMec": "piic831007",
		"tipo": "ISTITUTO COMPRENSIVO",
		"nome": "I.C.  L. FIBONACCI PISA",
		"indirizzo": "VIA M.LALLI 4",
		"cap": "56127",
		"comune": "PISA",
		"provincia": "PI"
	}
	,
	{
		"codMec": "piic824004",
		"tipo": "ISTITUTO COMPRENSIVO",
		"nome": "I.C.  M. TABARRINI  POMARANCE",
		"indirizzo": "VIA CERCIGNANI 38",
		"cap": "56045",
		"comune": "POMARANCE",
		"provincia": "PI"
	}
	,
	{
		"codMec": "piic81900l",
		"tipo": "ISTITUTO COMPRENSIVO",
		"nome": "I.C. NICCOLINI PONSACCO",
		"indirizzo": "VIA MELEGNANO 107",
		"cap": "56038",
		"comune": "PONSACCO",
		"provincia": "PI"
	}
	,
	{
		"codMec": "piic837006",
		"tipo": "ISTITUTO COMPRENSIVO",
		"nome": "I.C. M.K. GANDHI PONTEDERA",
		"indirizzo": "VIA NENNI, 25",
		"cap": "56025",
		"comune": "PONTEDERA",
		"provincia": "PI"
	}
	,
	{
		"codMec": "pitf030003",
		"tipo": "ISTITUTO TECNICO INDUSTRIALE",
		"nome": "G. MARCONI",
		"indirizzo": "VIA MILANO 51",
		"cap": "56025",
		"comune": "PONTEDERA",
		"provincia": "PI"
	}
	,
	{
		"codMec": "piri02000g",
		"tipo": "IST PROF INDUSTRIA E ARTIGIANATO",
		"nome": "IPSIA A.PACINOTTI",
		"indirizzo": "VIA SALCIOLI, 11",
		"cap": "56025",
		"comune": "PONTEDERA",
		"provincia": "PI"
	}
	,
	{
		"codMec": "piis00200b",
		"tipo": "ISTITUTO SUPERIORE",
		"nome": "XXV APRILE",
		"indirizzo": "VIA MILANO, 36",
		"cap": "56025",
		"comune": "PONTEDERA",
		"provincia": "PI"
	}
	,
	{
		"codMec": "pimm61000c",
		"tipo": "SCUOLA PRIMO GRADO",
		"nome": "CPIA 1 PISA",
		"indirizzo": "VIA BRIGATE PARTIGIANE",
		"cap": "56025",
		"comune": "PONTEDERA",
		"provincia": "PI"
	}
	,
	{
		"codMec": "pitd03000r",
		"tipo": "IST TEC COMMERCIALE E PER GEOMETRI",
		"nome": "ENRICO FERMI",
		"indirizzo": "VIA FIRENZE 51",
		"cap": "56025",
		"comune": "PONTEDERA",
		"provincia": "PI"
	}
	,
	{
		"codMec": "piic838002",
		"tipo": "ISTITUTO COMPRENSIVO",
		"nome": "I.C.CURT. E MONTANARA PONTEDERA",
		"indirizzo": "PIAZZA     GARIBALDI  11",
		"cap": "56025",
		"comune": "PONTEDERA",
		"provincia": "PI"
	}
	,
	{
		"codMec": "piic82000r",
		"tipo": "ISTITUTO COMPRENSIVO",
		"nome": "I.C. A. PACINOTTI - PONTEDERA",
		"indirizzo": "VIA DANTE 42",
		"cap": "56025",
		"comune": "PONTEDERA",
		"provincia": "PI"
	}
	,
	{
		"codMec": "pipm050007",
		"tipo": "ISTITUTO MAGISTRALE",
		"nome": "EUGENIO MONTALE",
		"indirizzo": "VIA SALCIOLI, 1",
		"cap": "56025",
		"comune": "PONTEDERA",
		"provincia": "PI"
	}
	,
	{
		"codMec": "piic83500e",
		"tipo": "ISTITUTO COMPRENSIVO",
		"nome": "I.C. GERESCHI PONTASSERCHIO",
		"indirizzo": "VIA S. ANTONIO N.3",
		"cap": "56010",
		"comune": "SAN GIULIANO TERME",
		"provincia": "PI"
	}
	,
	{
		"codMec": "piic83600a",
		"tipo": "ISTITUTO COMPRENSIVO",
		"nome": "G.B.NICCOLINI",
		"indirizzo": "PIAZZA ANTONIO GRAMSCI 3",
		"cap": "56017",
		"comune": "SAN GIULIANO TERME",
		"provincia": "PI"
	}
	,
	{
		"codMec": "piic82700g",
		"tipo": "ISTITUTO COMPRENSIVO",
		"nome": "I.C. SACCHETTI S.MINIATO",
		"indirizzo": "LARGO LORIS MALAGUZZI, 9",
		"cap": "56028",
		"comune": "SAN MINIATO",
		"provincia": "PI"
	}
	,
	{
		"codMec": "piic82600q",
		"tipo": "ISTITUTO COMPRENSIVO",
		"nome": "I.C. BUONARROTI PONTE A EGOLA",
		"indirizzo": "VIA CORRIDONI, 68",
		"cap": "56024",
		"comune": "SAN MINIATO",
		"provincia": "PI"
	}
	,
	{
		"codMec": "pips01000q",
		"tipo": "LICEO SCIENTIFICO",
		"nome": "MARCONI",
		"indirizzo": "ZONA INTERPORTO SAN DONATO",
		"cap": "56024",
		"comune": "SAN MINIATO",
		"provincia": "PI"
	}
	,
	{
		"codMec": "pitd070007",
		"tipo": "IST TEC COMMERCIALE E PER GEOMETRI",
		"nome": "CARLO CATTANEO",
		"indirizzo": "VIA CATENA 3",
		"cap": "56027",
		"comune": "SAN MINIATO",
		"provincia": "PI"
	}
	,
	{
		"codMec": "piic810006",
		"tipo": "ISTITUTO COMPRENSIVO",
		"nome": "I.C. SANTA CROCE SULL\\'ARNO",
		"indirizzo": "VIA PISACANE 15",
		"cap": "56029",
		"comune": "SANTA CROCE SULL\\'ARNO",
		"provincia": "PI"
	}
	,
	{
		"codMec": "piic82500x",
		"tipo": "ISTITUTO COMPRENSIVO",
		"nome": "I.C. CARDUCCI S.MARIA A MONTE",
		"indirizzo": "VIA QUERCE 13",
		"cap": "56020",
		"comune": "SANTA MARIA A MONTE",
		"provincia": "PI"
	}
	,
	{
		"codMec": "piic811002",
		"tipo": "ISTITUTO COMPRENSIVO",
		"nome": "I.C. D. SETTESOLDI VECCHIANO",
		"indirizzo": "VIA DEL CAPANNONE N. 19",
		"cap": "56019",
		"comune": "VECCHIANO",
		"provincia": "PI"
	}
	,
	{
		"codMec": "piic81200t",
		"tipo": "ISTITUTO COMPRENSIVO",
		"nome": "I.C. VICOPISANO \" ILARIA ALPI\"",
		"indirizzo": "VIALE DIAZ 60",
		"cap": "56010",
		"comune": "VICOPISANO",
		"provincia": "PI"
	}
	,
	{
		"codMec": "pitd04000b",
		"tipo": "IST TEC COMMERCIALE E PER GEOMETRI",
		"nome": "F. NICCOLINI",
		"indirizzo": "VIA GUARNACCI, 6",
		"cap": "56048",
		"comune": "VOLTERRA",
		"provincia": "PI"
	}
	,
	{
		"codMec": "piis00100g",
		"tipo": "ISTITUTO SUPERIORE",
		"nome": "GIOSUE\\' CARDUCCI",
		"indirizzo": "VIALE TRENTO E TRIESTE 26",
		"cap": "56048",
		"comune": "VOLTERRA",
		"provincia": "PI"
	}
	,
	{
		"codMec": "piic84200n",
		"tipo": "ISTITUTO COMPRENSIVO",
		"nome": "I.C. VOLTERRA",
		"indirizzo": "VIA FONDA N. 3",
		"cap": "56048",
		"comune": "VOLTERRA",
		"provincia": "PI"
	}
]