[
	{
		"codMec": "ptra010008",
		"tipo": "IST  PROF  PER L\\'AGRICOLTURA",
		"nome": "IST.PROF  \"DE\\' FRANCESCHI - A.PACINOTTI\"",
		"indirizzo": "VIA DALMAZIA, 221",
		"cap": "51100",
		"comune": "PISTOIA",
		"provincia": "PT"
	}
	,
	{
		"codMec": "ptrc010007",
		"tipo": "IST  PROF  PER I SERVIZI COMM , TUR  E DELLA PUBB",
		"nome": "LUIGI EINAUDI",
		"indirizzo": "VIALE PACINOTTI, 11",
		"cap": "51100",
		"comune": "PISTOIA",
		"provincia": "PT"
	}
	,
	{
		"codMec": "ptic811001",
		"tipo": "ISTITUTO COMPRENSIVO",
		"nome": "STATALE \"CINO\"",
		"indirizzo": "VIA ERNESTO ROSSI, 13",
		"cap": "51100",
		"comune": "PISTOIA",
		"provincia": "PT"
	}
	,
	{
		"codMec": "ptsd010005",
		"tipo": "ISTITUTO D\\'ARTE",
		"nome": "LICEO ARTISTICO STATALE \"P. PETROCCHI\"",
		"indirizzo": "PIAZZETTA S.PIETRO N.4",
		"cap": "51100",
		"comune": "PISTOIA",
		"provincia": "PT"
	}
	,
	{
		"codMec": "ptic82500v",
		"tipo": "ISTITUTO COMPRENSIVO",
		"nome": "\"A. RONCALLI - G. GALILEI\"",
		"indirizzo": "VIA PISACANE,  5",
		"cap": "51100",
		"comune": "PISTOIA",
		"provincia": "PT"
	}
	,
	{
		"codMec": "ptic82600p",
		"tipo": "ISTITUTO COMPRENSIVO",
		"nome": "BONACCORSO DA MONTEMAGNO",
		"indirizzo": "VIA F. PETRARCA",
		"cap": "51039",
		"comune": "QUARRATA",
		"provincia": "PT"
	}
	,
	{
		"codMec": "ptic82700e",
		"tipo": "ISTITUTO COMPRENSIVO",
		"nome": "MARIO NANNINI",
		"indirizzo": "VIA 4 NOVEMBRE N. 164",
		"cap": "51039",
		"comune": "QUARRATA",
		"provincia": "PT"
	}
	,
	{
		"codMec": "ptic816004",
		"tipo": "ISTITUTO COMPRENSIVO",
		"nome": "STATALE S.MARCELLO P.SE",
		"indirizzo": "VIALE VILLA VITTORIA 240/E",
		"cap": "51028",
		"comune": "SAN MARCELLO PISTOIESE",
		"provincia": "PT"
	}
	,
	{
		"codMec": "ptic81200r",
		"tipo": "ISTITUTO COMPRENSIVO",
		"nome": "IC E.FERMI",
		"indirizzo": "VIA MONTALBANO 397",
		"cap": "51034",
		"comune": "SERRAVALLE PISTOIESE",
		"provincia": "PT"
	}
	,
	{
		"codMec": "pttd050001",
		"tipo": "IST TEC COMMERCIALE E PER GEOMETRI",
		"nome": "\"A. CAPITINI\"",
		"indirizzo": "VIA GOLDONI",
		"cap": "51031",
		"comune": "AGLIANA",
		"provincia": "PT"
	}
	,
	{
		"codMec": "ptic808005",
		"tipo": "ISTITUTO COMPRENSIVO",
		"nome": "STATALE B.SESTINI",
		"indirizzo": "VIA DELLA LIBERTA\\' 15",
		"cap": "51031",
		"comune": "AGLIANA",
		"provincia": "PT"
	}
	,
	{
		"codMec": "ptic81900g",
		"tipo": "ISTITUTO COMPRENSIVO",
		"nome": "\"C. SALUTATI - A. CAVALCANTI\"",
		"indirizzo": "PIAZZA A. MORO, 1",
		"cap": "51011",
		"comune": "BUGGIANO",
		"provincia": "PT"
	}
	,
	{
		"codMec": "ptic815008",
		"tipo": "ISTITUTO COMPRENSIVO",
		"nome": "IC STATALE \"DON LORENZO MILANI\"",
		"indirizzo": "VIA TOSCANINI, 11",
		"cap": "51019",
		"comune": "CHIESINA UZZANESE",
		"provincia": "PT"
	}
	,
	{
		"codMec": "ptic81800q",
		"tipo": "ISTITUTO COMPRENSIVO",
		"nome": "I. C. S. \"F.BERNI\" LAMPORECCHIO",
		"indirizzo": "PIAZZA A. LA MARMORA, 1",
		"cap": "51035",
		"comune": "LAMPORECCHIO",
		"provincia": "PT"
	}
	,
	{
		"codMec": "ptic81300l",
		"tipo": "ISTITUTO COMPRENSIVO",
		"nome": "STATALE \"FERRUCCI\"",
		"indirizzo": "VIA PUCCINI, 196 S. ROCCO",
		"cap": "51036",
		"comune": "LARCIANO",
		"provincia": "PT"
	}
	,
	{
		"codMec": "ptic80600d",
		"tipo": "ISTITUTO COMPRENSIVO",
		"nome": "IC B.PASQUINI",
		"indirizzo": "VIA TOSCANINI, 4",
		"cap": "51010",
		"comune": "MASSA E COZZILE",
		"provincia": "PT"
	}
	,
	{
		"codMec": "ptic82000q",
		"tipo": "ISTITUTO COMPRENSIVO",
		"nome": "ISTITUTO COMPRENSIVO CAPONNETTO",
		"indirizzo": "PIAZZA LA MALFA,19",
		"cap": "51015",
		"comune": "MONSUMMANO TERME",
		"provincia": "PT"
	}
	,
	{
		"codMec": "ptic82100g",
		"tipo": "ISTITUTO COMPRENSIVO",
		"nome": "IST. COMP. - WALTER IOZZELLI -",
		"indirizzo": "PIAZZA DEI MARTIRI 205",
		"cap": "51015",
		"comune": "MONSUMMANO TERME",
		"provincia": "PT"
	}
	,
	{
		"codMec": "ptic81700x",
		"tipo": "ISTITUTO COMPRENSIVO",
		"nome": "ISTITUTO COMPRENSIVO DI MONTALE",
		"indirizzo": "VIA MARTIN LUTHER KING,8",
		"cap": "51037",
		"comune": "MONTALE",
		"provincia": "PT"
	}
	,
	{
		"codMec": "ptps03000x",
		"tipo": "LICEO SCIENTIFICO",
		"nome": "STATALE \"SALUTATI\"",
		"indirizzo": "VIA G.MARCONI, 71",
		"cap": "51016",
		"comune": "MONTECATINI-TERME",
		"provincia": "PT"
	}
	,
	{
		"codMec": "ptrh01000c",
		"tipo": "IST PROF  ALBERGHIERO",
		"nome": "\"MARTINI\"",
		"indirizzo": "VIA G. GALILEI, 11",
		"cap": "51016",
		"comune": "MONTECATINI-TERME",
		"provincia": "PT"
	}
	,
	{
		"codMec": "ptic82200b",
		"tipo": "ISTITUTO COMPRENSIVO",
		"nome": "GALILEO CHINI",
		"indirizzo": "VIALE SAN FRANCESCO D\\'ASSISI, 20",
		"cap": "51016",
		"comune": "MONTECATINI-TERME",
		"provincia": "PT"
	}
	,
	{
		"codMec": "ptpm02000a",
		"tipo": "ISTITUTO MAGISTRALE",
		"nome": "IM STATALE LORENZINI",
		"indirizzo": "VIA SISMONDI N.7",
		"cap": "51017",
		"comune": "PESCIA",
		"provincia": "PT"
	}
	,
	{
		"codMec": "pttd01000e",
		"tipo": "IST TEC COMMERCIALE E PER GEOMETRI",
		"nome": "\"F.MARCHI\"",
		"indirizzo": "VIA MARCONI 16",
		"cap": "51017",
		"comune": "PESCIA",
		"provincia": "PT"
	}
	,
	{
		"codMec": "ptta010004",
		"tipo": "ISTITUTO TECNICO AGRARIO",
		"nome": "D. ANZILOTTI",
		"indirizzo": "VIALE RICCIANO N.5",
		"cap": "51017",
		"comune": "PESCIA",
		"provincia": "PT"
	}
	,
	{
		"codMec": "ptic823007",
		"tipo": "ISTITUTO COMPRENSIVO",
		"nome": "LIBERO ANDREOTTI",
		"indirizzo": "VIA SISMONDI,19",
		"cap": "51017",
		"comune": "PESCIA",
		"provincia": "PT"
	}
	,
	{
		"codMec": "ptic824003",
		"tipo": "ISTITUTO COMPRENSIVO",
		"nome": "RITA LEVI MONTALCINI",
		"indirizzo": "VIA MONSIGNOR SIMONETTI, 4",
		"cap": "51017",
		"comune": "PESCIA",
		"provincia": "PT"
	}
	,
	{
		"codMec": "ptis00200a",
		"tipo": "ISTITUTO SUPERIORE",
		"nome": "PROF.SERVIZI COMM.LI SISMONDI",
		"indirizzo": "VIA ALDO MORO, 11",
		"cap": "51017",
		"comune": "PESCIA",
		"provincia": "PT"
	}
	,
	{
		"codMec": "ptic807009",
		"tipo": "ISTITUTO COMPRENSIVO",
		"nome": "I.C.  STATALE G.GALILEI",
		"indirizzo": "VIA DELLA LIBERTA\\' 5",
		"cap": "51018",
		"comune": "PIEVE A NIEVOLE",
		"provincia": "PT"
	}
	,
	{
		"codMec": "ptic809001",
		"tipo": "ISTITUTO COMPRENSIVO",
		"nome": "STATALE \"M.L.KING\"",
		"indirizzo": "VIA FERDINANDO SANTI 1",
		"cap": "51100",
		"comune": "PISTOIA",
		"provincia": "PT"
	}
	,
	{
		"codMec": "ptic810005",
		"tipo": "ISTITUTO COMPRENSIVO",
		"nome": "IC STATALE RAFFAELLO",
		"indirizzo": "VIA CALAMANDREI",
		"cap": "51100",
		"comune": "PISTOIA",
		"provincia": "PT"
	}
	,
	{
		"codMec": "ptic82800a",
		"tipo": "ISTITUTO COMPRENSIVO",
		"nome": "\"A. FRANK - CARRADORI\"",
		"indirizzo": "VIA DONATI, 19",
		"cap": "51100",
		"comune": "PISTOIA",
		"provincia": "PT"
	}
	,
	{
		"codMec": "ptic829006",
		"tipo": "ISTITUTO COMPRENSIVO",
		"nome": "\" G. MARCONI - A.FROSINI\"",
		"indirizzo": "VIA CAVALLERIZZA 1",
		"cap": "51100",
		"comune": "PISTOIA",
		"provincia": "PT"
	}
	,
	{
		"codMec": "pttf01000r",
		"tipo": "ISTITUTO TECNICO INDUSTRIALE",
		"nome": "ITTS \"FEDI - FERMI\"",
		"indirizzo": "VIA PANCONI N.39",
		"cap": "51100",
		"comune": "PISTOIA",
		"provincia": "PT"
	}
	,
	{
		"codMec": "ptmm04700r",
		"tipo": "SCUOLA PRIMO GRADO",
		"nome": "CPIA 1 PISTOIA",
		"indirizzo": "VIA DONATI 19",
		"cap": "51100",
		"comune": "PISTOIA",
		"provincia": "PT"
	}
	,
	{
		"codMec": "ptpc01000g",
		"tipo": "LICEO CLASSICO",
		"nome": "LICEO STATALE N.FORTEGUERRI",
		"indirizzo": "CORSO GRAMSCI N.148",
		"cap": "51100",
		"comune": "PISTOIA",
		"provincia": "PT"
	}
	,
	{
		"codMec": "ptic81400c",
		"tipo": "ISTITUTO COMPRENSIVO",
		"nome": "STATALE LEONARDO DA VINCI",
		"indirizzo": "VIA DEL FORNACIONE, 1",
		"cap": "51100",
		"comune": "PISTOIA",
		"provincia": "PT"
	}
	,
	{
		"codMec": "ptps01000p",
		"tipo": "LICEO SCIENTIFICO",
		"nome": "STATALE \"A.DI SAVOIA\"",
		"indirizzo": "VIALE ADUA N.187",
		"cap": "51100",
		"comune": "PISTOIA",
		"provincia": "PT"
	}
	,
	{
		"codMec": "pttd020005",
		"tipo": "IST TEC COMMERCIALE E PER GEOMETRI",
		"nome": "ITC \"PACINI\"",
		"indirizzo": "CORSO GRAMSCI N.43",
		"cap": "51100",
		"comune": "PISTOIA",
		"provincia": "PT"
	}
]