[
	{
		"codMec": "pvic814003",
		"tipo": "ISTITUTO COMPRENSIVO",
		"nome": "IC DI BELGIOIOSO",
		"indirizzo": "VIA FRATELLI CERVI, 4",
		"cap": "27011",
		"comune": "BELGIOIOSO",
		"provincia": "PV"
	}
	,
	{
		"codMec": "pvic82000a",
		"tipo": "ISTITUTO COMPRENSIVO",
		"nome": "IC DI BEREGUARDO",
		"indirizzo": "VIA CASTELLO, 2",
		"cap": "27021",
		"comune": "BEREGUARDO",
		"provincia": "PV"
	}
	,
	{
		"codMec": "pvic82300t",
		"tipo": "ISTITUTO COMPRENSIVO",
		"nome": "IC DI BRESSANA BOTTARONE",
		"indirizzo": "VIA IV NOVEMBRE, 10/B",
		"cap": "27042",
		"comune": "BRESSANA BOTTARONE",
		"provincia": "PV"
	}
	,
	{
		"codMec": "pvic821006",
		"tipo": "ISTITUTO COMPRENSIVO",
		"nome": "IC DI BRONI",
		"indirizzo": "VIA EMILIA, 271",
		"cap": "27043",
		"comune": "BRONI",
		"provincia": "PV"
	}
	,
	{
		"codMec": "pvic805008",
		"tipo": "ISTITUTO COMPRENSIVO",
		"nome": "IC DI CASORATE PRIMO",
		"indirizzo": "VIA FRATELLI KENNEDY, 3",
		"cap": "27022",
		"comune": "CASORATE PRIMO",
		"provincia": "PV"
	}
	,
	{
		"codMec": "pvic80300l",
		"tipo": "ISTITUTO COMPRENSIVO",
		"nome": "IC DI CASSOLNOVO",
		"indirizzo": "VIA TORNURA, 1",
		"cap": "27023",
		"comune": "CASSOLNOVO",
		"provincia": "PV"
	}
	,
	{
		"codMec": "pvic82400n",
		"tipo": "ISTITUTO COMPRENSIVO",
		"nome": "IC DI CASTEGGIO",
		"indirizzo": "VIA DABUSTI, 24",
		"cap": "27045",
		"comune": "CASTEGGIO",
		"provincia": "PV"
	}
	,
	{
		"codMec": "pvic81200b",
		"tipo": "ISTITUTO COMPRENSIVO",
		"nome": "IC DI CAVA MANARA",
		"indirizzo": "VIA DEI MILLE, 9",
		"cap": "27051",
		"comune": "CAVA MANARA",
		"provincia": "PV"
	}
	,
	{
		"codMec": "pvic806004",
		"tipo": "ISTITUTO COMPRENSIVO",
		"nome": "IC DI CERTOSA DI PAVIA",
		"indirizzo": "PIAZZA FALCONE E BORSELLINO, 4",
		"cap": "27012",
		"comune": "CERTOSA DI PAVIA",
		"provincia": "PV"
	}
	,
	{
		"codMec": "pvic801001",
		"tipo": "ISTITUTO COMPRENSIVO",
		"nome": "IC DI CHIGNOLO PO",
		"indirizzo": "VIA MARCONI, 3",
		"cap": "27013",
		"comune": "CHIGNOLO PO",
		"provincia": "PV"
	}
	,
	{
		"codMec": "pvic80200r",
		"tipo": "ISTITUTO COMPRENSIVO",
		"nome": "IC DI GAMBOLO\\'",
		"indirizzo": "CORSO GARIBALDI, 18",
		"cap": "27025",
		"comune": "GAMBOLO\\'",
		"provincia": "PV"
	}
	,
	{
		"codMec": "pvic835004",
		"tipo": "ISTITUTO COMPRENSIVO",
		"nome": "IC DI GARLASCO",
		"indirizzo": "VIA TOLEDO, 9",
		"cap": "27026",
		"comune": "GARLASCO",
		"provincia": "PV"
	}
	,
	{
		"codMec": "pvic81800a",
		"tipo": "ISTITUTO COMPRENSIVO",
		"nome": "ISTITUTO COMPRENSIVO LANDRIANO",
		"indirizzo": "VIA B. BRECHT, 1",
		"cap": "27015",
		"comune": "LANDRIANO",
		"provincia": "PV"
	}
	,
	{
		"codMec": "pvic80400c",
		"tipo": "ISTITUTO COMPRENSIVO",
		"nome": "IC DI MEDE",
		"indirizzo": "CORSO ITALIA, 35",
		"cap": "27035",
		"comune": "MEDE",
		"provincia": "PV"
	}
	,
	{
		"codMec": "pvis001005",
		"tipo": "ISTITUTO SUPERIORE",
		"nome": "IS  A. OMODEO - MORTARA",
		"indirizzo": "STRADA     PAVESE   NR. 4",
		"cap": "27036",
		"comune": "MORTARA",
		"provincia": "PV"
	}
	,
	{
		"codMec": "pvra02000d",
		"tipo": "IST  PROF  PER L\\'AGRICOLTURA",
		"nome": "CIRO POLLINI - MORTARA",
		"indirizzo": "VIA  OSPEDALE 4",
		"cap": "27036",
		"comune": "MORTARA",
		"provincia": "PV"
	}
	,
	{
		"codMec": "pvic81700e",
		"tipo": "ISTITUTO COMPRENSIVO",
		"nome": "IC DI MORTARA",
		"indirizzo": "VIALE DANTE, 1",
		"cap": "27036",
		"comune": "MORTARA",
		"provincia": "PV"
	}
	,
	{
		"codMec": "pvtf01000b",
		"tipo": "ISTITUTO TECNICO INDUSTRIALE",
		"nome": "G. CARDANO - PAVIA",
		"indirizzo": "VIA VERDI NR. 19",
		"cap": "27100",
		"comune": "PAVIA",
		"provincia": "PV"
	}
	,
	{
		"codMec": "pvis01100q",
		"tipo": "ISTITUTO SUPERIORE",
		"nome": "ISTITUTO SUPERIORE TARAMELLI - FOSCOLO",
		"indirizzo": "VIA MASCHERONI 51/53",
		"cap": "27100",
		"comune": "PAVIA",
		"provincia": "PV"
	}
	,
	{
		"codMec": "pvmm113005",
		"tipo": "SCUOLA PRIMO GRADO",
		"nome": "CPIA 1 PAVIA",
		"indirizzo": "VIA PONTE VECCHIO NR. 59",
		"cap": "27100",
		"comune": "PAVIA",
		"provincia": "PV"
	}
	,
	{
		"codMec": "pvrc01000t",
		"tipo": "IST  PROF  PER I SERVIZI COMM , TUR  E DELLA PUBB",
		"nome": "IPSCT  L.COSSA",
		"indirizzo": "VIALE NECCHI 5",
		"cap": "27100",
		"comune": "PAVIA",
		"provincia": "PV"
	}
	,
	{
		"codMec": "pvps05000q",
		"tipo": "LICEO SCIENTIFICO",
		"nome": "NICOLO\\' COPERNICO - PAVIA",
		"indirizzo": "VIA        VERDI 23/25",
		"cap": "27100",
		"comune": "PAVIA",
		"provincia": "PV"
	}
	,
	{
		"codMec": "pvpm01000a",
		"tipo": "ISTITUTO MAGISTRALE",
		"nome": "ADELAIDE CAIROLI",
		"indirizzo": "CORSO      MAZZINI 7",
		"cap": "27100",
		"comune": "PAVIA",
		"provincia": "PV"
	}
	,
	{
		"codMec": "pvis006008",
		"tipo": "ISTITUTO SUPERIORE",
		"nome": "ALESSANDRO VOLTA - PAVIA",
		"indirizzo": "LOCALITA\\'  CRAVINO",
		"cap": "27100",
		"comune": "PAVIA",
		"provincia": "PV"
	}
	,
	{
		"codMec": "pvic834008",
		"tipo": "ISTITUTO COMPRENSIVO",
		"nome": "IC DI VIA ANGELINI",
		"indirizzo": "VIA ANGELINI, 9",
		"cap": "27100",
		"comune": "PAVIA",
		"provincia": "PV"
	}
	,
	{
		"codMec": "pvic82900r",
		"tipo": "ISTITUTO COMPRENSIVO",
		"nome": "IC DI CORSO CAVOUR",
		"indirizzo": "CORSO CAVOUR, 49",
		"cap": "27100",
		"comune": "PAVIA",
		"provincia": "PV"
	}
	,
	{
		"codMec": "pvic828001",
		"tipo": "ISTITUTO COMPRENSIVO",
		"nome": "IC DI VIA SCOPOLI",
		"indirizzo": "VIA SCOPOLI, 9",
		"cap": "27100",
		"comune": "PAVIA",
		"provincia": "PV"
	}
	,
	{
		"codMec": "pvri01000e",
		"tipo": "IST PROF INDUSTRIA E ARTIGIANATO",
		"nome": "IPSIA CREMONA - PAVIA",
		"indirizzo": "PIAZZA     MARCONI 6",
		"cap": "27100",
		"comune": "PAVIA",
		"provincia": "PV"
	}
	,
	{
		"codMec": "pvtd010005",
		"tipo": "IST TEC COMMERCIALE E PER GEOMETRI",
		"nome": "ITC BORDONI - PAVIA",
		"indirizzo": "VIA        S. CARLO 2",
		"cap": "27100",
		"comune": "PAVIA",
		"provincia": "PV"
	}
	,
	{
		"codMec": "pvic82500d",
		"tipo": "ISTITUTO COMPRENSIVO",
		"nome": "IC DI VIA ACERBI",
		"indirizzo": "VIA ACERBI, 19",
		"cap": "27100",
		"comune": "PAVIA",
		"provincia": "PV"
	}
	,
	{
		"codMec": "pvic83100r",
		"tipo": "ISTITUTO COMPRENSIVO",
		"nome": "IC DI VIALE LIBERTA\\'",
		"indirizzo": "VIALE LIBERTA\\', 32",
		"cap": "27029",
		"comune": "VIGEVANO",
		"provincia": "PV"
	}
	,
	{
		"codMec": "pvic830001",
		"tipo": "ISTITUTO COMPRENSIVO",
		"nome": "IC DI VIA VALLETTA FOGLIANO",
		"indirizzo": "VIA VALLETTA FOGLIANO, 59",
		"cap": "27029",
		"comune": "VIGEVANO",
		"provincia": "PV"
	}
	,
	{
		"codMec": "pvtd03000a",
		"tipo": "IST TEC COMMERCIALE E PER GEOMETRI",
		"nome": "ISTITUTO TECNICO STATALE LUIGI CASALE",
		"indirizzo": "VIA        LUDOVICO IL MORO 6-8",
		"cap": "27029",
		"comune": "VIGEVANO",
		"provincia": "PV"
	}
	,
	{
		"codMec": "pvic813007",
		"tipo": "ISTITUTO COMPRENSIVO",
		"nome": "IC DI VILLANTERIO",
		"indirizzo": "VIA NOVARIA, 2",
		"cap": "27019",
		"comune": "VILLANTERIO",
		"provincia": "PV"
	}
	,
	{
		"codMec": "pvis00900q",
		"tipo": "ISTITUTO SUPERIORE",
		"nome": "ALFIERI MASERATI - VOGHERA",
		"indirizzo": "VIA MUSSINI 22",
		"cap": "27058",
		"comune": "VOGHERA",
		"provincia": "PV"
	}
	,
	{
		"codMec": "pvis00800x",
		"tipo": "ISTITUTO SUPERIORE",
		"nome": "IS CALVI - VOGHERA",
		"indirizzo": "VIA        RICOTTI 29",
		"cap": "27058",
		"comune": "VOGHERA",
		"provincia": "PV"
	}
	,
	{
		"codMec": "pvic827005",
		"tipo": "ISTITUTO COMPRENSIVO",
		"nome": "IC DI VIA DANTE",
		"indirizzo": "VIA DANTE, 3",
		"cap": "27058",
		"comune": "VOGHERA",
		"provincia": "PV"
	}
	,
	{
		"codMec": "pvta01000p",
		"tipo": "ISTITUTO TECNICO AGRARIO",
		"nome": "C. GALLINI - VOGHERA",
		"indirizzo": "CORSO      FRATELLI ROSSELLI 22",
		"cap": "27058",
		"comune": "VOGHERA",
		"provincia": "PV"
	}
	,
	{
		"codMec": "pvic826009",
		"tipo": "ISTITUTO COMPRENSIVO",
		"nome": "IC DI VIA MARSALA",
		"indirizzo": "VIA MARSALA, 13",
		"cap": "27058",
		"comune": "VOGHERA",
		"provincia": "PV"
	}
	,
	{
		"codMec": "pvps02000x",
		"tipo": "LICEO SCIENTIFICO",
		"nome": "LICEO GALILEI E SEZ. CLASSICA GRATTONI",
		"indirizzo": "VIA FOSCOLO, 15",
		"cap": "27058",
		"comune": "VOGHERA",
		"provincia": "PV"
	}
	,
	{
		"codMec": "pvic81100g",
		"tipo": "ISTITUTO COMPRENSIVO",
		"nome": "IC DI RIVANAZZANO",
		"indirizzo": "VIA XXI SETTEMBRE, 27",
		"cap": "27055",
		"comune": "RIVANAZZANO",
		"provincia": "PV"
	}
	,
	{
		"codMec": "pvic80800q",
		"tipo": "ISTITUTO COMPRENSIVO",
		"nome": "IC DI ROBBIO",
		"indirizzo": "VIALE GRAMSCI, 56",
		"cap": "27038",
		"comune": "ROBBIO",
		"provincia": "PV"
	}
	,
	{
		"codMec": "pvic81600p",
		"tipo": "ISTITUTO COMPRENSIVO",
		"nome": "IC DI SAN MARTINO SICCOMARIO",
		"indirizzo": "VIA IV NOVEMBRE, 6",
		"cap": "27028",
		"comune": "SAN MARTINO SICCOMARIO",
		"provincia": "PV"
	}
	,
	{
		"codMec": "pvic80900g",
		"tipo": "ISTITUTO COMPRENSIVO",
		"nome": "IC DI SANNAZZARO DE\\' BURGONDI",
		"indirizzo": "VIA IACOPO SANNAZZARO, 16",
		"cap": "27039",
		"comune": "SANNAZZARO DE\\' BURGONDI",
		"provincia": "PV"
	}
	,
	{
		"codMec": "pvic800005",
		"tipo": "ISTITUTO COMPRENSIVO",
		"nome": "IC DI SANTA MARIA DELLA VERSA",
		"indirizzo": "VIA MORAVIA, 7",
		"cap": "27047",
		"comune": "SANTA MARIA DELLA VERSA",
		"provincia": "PV"
	}
	,
	{
		"codMec": "pvic81500v",
		"tipo": "ISTITUTO COMPRENSIVO",
		"nome": "IC DI SIZIANO",
		"indirizzo": "VIA PAVIA, 58/60",
		"cap": "27010",
		"comune": "SIZIANO",
		"provincia": "PV"
	}
	,
	{
		"codMec": "pvic822002",
		"tipo": "ISTITUTO COMPRENSIVO",
		"nome": "IC DI STRADELLA",
		"indirizzo": "VIA REPUBBLICA, 48",
		"cap": "27049",
		"comune": "STRADELLA",
		"provincia": "PV"
	}
	,
	{
		"codMec": "pvis007004",
		"tipo": "ISTITUTO SUPERIORE",
		"nome": "FARAVELLI - STRADELLA",
		"indirizzo": "VIA        DE AMICIS 35",
		"cap": "27049",
		"comune": "STRADELLA",
		"provincia": "PV"
	}
	,
	{
		"codMec": "pvic80700x",
		"tipo": "ISTITUTO COMPRENSIVO",
		"nome": "IC DI VALLE LOMELLINA",
		"indirizzo": "PIAZZA MUNICIPIO, 1",
		"cap": "27020",
		"comune": "VALLE LOMELLINA",
		"provincia": "PV"
	}
	,
	{
		"codMec": "pvic81000q",
		"tipo": "ISTITUTO COMPRENSIVO",
		"nome": "IC DI VARZI",
		"indirizzo": "VIA CIRCONVALLAZIONE, 3",
		"cap": "27057",
		"comune": "VARZI",
		"provincia": "PV"
	}
	,
	{
		"codMec": "pvic819006",
		"tipo": "ISTITUTO COMPRENSIVO",
		"nome": "ISTITUTO COMPRENSIVO VIDIGULFO",
		"indirizzo": "PIAZZA I MAGGIO, 30",
		"cap": "27018",
		"comune": "VIDIGULFO",
		"provincia": "PV"
	}
	,
	{
		"codMec": "pvpc010006",
		"tipo": "LICEO CLASSICO",
		"nome": "BENEDETTO CAIROLI - VIGEVANO",
		"indirizzo": "VIA        CAIROLI 27",
		"cap": "27029",
		"comune": "VIGEVANO",
		"provincia": "PV"
	}
	,
	{
		"codMec": "pvis002001",
		"tipo": "ISTITUTO SUPERIORE",
		"nome": "ISTITUTO SUPERIORE CARAMUEL - RONCALLI",
		"indirizzo": "VIA SEGANTINI 21",
		"cap": "27029",
		"comune": "VIGEVANO",
		"provincia": "PV"
	}
	,
	{
		"codMec": "pvic83300c",
		"tipo": "ISTITUTO COMPRENSIVO",
		"nome": "IC DI VIA BOTTO",
		"indirizzo": "VIA BOTTO, 2",
		"cap": "27029",
		"comune": "VIGEVANO",
		"provincia": "PV"
	}
	,
	{
		"codMec": "pvic83200l",
		"tipo": "ISTITUTO COMPRENSIVO",
		"nome": "IC DI PIAZZA VITTORIO VENETO",
		"indirizzo": "PIAZZA VITTORIO VENETO, 17",
		"cap": "27029",
		"comune": "VIGEVANO",
		"provincia": "PV"
	}
]