[
	{
		"codMec": "riic81700p",
		"tipo": "ISTITUTO COMPRENSIVO",
		"nome": "\"PROF. FERRUCCIO ULIVI\"",
		"indirizzo": "VIALE MANZONI, 17",
		"cap": "02037",
		"comune": "POGGIO MOIANO",
		"provincia": "RI"
	}
	,
	{
		"codMec": "riic81600v",
		"tipo": "ISTITUTO COMPRENSIVO",
		"nome": "IC  A.M.RICCI",
		"indirizzo": "VIA XXIII SETTEMBRE  N16",
		"cap": "02100",
		"comune": "RIETI",
		"provincia": "RI"
	}
	,
	{
		"codMec": "riis00600c",
		"tipo": "ISTITUTO SUPERIORE",
		"nome": "I.I.S. \"L. DI SAVOIA\"",
		"indirizzo": "VIALE MARAINI 54",
		"cap": "02100",
		"comune": "RIETI",
		"provincia": "RI"
	}
	,
	{
		"codMec": "riic822006",
		"tipo": "ISTITUTO COMPRENSIVO",
		"nome": "IC MARCONI SACCHETTI SASSETTI",
		"indirizzo": "PIAZZA MAZZINI N. 7",
		"cap": "02100",
		"comune": "RIETI",
		"provincia": "RI"
	}
	,
	{
		"codMec": "riic828005",
		"tipo": "ISTITUTO COMPRENSIVO",
		"nome": "VILLA REATINA",
		"indirizzo": "PIAZZA RISORGIMENTO 2",
		"cap": "02100",
		"comune": "RIETI",
		"provincia": "RI"
	}
	,
	{
		"codMec": "riic829001",
		"tipo": "ISTITUTO COMPRENSIVO",
		"nome": "MINERVINI SISTI",
		"indirizzo": "P.ZZA BACHELET 3",
		"cap": "02100",
		"comune": "RIETI",
		"provincia": "RI"
	}
	,
	{
		"codMec": "riis003001",
		"tipo": "ISTITUTO SUPERIORE",
		"nome": "I.I.S. \"M.T.VARRONE\"",
		"indirizzo": "PIAZZA MAZZINI, 1",
		"cap": "02100",
		"comune": "RIETI",
		"provincia": "RI"
	}
	,
	{
		"codMec": "rirh010007",
		"tipo": "IST PROF  ALBERGHIERO",
		"nome": "RANIERI ANTONELLI COSTAGGINI",
		"indirizzo": "VIA DEI SALICI, 62",
		"cap": "02100",
		"comune": "RIETI",
		"provincia": "RI"
	}
	,
	{
		"codMec": "riis007008",
		"tipo": "ISTITUTO SUPERIORE",
		"nome": "I.I.S. \"CELESTINO ROSATELLI\"",
		"indirizzo": "VIALE      A. FASSINI   N.1",
		"cap": "02100",
		"comune": "RIETI",
		"provincia": "RI"
	}
	,
	{
		"codMec": "riic82100a",
		"tipo": "ISTITUTO COMPRENSIVO",
		"nome": "GIOVANNI PASCOLI",
		"indirizzo": "LOCALITA\\'  CAMPOMORO, S.N.C.",
		"cap": "02100",
		"comune": "RIETI",
		"provincia": "RI"
	}
	,
	{
		"codMec": "rimm035009",
		"tipo": "SCUOLA PRIMO GRADO",
		"nome": "CPIA 7",
		"indirizzo": "VIA C. CESI, 1",
		"cap": "02100",
		"comune": "RIETI",
		"provincia": "RI"
	}
	,
	{
		"codMec": "ripm01000e",
		"tipo": "ISTITUTO MAGISTRALE",
		"nome": "\"ELENA PRINCIPESSA DI NAPOLI\"",
		"indirizzo": "PIAZZA MAZZINI N. 2",
		"cap": "02100",
		"comune": "RIETI",
		"provincia": "RI"
	}
	,
	{
		"codMec": "rips01000d",
		"tipo": "LICEO SCIENTIFICO",
		"nome": "CARLO JUCCI",
		"indirizzo": "P.ZA       S. FRANCESCO",
		"cap": "02100",
		"comune": "RIETI",
		"provincia": "RI"
	}
	,
	{
		"codMec": "riic80800x",
		"tipo": "ISTITUTO COMPRENSIVO",
		"nome": "FORUM NOVUM - TORRI IN SABINA",
		"indirizzo": "LOC. VESCOVIO",
		"cap": "02049",
		"comune": "TORRI IN SABINA",
		"provincia": "RI"
	}
	,
	{
		"codMec": "riic81000x",
		"tipo": "ISTITUTO COMPRENSIVO",
		"nome": "MARCO POLO - TORRICELLA",
		"indirizzo": "VIA G. MARCONI, 37",
		"cap": "02030",
		"comune": "TORRICELLA IN SABINA",
		"provincia": "RI"
	}
	,
	{
		"codMec": "riic81100q",
		"tipo": "ISTITUTO COMPRENSIVO",
		"nome": "I. OMNICOMPRENSIVO DI AMATRICE",
		"indirizzo": "VIA SATURNINO MUZII, 4",
		"cap": "02012",
		"comune": "AMATRICE",
		"provincia": "RI"
	}
	,
	{
		"codMec": "riic81800e",
		"tipo": "ISTITUTO COMPRENSIVO",
		"nome": "LUIGI MANNETTI - ANTRODOCO",
		"indirizzo": "VIA L. MANNETTI, 1",
		"cap": "02013",
		"comune": "ANTRODOCO",
		"provincia": "RI"
	}
	,
	{
		"codMec": "riic81900a",
		"tipo": "ISTITUTO COMPRENSIVO",
		"nome": "I. OMNICOMPRENSIVO BORGOROSE",
		"indirizzo": "VIA MICANGELI, 41",
		"cap": "02021",
		"comune": "BORGOROSE",
		"provincia": "RI"
	}
	,
	{
		"codMec": "riic82600d",
		"tipo": "ISTITUTO COMPRENSIVO",
		"nome": "A. D\\'ANGELI - CANTALICE",
		"indirizzo": "VIA ANDREA COSTA, S.N.C.",
		"cap": "02014",
		"comune": "CANTALICE",
		"provincia": "RI"
	}
	,
	{
		"codMec": "riic80900q",
		"tipo": "ISTITUTO COMPRENSIVO",
		"nome": "CASPERIA",
		"indirizzo": "PIAZZA     ODDO  VALERIANI SNC",
		"cap": "02041",
		"comune": "CASPERIA",
		"provincia": "RI"
	}
	,
	{
		"codMec": "riic82000e",
		"tipo": "ISTITUTO COMPRENSIVO",
		"nome": "GALILEO GALILEI - CITTADUCALE",
		"indirizzo": "VIA CAVALIERI DI VITTORIO VENETO N.2",
		"cap": "02015",
		"comune": "CITTADUCALE",
		"provincia": "RI"
	}
	,
	{
		"codMec": "riic823002",
		"tipo": "ISTITUTO COMPRENSIVO",
		"nome": "ANTONIO MALFATTI - CONTIGLIANO",
		"indirizzo": "VIA DELLA REPUBBLICA N. 23",
		"cap": "02043",
		"comune": "CONTIGLIANO",
		"provincia": "RI"
	}
	,
	{
		"codMec": "riic827009",
		"tipo": "ISTITUTO COMPRENSIVO",
		"nome": "ISTITUTO COMPRENSIVO FARA SABIN",
		"indirizzo": "PIAZZA DELLA LIBERTA\\' 3",
		"cap": "02032",
		"comune": "FARA IN SABINA",
		"provincia": "RI"
	}
	,
	{
		"codMec": "riis001009",
		"tipo": "ISTITUTO SUPERIORE",
		"nome": "I.I.S. \"STATISTA  ALDO MORO\"",
		"indirizzo": "LOCALITA\\' COLLE DELLA FELCE, 30",
		"cap": "02032",
		"comune": "FARA IN SABINA",
		"provincia": "RI"
	}
	,
	{
		"codMec": "rips070005",
		"tipo": "LICEO SCIENTIFICO",
		"nome": "LICEO  CLASSICO SCIENTIFICO L. ROCCI",
		"indirizzo": "VIA COLLE DELLA FELCE  28",
		"cap": "02032",
		"comune": "FARA IN SABINA",
		"provincia": "RI"
	}
	,
	{
		"codMec": "riic806008",
		"tipo": "ISTITUTO COMPRENSIVO",
		"nome": "LEONESSA",
		"indirizzo": "VIA       A. MORO  8",
		"cap": "02016",
		"comune": "LEONESSA",
		"provincia": "RI"
	}
	,
	{
		"codMec": "riic82400t",
		"tipo": "ISTITUTO COMPRENSIVO",
		"nome": "I. OMNICOMPRENSIVO  S. PERTINI",
		"indirizzo": "VIALE TREDICI GIUGNO 42",
		"cap": "02046",
		"comune": "MAGLIANO SABINA",
		"provincia": "RI"
	}
	,
	{
		"codMec": "riic807004",
		"tipo": "ISTITUTO COMPRENSIVO",
		"nome": "GIOVANNI XXIII - PETRELLA SALTO",
		"indirizzo": "VIA        S.MARIA APPARI\\', N.12",
		"cap": "02025",
		"comune": "PETRELLA SALTO",
		"provincia": "RI"
	}
	,
	{
		"codMec": "riis008004",
		"tipo": "ISTITUTO SUPERIORE",
		"nome": "I.I.S. \"GREGORIO DA CATINO\"",
		"indirizzo": "VIA GIUSEPPE FELICI",
		"cap": "02047",
		"comune": "POGGIO MIRTETO",
		"provincia": "RI"
	}
	,
	{
		"codMec": "riic82500n",
		"tipo": "ISTITUTO COMPRENSIVO",
		"nome": "IST. COMPRENSIVO BASSA SABINA",
		"indirizzo": "VIA BULGARELLI S.N.C.",
		"cap": "02047",
		"comune": "POGGIO MIRTETO",
		"provincia": "RI"
	}
]