[
	{
		"codMec": "ssic82200t",
		"tipo": "ISTITUTO COMPRENSIVO",
		"nome": "AGGIUS",
		"indirizzo": "VIA COLTIS, 17",
		"cap": "07020",
		"comune": "AGGIUS",
		"provincia": "SS"
	}
	,
	{
		"codMec": "ssic84400p",
		"tipo": "ISTITUTO COMPRENSIVO",
		"nome": "N. 1 ALGHERO",
		"indirizzo": "XX SETTEMBRE, 231",
		"cap": "07041",
		"comune": "ALGHERO",
		"provincia": "SS"
	}
	,
	{
		"codMec": "ssic84500e",
		"tipo": "ISTITUTO COMPRENSIVO",
		"nome": "ISTITUTO COMPRENSIVO N.3ALGHERO",
		"indirizzo": "VIA M. MANCA, 1/B",
		"cap": "07041",
		"comune": "ALGHERO",
		"provincia": "SS"
	}
	,
	{
		"codMec": "ssic84600a",
		"tipo": "ISTITUTO COMPRENSIVO",
		"nome": "N. 2 ALGHERO",
		"indirizzo": "TARRAGONA 16",
		"cap": "07041",
		"comune": "ALGHERO",
		"provincia": "SS"
	}
	,
	{
		"codMec": "ssis01800a",
		"tipo": "ISTITUTO SUPERIORE",
		"nome": "I.I.S  PIAZZA IPSAR IPIA",
		"indirizzo": "PIAZZA SULIS",
		"cap": "07041",
		"comune": "ALGHERO",
		"provincia": "SS"
	}
	,
	{
		"codMec": "ssis019006",
		"tipo": "ISTITUTO SUPERIORE",
		"nome": "ANGELO ROTH",
		"indirizzo": "VIA DIEZ",
		"cap": "07041",
		"comune": "ALGHERO",
		"provincia": "SS"
	}
	,
	{
		"codMec": "ssis027005",
		"tipo": "ISTITUTO SUPERIORE",
		"nome": "ISTITUTO ISTRUZI. SUPERIORE ENRICO FERMI",
		"indirizzo": "VIA XX SETTEMBRE, 229",
		"cap": "07041",
		"comune": "ALGHERO",
		"provincia": "SS"
	}
	,
	{
		"codMec": "ssrh07000e",
		"tipo": "IST PROF  ALBERGHIERO",
		"nome": "I.P.S.A.R - V.LE PAOLO DETTORI 90",
		"indirizzo": "VIALE PAOLO DETTORI 90",
		"cap": "07021",
		"comune": "ARZACHENA",
		"provincia": "SS"
	}
	,
	{
		"codMec": "ssic834004",
		"tipo": "ISTITUTO COMPRENSIVO",
		"nome": "ARZACHENA N. 2",
		"indirizzo": "VIA PETRARCA ARZACHENA",
		"cap": "07021",
		"comune": "ARZACHENA",
		"provincia": "SS"
	}
	,
	{
		"codMec": "ssic83200c",
		"tipo": "ISTITUTO COMPRENSIVO",
		"nome": "I. C. ARZACHENA N. 1",
		"indirizzo": "VIA PIETRO NENNI,10",
		"cap": "07021",
		"comune": "ARZACHENA",
		"provincia": "SS"
	}
	,
	{
		"codMec": "ssic80800g",
		"tipo": "ISTITUTO COMPRENSIVO",
		"nome": "BADESI",
		"indirizzo": "VIA PORRINO",
		"cap": "07030",
		"comune": "BADESI",
		"provincia": "SS"
	}
	,
	{
		"codMec": "ssic820006",
		"tipo": "ISTITUTO COMPRENSIVO",
		"nome": "BONO",
		"indirizzo": "VIA TIRSO",
		"cap": "07011",
		"comune": "BONO",
		"provincia": "SS"
	}
	,
	{
		"codMec": "ssic80600x",
		"tipo": "ISTITUTO COMPRENSIVO",
		"nome": "D.A.AZUNI - BUDDUSO\\'",
		"indirizzo": "VIA COMM.FUMU",
		"cap": "07020",
		"comune": "BUDDUSO\\'",
		"provincia": "SS"
	}
	,
	{
		"codMec": "ssic85300d",
		"tipo": "ISTITUTO COMPRENSIVO",
		"nome": "BUDONI",
		"indirizzo": "PIAZZA EIANUDI",
		"cap": "08020",
		"comune": "BUDONI",
		"provincia": "SS"
	}
	,
	{
		"codMec": "ssic826005",
		"tipo": "ISTITUTO COMPRENSIVO",
		"nome": "\"INES GIAGHEDDU\"- CALANGIANUS",
		"indirizzo": "VIA ROMA",
		"cap": "07023",
		"comune": "CALANGIANUS",
		"provincia": "SS"
	}
	,
	{
		"codMec": "ssic81100b",
		"tipo": "ISTITUTO COMPRENSIVO",
		"nome": "ELEONORA D\\'ARBOREA-CASTELSARDO",
		"indirizzo": "VIA COLOMBO",
		"cap": "07031",
		"comune": "CASTELSARDO",
		"provincia": "SS"
	}
	,
	{
		"codMec": "ssic83600q",
		"tipo": "ISTITUTO COMPRENSIVO",
		"nome": "ISTITUTO COMPRENSIVO ITTIRI",
		"indirizzo": "CORSO VITTORIO EMANUELE",
		"cap": "07044",
		"comune": "ITTIRI",
		"provincia": "SS"
	}
	,
	{
		"codMec": "ssis02300t",
		"tipo": "ISTITUTO SUPERIORE",
		"nome": "G.GARIBALDI",
		"indirizzo": "VIA TRINITA\\'",
		"cap": "07024",
		"comune": "LA MADDALENA",
		"provincia": "SS"
	}
	,
	{
		"codMec": "ssic833008",
		"tipo": "ISTITUTO COMPRENSIVO",
		"nome": "ISTITUTO COMPRENSIVO",
		"indirizzo": "CARDUCCI 1",
		"cap": "07024",
		"comune": "LA MADDALENA",
		"provincia": "SS"
	}
	,
	{
		"codMec": "ssic825009",
		"tipo": "ISTITUTO COMPRENSIVO",
		"nome": "LOIRI",
		"indirizzo": "VIA DANTE 4",
		"cap": "07020",
		"comune": "LOIRI PORTO SAN PAOLO",
		"provincia": "SS"
	}
	,
	{
		"codMec": "ssic83000r",
		"tipo": "ISTITUTO COMPRENSIVO",
		"nome": "IST. COMPRENSIVO MONTI",
		"indirizzo": "VIALE ALDO MORO, 9",
		"cap": "07020",
		"comune": "MONTI",
		"provincia": "SS"
	}
	,
	{
		"codMec": "ssic82900l",
		"tipo": "ISTITUTO COMPRENSIVO",
		"nome": "ISTITUTO COMPRENSIVO OLBIA",
		"indirizzo": "VIA VICENZA N. 67",
		"cap": "07026",
		"comune": "OLBIA",
		"provincia": "SS"
	}
	,
	{
		"codMec": "ssee05200q",
		"tipo": "CIRCOLO DIDATTICO",
		"nome": "IV CIRCOLO - OLBIA",
		"indirizzo": "VIGNOLA N. 54",
		"cap": "07026",
		"comune": "OLBIA",
		"provincia": "SS"
	}
	,
	{
		"codMec": "sstd09000t",
		"tipo": "IST TEC COMMERCIALE E PER GEOMETRI",
		"nome": "AMM/VO PER IL TURISMO D. PANEDDA",
		"indirizzo": "VIA MAMELI N. 21 - OLBIA",
		"cap": "07026",
		"comune": "OLBIA",
		"provincia": "SS"
	}
	,
	{
		"codMec": "ssee02500b",
		"tipo": "CIRCOLO DIDATTICO",
		"nome": "I CIRCOLO - OLBIA",
		"indirizzo": "VIA A. NANNI 13",
		"cap": "07026",
		"comune": "OLBIA",
		"provincia": "SS"
	}
	,
	{
		"codMec": "ssee027003",
		"tipo": "CIRCOLO DIDATTICO",
		"nome": "3 CIRCOLO - OLBIA",
		"indirizzo": "CIMABUE",
		"cap": "07026",
		"comune": "OLBIA",
		"provincia": "SS"
	}
	,
	{
		"codMec": "sstd010001",
		"tipo": "IST TEC COMMERCIALE E PER GEOMETRI",
		"nome": "ATTILIO DEFFENU",
		"indirizzo": "VIA        VICENZA  N.63",
		"cap": "07026",
		"comune": "OLBIA",
		"provincia": "SS"
	}
	,
	{
		"codMec": "ssps05000g",
		"tipo": "LICEO SCIENTIFICO",
		"nome": "LICEO SCIENTIFICO STATALE LORENZO MOSSA",
		"indirizzo": "VIA CAMPIDANO",
		"cap": "07026",
		"comune": "OLBIA",
		"provincia": "SS"
	}
	,
	{
		"codMec": "sspc07000n",
		"tipo": "LICEO CLASSICO",
		"nome": "LC  A. GRAMSCI",
		"indirizzo": "VIA        ANGLONA",
		"cap": "07026",
		"comune": "OLBIA",
		"provincia": "SS"
	}
	,
	{
		"codMec": "ssmm02800t",
		"tipo": "SCUOLA PRIMO GRADO",
		"nome": "OLBIA - S.M. N. 2  \"A. DIAZ\"",
		"indirizzo": "VIA GABRIELE D\\'ANNUNZIO",
		"cap": "07026",
		"comune": "OLBIA",
		"provincia": "SS"
	}
	,
	{
		"codMec": "ssmm027002",
		"tipo": "SCUOLA PRIMO GRADO",
		"nome": "OLBIA - S.M. N.1 \"E. PAIS\"",
		"indirizzo": "VIA A. NANNI",
		"cap": "07026",
		"comune": "OLBIA",
		"provincia": "SS"
	}
	,
	{
		"codMec": "ssis01100g",
		"tipo": "ISTITUTO SUPERIORE",
		"nome": "IS AMSICORA",
		"indirizzo": "VIA EMILIA SNC",
		"cap": "07026",
		"comune": "OLBIA",
		"provincia": "SS"
	}
	,
	{
		"codMec": "ssic83100l",
		"tipo": "ISTITUTO COMPRENSIVO",
		"nome": "G. ELIA LUTZU - OSCHIRI",
		"indirizzo": "CIRCONV. S. PIETRO N. 14",
		"cap": "07027",
		"comune": "OSCHIRI",
		"provincia": "SS"
	}
	,
	{
		"codMec": "ssic82800r",
		"tipo": "ISTITUTO COMPRENSIVO",
		"nome": "OSILO",
		"indirizzo": "VIA BRIGATA SASSARI",
		"cap": "07033",
		"comune": "OSILO",
		"provincia": "SS"
	}
	,
	{
		"codMec": "ssic813003",
		"tipo": "ISTITUTO COMPRENSIVO",
		"nome": "\"ANTONIO GRAMSCI\" - OSSI",
		"indirizzo": "VIA EUROPA",
		"cap": "07045",
		"comune": "OSSI",
		"provincia": "SS"
	}
	,
	{
		"codMec": "ssic847006",
		"tipo": "ISTITUTO COMPRENSIVO",
		"nome": "N 2 OZIERI",
		"indirizzo": "PIAZZA GRAZIA DELEDDA",
		"cap": "07014",
		"comune": "OZIERI",
		"provincia": "SS"
	}
	,
	{
		"codMec": "ssic848002",
		"tipo": "ISTITUTO COMPRENSIVO",
		"nome": "N. 1 OZIERI",
		"indirizzo": "P.ZZA GRAZIA DELEDDA",
		"cap": "07014",
		"comune": "OZIERI",
		"provincia": "SS"
	}
	,
	{
		"codMec": "ssis02400n",
		"tipo": "ISTITUTO SUPERIORE",
		"nome": "ANTONIO SEGNI  OZIERI",
		"indirizzo": "VIA S.SATTA N. 6",
		"cap": "07014",
		"comune": "OZIERI",
		"provincia": "SS"
	}
	,
	{
		"codMec": "ssis01600p",
		"tipo": "ISTITUTO SUPERIORE",
		"nome": "IST. TEC. COMM.LE GEOMETRI E AGRARIO",
		"indirizzo": "PIAZZA DELLE MEDAGLIE D\\'ORO",
		"cap": "07014",
		"comune": "OZIERI",
		"provincia": "SS"
	}
	,
	{
		"codMec": "ssis01700e",
		"tipo": "ISTITUTO SUPERIORE",
		"nome": "I.T.C.G.\"G.FALCONE E P.BORSELLINO\"",
		"indirizzo": "VIA DEL VECCHIO MARINO,4",
		"cap": "07020",
		"comune": "PALAU",
		"provincia": "SS"
	}
	,
	{
		"codMec": "ssic805004",
		"tipo": "ISTITUTO COMPRENSIVO",
		"nome": "ANNA COMPAGNONE - PALAU",
		"indirizzo": "VIA DEL FARO 1 -",
		"cap": "07020",
		"comune": "PALAU",
		"provincia": "SS"
	}
	,
	{
		"codMec": "ssic800001",
		"tipo": "ISTITUTO COMPRENSIVO",
		"nome": "PERFUGAS - SEBASTIANO SATTA",
		"indirizzo": "LA MARMORA",
		"cap": "07034",
		"comune": "PERFUGAS",
		"provincia": "SS"
	}
	,
	{
		"codMec": "ssic842003",
		"tipo": "ISTITUTO COMPRENSIVO",
		"nome": "N. 2 PORTO TORRES",
		"indirizzo": "PORRINO, 2",
		"cap": "07046",
		"comune": "PORTO TORRES",
		"provincia": "SS"
	}
	,
	{
		"codMec": "ssis00400c",
		"tipo": "ISTITUTO SUPERIORE",
		"nome": "M.PAGLIETTI",
		"indirizzo": "VIA        LUNGOMARE",
		"cap": "07046",
		"comune": "PORTO TORRES",
		"provincia": "SS"
	}
	,
	{
		"codMec": "ssic841007",
		"tipo": "ISTITUTO COMPRENSIVO",
		"nome": "N. 1 PORTO TORRES",
		"indirizzo": "PRINCIPE DI PIEMONTE, 27/29",
		"cap": "07046",
		"comune": "PORTO TORRES",
		"provincia": "SS"
	}
	,
	{
		"codMec": "ssic80200l",
		"tipo": "ISTITUTO COMPRENSIVO",
		"nome": "POZZOMAGGIORE PINNA PARPAGLIA",
		"indirizzo": "VIA SAN PIETRO, 37",
		"cap": "07018",
		"comune": "POZZOMAGGIORE",
		"provincia": "SS"
	}
	,
	{
		"codMec": "ssic854009",
		"tipo": "ISTITUTO COMPRENSIVO",
		"nome": "SAN TEODORO",
		"indirizzo": "VIA RINAGGIU",
		"cap": "08020",
		"comune": "SAN TEODORO",
		"provincia": "SS"
	}
	,
	{
		"codMec": "ssic80300c",
		"tipo": "ISTITUTO COMPRENSIVO",
		"nome": "IST.COMPRENSIVO- P.F.M. MAGNON",
		"indirizzo": "VIA XX SETTEMBRE-S.TERESA GALLURA",
		"cap": "07028",
		"comune": "SANTA TERESA GALLURA",
		"provincia": "SS"
	}
	,
	{
		"codMec": "ssee00200p",
		"tipo": "CIRCOLO DIDATTICO",
		"nome": "2 CIRCOLO - SASSARI- S.GIUSEPPE",
		"indirizzo": "ENRICO COSTA 63",
		"cap": "07100",
		"comune": "SASSARI",
		"provincia": "SS"
	}
	,
	{
		"codMec": "ssee005006",
		"tipo": "CIRCOLO DIDATTICO",
		"nome": "5 CIRCOLO SS - SANDRO PERTINI",
		"indirizzo": "GORIZIA, 26",
		"cap": "07100",
		"comune": "SASSARI",
		"provincia": "SS"
	}
	,
	{
		"codMec": "ssee00800n",
		"tipo": "CIRCOLO DIDATTICO",
		"nome": "8 CIRCOLO\"GALILEO GALILEI\" (SS)",
		"indirizzo": "CIVITAVECCHIA, 65",
		"cap": "07100",
		"comune": "SASSARI",
		"provincia": "SS"
	}
	,
	{
		"codMec": "ssee01000n",
		"tipo": "CIRCOLO DIDATTICO",
		"nome": "10 CIRCOLO - SASSARI",
		"indirizzo": "ORIANI",
		"cap": "07100",
		"comune": "SASSARI",
		"provincia": "SS"
	}
	,
	{
		"codMec": "ssee05800p",
		"tipo": "CIRCOLO DIDATTICO",
		"nome": "DIREZIONE DIDATTICA 12 13",
		"indirizzo": "FORLANINI, 16",
		"cap": "07100",
		"comune": "SASSARI",
		"provincia": "SS"
	}
	,
	{
		"codMec": "ssic83800b",
		"tipo": "ISTITUTO COMPRENSIVO",
		"nome": "\"LATTE DOLCE\"",
		"indirizzo": "VIA CEDRINO 5",
		"cap": "07100",
		"comune": "SASSARI",
		"provincia": "SS"
	}
	,
	{
		"codMec": "ssic839007",
		"tipo": "ISTITUTO COMPRENSIVO",
		"nome": "\" SALVATORE FARINA\"",
		"indirizzo": "CORSO REGINA MARGHERITA - 6",
		"cap": "07100",
		"comune": "SASSARI",
		"provincia": "SS"
	}
	,
	{
		"codMec": "ssic84900t",
		"tipo": "ISTITUTO COMPRENSIVO",
		"nome": "MONTE ROSELLO ALTO",
		"indirizzo": "ALESSANDRO MANZONI N. 1/A",
		"cap": "07100",
		"comune": "SASSARI",
		"provincia": "SS"
	}
	,
	{
		"codMec": "ssic850002",
		"tipo": "ISTITUTO COMPRENSIVO",
		"nome": "MONTE ROSELLO BASSO",
		"indirizzo": "P.ZZA SACRO CUORE, 16",
		"cap": "07100",
		"comune": "SASSARI",
		"provincia": "SS"
	}
	,
	{
		"codMec": "ssic85100t",
		"tipo": "ISTITUTO COMPRENSIVO",
		"nome": "\"LI PUNTI\"",
		"indirizzo": "VITTORIO ERA",
		"cap": "07100",
		"comune": "SASSARI",
		"provincia": "SS"
	}
	,
	{
		"codMec": "ssic85200n",
		"tipo": "ISTITUTO COMPRENSIVO",
		"nome": "SAN DONATO",
		"indirizzo": "ALESSIO FONTANA, 3",
		"cap": "07100",
		"comune": "SASSARI",
		"provincia": "SS"
	}
	,
	{
		"codMec": "ssis00300l",
		"tipo": "ISTITUTO SUPERIORE",
		"nome": "N. PELLEGRINI",
		"indirizzo": "VIA   BELLINI 5",
		"cap": "07100",
		"comune": "SASSARI",
		"provincia": "SS"
	}
	,
	{
		"codMec": "sspc04000t",
		"tipo": "LICEO CLASSICO",
		"nome": "\"G.M.DETTORI\"",
		"indirizzo": "VIA BERNARDO DE MURO N.1",
		"cap": "07029",
		"comune": "TEMPIO PAUSANIA",
		"provincia": "SS"
	}
	,
	{
		"codMec": "ssis022002",
		"tipo": "ISTITUTO SUPERIORE",
		"nome": "I.I.S.T.C.G. - DON GAVINO PES  TEMPIO",
		"indirizzo": "VIA LIMBARA N.8",
		"cap": "07029",
		"comune": "TEMPIO PAUSANIA",
		"provincia": "SS"
	}
	,
	{
		"codMec": "sssl030007",
		"tipo": "LICEO ARTISTICO",
		"nome": "LICEO ARTISTICO - \"FABRIZIO DE ANDRE\\' \"",
		"indirizzo": "VIA DE MARTIS",
		"cap": "07029",
		"comune": "TEMPIO PAUSANIA",
		"provincia": "SS"
	}
	,
	{
		"codMec": "ssic83500x",
		"tipo": "ISTITUTO COMPRENSIVO",
		"nome": "THIESI",
		"indirizzo": "VIA GARAU",
		"cap": "07047",
		"comune": "THIESI",
		"provincia": "SS"
	}
	,
	{
		"codMec": "ssic80900b",
		"tipo": "ISTITUTO COMPRENSIVO",
		"nome": "G.DELEDDA  - USINI",
		"indirizzo": "VIA SAN GIORGIO,1",
		"cap": "07049",
		"comune": "USINI",
		"provincia": "SS"
	}
	,
	{
		"codMec": "ssic812007",
		"tipo": "ISTITUTO COMPRENSIVO",
		"nome": "ELEONORA D\\'ARBOREA-VILLANOVA M.",
		"indirizzo": "VIA MONTESSORI N. 1",
		"cap": "07019",
		"comune": "VILLANOVA MONTELEONE",
		"provincia": "SS"
	}
	,
	{
		"codMec": "ssis02900r",
		"tipo": "ISTITUTO SUPERIORE",
		"nome": "G.M. DEVILLA",
		"indirizzo": "VIA DONIZETTI, 1",
		"cap": "07100",
		"comune": "SASSARI",
		"provincia": "SS"
	}
	,
	{
		"codMec": "ssmm04500g",
		"tipo": "SCUOLA PRIMO GRADO",
		"nome": "SASSARI N. 3 - \"P .TOLA\"",
		"indirizzo": "VIA MONTE GRAPPA",
		"cap": "07100",
		"comune": "SASSARI",
		"provincia": "SS"
	}
	,
	{
		"codMec": "ssmm08300a",
		"tipo": "SCUOLA PRIMO GRADO",
		"nome": "SASSARI N.5+12 BIASI-B.SASSARI",
		"indirizzo": "VIA MASTINO, 6",
		"cap": "07100",
		"comune": "SASSARI",
		"provincia": "SS"
	}
	,
	{
		"codMec": "sspc02000l",
		"tipo": "LICEO CLASSICO",
		"nome": "D. A. AZUNI",
		"indirizzo": "VIA        ROLANDO 4",
		"cap": "07100",
		"comune": "SASSARI",
		"provincia": "SS"
	}
	,
	{
		"codMec": "sspm010006",
		"tipo": "ISTITUTO MAGISTRALE",
		"nome": "MARGHERITA DI CASTELVI\\'",
		"indirizzo": "VIA        MANNO   56",
		"cap": "07100",
		"comune": "SASSARI",
		"provincia": "SS"
	}
	,
	{
		"codMec": "ssps040001",
		"tipo": "LICEO SCIENTIFICO",
		"nome": "GIOVANNI SPANO",
		"indirizzo": "VIA        MONTE GRAPPA 2/I",
		"cap": "07100",
		"comune": "SASSARI",
		"provincia": "SS"
	}
	,
	{
		"codMec": "ssps060006",
		"tipo": "LICEO SCIENTIFICO",
		"nome": "LS G. MARCONI",
		"indirizzo": "VIA  SOLARI N. 2",
		"cap": "07100",
		"comune": "SASSARI",
		"provincia": "SS"
	}
	,
	{
		"codMec": "ssrh02000d",
		"tipo": "IST PROF  ALBERGHIERO",
		"nome": "IPSAR-IPSEOA  SASSARI",
		"indirizzo": "VIA CEDRINO 1",
		"cap": "07100",
		"comune": "SASSARI",
		"provincia": "SS"
	}
	,
	{
		"codMec": "sssd020006",
		"tipo": "ISTITUTO D\\'ARTE",
		"nome": "LICEO ARTISTICO - FILIPPO FIGARI SASSARI",
		"indirizzo": "PIAZZA D\\'ARMI 16",
		"cap": "07100",
		"comune": "SASSARI",
		"provincia": "SS"
	}
	,
	{
		"codMec": "sste01000c",
		"tipo": "ISTITUTO TECNICO PER ATTIVITA\\' SOCIALI (GIA\\' ITF)",
		"nome": "SALVATOR RUIU",
		"indirizzo": "VIA PORCELLANA 30",
		"cap": "07100",
		"comune": "SASSARI",
		"provincia": "SS"
	}
	,
	{
		"codMec": "sstf010007",
		"tipo": "ISTITUTO TECNICO INDUSTRIALE",
		"nome": "G. M. ANGIOY   SASSARI",
		"indirizzo": "VIA  P.SSA MAFALDA, S.N.C.",
		"cap": "07100",
		"comune": "SASSARI",
		"provincia": "SS"
	}
	,
	{
		"codMec": "ssvc010009",
		"tipo": "CONVITTO ANNESSO",
		"nome": "CANOPOLENO",
		"indirizzo": "VIA LUNA E SOLE 44",
		"cap": "07100",
		"comune": "SASSARI",
		"provincia": "SS"
	}
	,
	{
		"codMec": "ssic80700q",
		"tipo": "ISTITUTO COMPRENSIVO",
		"nome": "SENNORI",
		"indirizzo": "VIA  MAZZINI",
		"cap": "07036",
		"comune": "SENNORI",
		"provincia": "SS"
	}
	,
	{
		"codMec": "ssic84300v",
		"tipo": "ISTITUTO COMPRENSIVO",
		"nome": "ISTITUTO COMPRENSIVO SORSO",
		"indirizzo": "AZUNI 1",
		"cap": "07037",
		"comune": "SORSO",
		"provincia": "SS"
	}
	,
	{
		"codMec": "ssic84000b",
		"tipo": "ISTITUTO COMPRENSIVO",
		"nome": "I.C. PIAZZA DELLA LIBERTA\\'-TEMP",
		"indirizzo": "PIAZZA DELLA LIBERTA\\' 1",
		"cap": "07029",
		"comune": "TEMPIO PAUSANIA",
		"provincia": "SS"
	}
]