[
	{
		"codMec": "svis00700n",
		"tipo": "ISTITUTO SUPERIORE",
		"nome": "\"GIANCARDI-GALILEI-AICARDI\"",
		"indirizzo": "VIA FRANCESCO  PETRARCA 7",
		"cap": "17021",
		"comune": "ALASSIO",
		"provincia": "SV"
	}
	,
	{
		"codMec": "svic80600n",
		"tipo": "ISTITUTO COMPRENSIVO",
		"nome": "ISTITUTO COMPRENSIVO ALASSIO",
		"indirizzo": "VIA GASTALDI, 32",
		"cap": "17021",
		"comune": "ALASSIO",
		"provincia": "SV"
	}
	,
	{
		"codMec": "svps030004",
		"tipo": "LICEO SCIENTIFICO",
		"nome": "\"GIORDANO BRUNO\" - ALBENGA",
		"indirizzo": "VIALE PONTELUNGO  83",
		"cap": "17031",
		"comune": "ALBENGA",
		"provincia": "SV"
	}
	,
	{
		"codMec": "svic82200g",
		"tipo": "ISTITUTO COMPRENSIVO",
		"nome": "ISTITUTO COMPRENSIVO ALBENGA I",
		"indirizzo": "VIA DEGLI ORTI",
		"cap": "17031",
		"comune": "ALBENGA",
		"provincia": "SV"
	}
	,
	{
		"codMec": "svic81500c",
		"tipo": "ISTITUTO COMPRENSIVO",
		"nome": "ISTITUTO COMPRENSIVO ALBENGA II",
		"indirizzo": "VIA MAMELI,24",
		"cap": "17031",
		"comune": "ALBENGA",
		"provincia": "SV"
	}
	,
	{
		"codMec": "svic812001",
		"tipo": "ISTITUTO COMPRENSIVO",
		"nome": "ISTITUTO COMPRENSIVO ALBISOLE",
		"indirizzo": "VIA ALLA MASSA, 7",
		"cap": "17013",
		"comune": "ALBISOLA SUPERIORE",
		"provincia": "SV"
	}
	,
	{
		"codMec": "svic80500t",
		"tipo": "ISTITUTO COMPRENSIVO",
		"nome": "IST. COMPR. ANDORA/LAIGUEGLIA",
		"indirizzo": "VIA PIANA DEL MERULA 3/1",
		"cap": "17051",
		"comune": "ANDORA",
		"provincia": "SV"
	}
	,
	{
		"codMec": "svic80700d",
		"tipo": "ISTITUTO COMPRENSIVO",
		"nome": "IST. COMPRENSIVO VAL VARATELLA",
		"indirizzo": "VIA TRILUSSA, 1",
		"cap": "17052",
		"comune": "BORGHETTO SANTO SPIRITO",
		"provincia": "SV"
	}
	,
	{
		"codMec": "svic811005",
		"tipo": "ISTITUTO COMPRENSIVO",
		"nome": "IST. COMPR. CAIRO MONTENOTTE",
		"indirizzo": "VIA ARTISI 1",
		"cap": "17014",
		"comune": "CAIRO MONTENOTTE",
		"provincia": "SV"
	}
	,
	{
		"codMec": "svis00300a",
		"tipo": "ISTITUTO SUPERIORE",
		"nome": "IST. SECONDARIO SUP. DI CAIRO MONTENOTTE",
		"indirizzo": "CORSO XXV APRILE, 76",
		"cap": "17014",
		"comune": "CAIRO MONTENOTTE",
		"provincia": "SV"
	}
	,
	{
		"codMec": "svic803006",
		"tipo": "ISTITUTO COMPRENSIVO",
		"nome": "ISTITUTO COMPRENSIVO CARCARE",
		"indirizzo": "VIA AL COLLEGIO",
		"cap": "17043",
		"comune": "CARCARE",
		"provincia": "SV"
	}
	,
	{
		"codMec": "svpc030001",
		"tipo": "LICEO CLASSICO",
		"nome": "LICEO \"S.GIUSEPPE CALASANZIO\" - CARCARE",
		"indirizzo": "PIAZZA CALASANZIO 3",
		"cap": "17043",
		"comune": "CARCARE",
		"provincia": "SV"
	}
	,
	{
		"codMec": "svic816008",
		"tipo": "ISTITUTO COMPRENSIVO",
		"nome": "ISTITUTO COMPRENSIVO CERIALE",
		"indirizzo": "VIA MAGNONE 2",
		"cap": "17023",
		"comune": "CERIALE",
		"provincia": "SV"
	}
	,
	{
		"codMec": "svic81800x",
		"tipo": "ISTITUTO COMPRENSIVO",
		"nome": "IST. COMPRENSIVO FINALE LIGURE",
		"indirizzo": "VIA BRUNENGHI, 64/A",
		"cap": "17024",
		"comune": "FINALE LIGURE",
		"provincia": "SV"
	}
	,
	{
		"codMec": "svps02000d",
		"tipo": "LICEO SCIENTIFICO",
		"nome": "\"ARTURO ISSEL\" - FINALE LIGURE",
		"indirizzo": "VIA FIUME 42",
		"cap": "17024",
		"comune": "FINALE LIGURE",
		"provincia": "SV"
	}
	,
	{
		"codMec": "svic81900q",
		"tipo": "ISTITUTO COMPRENSIVO",
		"nome": "I. C.  SAVONA II - S. PERTINI",
		"indirizzo": "</td>'",
		"cap": "SVIS00200E",
		"comune": "ISTITUTO SUPERIORE",
		"provincia": "SV"
	}
	,
	{
		"codMec": "svic81900q",
		"tipo": "ISTITUTO COMPRENSIVO",
		"nome": "I. C. SAVONA II - S. PERTINI",
		"indirizzo": "VIA CABOTO, 2",
		"cap": "17100",
		"comune": "SAVONA",
		"provincia": "SV"
	}
	,
	{
		"codMec": "svis00600t",
		"tipo": "ISTITUTO SUPERIORE",
		"nome": "IST.PROFESS.LE MAZZINI-DA VINCI SAVONA",
		"indirizzo": "VIA AONZO, 2",
		"cap": "17100",
		"comune": "SAVONA",
		"provincia": "SV"
	}
	,
	{
		"codMec": "svpm01000x",
		"tipo": "ISTITUTO MAGISTRALE",
		"nome": "LICEO \" G. DELLA ROVERE \" SAVONA",
		"indirizzo": "VIA MONTURBANO 8",
		"cap": "17100",
		"comune": "SAVONA",
		"provincia": "SV"
	}
	,
	{
		"codMec": "svic804002",
		"tipo": "ISTITUTO COMPRENSIVO",
		"nome": "ISTITUTO COMPRENSIVO SPOTORNO",
		"indirizzo": "VIA VERDI",
		"cap": "17028",
		"comune": "SPOTORNO",
		"provincia": "SV"
	}
	,
	{
		"codMec": "svic810009",
		"tipo": "ISTITUTO COMPRENSIVO",
		"nome": "IST. COMPRENSIVO VADO LIGURE",
		"indirizzo": "PIAZZA S.GIOVANNI BATTISTA 9",
		"cap": "17047",
		"comune": "VADO LIGURE",
		"provincia": "SV"
	}
	,
	{
		"codMec": "svic81300r",
		"tipo": "ISTITUTO COMPRENSIVO",
		"nome": "ISTITUTO COMPRENSIVO VARAZZE-CE",
		"indirizzo": "VIA CAMOGLI GIOVANNI BAT.6",
		"cap": "17019",
		"comune": "VARAZZE",
		"provincia": "SV"
	}
]
