[
	{
		"codMec": "taps03000t",
		"tipo": "LICEO SCIENTIFICO",
		"nome": "LS  G. BATTAGLINI",
		"indirizzo": "C.SO       UMBERTO",
		"cap": "74100",
		"comune": "TARANTO",
		"provincia": "TA"
	}
	,
	{
		"codMec": "tarc05000g",
		"tipo": "IST  PROF  PER I SERVIZI COMM , TUR  E DELLA PUBB",
		"nome": "F.S.CABRINI",
		"indirizzo": "VIA DANTE  ALIGHIERI 119",
		"cap": "74121",
		"comune": "TARANTO",
		"provincia": "TA"
	}
	,
	{
		"codMec": "tatd08000p",
		"tipo": "IST TEC COMMERCIALE E PER GEOMETRI",
		"nome": "POLO COMMERCIALE PITAGORA",
		"indirizzo": "VIA PUPINO, 10/A",
		"cap": "74123",
		"comune": "TARANTO",
		"provincia": "TA"
	}
	,
	{
		"codMec": "taic807007",
		"tipo": "ISTITUTO COMPRENSIVO",
		"nome": "MORLEO - AVETRANA",
		"indirizzo": "VIA KENNEDY,40",
		"cap": "74020",
		"comune": "AVETRANA",
		"provincia": "TA"
	}
	,
	{
		"codMec": "taic81100v",
		"tipo": "ISTITUTO COMPRENSIVO",
		"nome": "A.MORO - CAROSINO",
		"indirizzo": "VIA ALFIERI 14",
		"cap": "74021",
		"comune": "CAROSINO",
		"provincia": "TA"
	}
	,
	{
		"codMec": "tais03900v",
		"tipo": "ISTITUTO SUPERIORE",
		"nome": "PERRONE",
		"indirizzo": "VIA SPINETOMONTECAMPLO 29",
		"cap": "74011",
		"comune": "CASTELLANETA",
		"provincia": "TA"
	}
	,
	{
		"codMec": "taic860004",
		"tipo": "ISTITUTO COMPRENSIVO",
		"nome": "PASCOLI-GIOVINAZZI-CASTELLANETA",
		"indirizzo": "VIA MAZZINI 25",
		"cap": "74011",
		"comune": "CASTELLANETA",
		"provincia": "TA"
	}
	,
	{
		"codMec": "taic824001",
		"tipo": "ISTITUTO COMPRENSIVO",
		"nome": "F.SURICO - CASTELLANETA",
		"indirizzo": "VIA DELLE  SPINELLE, 24",
		"cap": "74011",
		"comune": "CASTELLANETA",
		"provincia": "TA"
	}
	,
	{
		"codMec": "tais02100n",
		"tipo": "ISTITUTO SUPERIORE",
		"nome": "QUINTO ORAZIO FLACCO",
		"indirizzo": "VIA DON L.STURZO",
		"cap": "74011",
		"comune": "CASTELLANETA",
		"provincia": "TA"
	}
	,
	{
		"codMec": "taic83400g",
		"tipo": "ISTITUTO COMPRENSIVO",
		"nome": "SEVERI - CRISPIANO",
		"indirizzo": "VIA        BARI                15",
		"cap": "74012",
		"comune": "CRISPIANO",
		"provincia": "TA"
	}
	,
	{
		"codMec": "tais008007",
		"tipo": "ISTITUTO SUPERIORE",
		"nome": "I.I.S.S. \" ELSA MORANTE\"",
		"indirizzo": "CORSO UMBERTO - VILLA CACACE",
		"cap": "74012",
		"comune": "CRISPIANO",
		"provincia": "TA"
	}
	,
	{
		"codMec": "taee040001",
		"tipo": "CIRCOLO DIDATTICO",
		"nome": "I CIRCOLO MANCINI - CRISPIANO",
		"indirizzo": "VIA REGINA ELENA 1",
		"cap": "74012",
		"comune": "CRISPIANO",
		"provincia": "TA"
	}
	,
	{
		"codMec": "taic80500g",
		"tipo": "ISTITUTO COMPRENSIVO",
		"nome": "R.LEONE - GINOSA",
		"indirizzo": "VIA PITAGORA, 11",
		"cap": "74025",
		"comune": "GINOSA",
		"provincia": "TA"
	}
	,
	{
		"codMec": "taic82600l",
		"tipo": "ISTITUTO COMPRENSIVO",
		"nome": "CALO\\' - GINOSA",
		"indirizzo": "VIALE MARTIRI D\\'UNGHERIA, 86",
		"cap": "74013",
		"comune": "GINOSA",
		"provincia": "TA"
	}
	,
	{
		"codMec": "taic82500r",
		"tipo": "ISTITUTO COMPRENSIVO",
		"nome": "DELEDDA - S. G.BOSCO-GINOSA",
		"indirizzo": "P.ZZA NUSCO 14",
		"cap": "74013",
		"comune": "GINOSA",
		"provincia": "TA"
	}
	,
	{
		"codMec": "tais04300e",
		"tipo": "ISTITUTO SUPERIORE",
		"nome": "\"MARISA BELLISARIO-G.M. SFORZA\"",
		"indirizzo": "VIA  DELLA PACE",
		"cap": "74013",
		"comune": "GINOSA",
		"provincia": "TA"
	}
	,
	{
		"codMec": "taps070008",
		"tipo": "LICEO SCIENTIFICO",
		"nome": "LICEO STATALE \"G. MOSCATI\"",
		"indirizzo": "VIA ENNIO, 181",
		"cap": "74023",
		"comune": "GROTTAGLIE",
		"provincia": "TA"
	}
	,
	{
		"codMec": "tais01200v",
		"tipo": "ISTITUTO SUPERIORE",
		"nome": "DON MILANI-PERTINI",
		"indirizzo": "VIA XXV LUGLIO",
		"cap": "74023",
		"comune": "GROTTAGLIE",
		"provincia": "TA"
	}
	,
	{
		"codMec": "tais031008",
		"tipo": "ISTITUTO SUPERIORE",
		"nome": "V. CALO\\'",
		"indirizzo": "VIA JACOPO DELLA QUERCIA, 1",
		"cap": "74023",
		"comune": "GROTTAGLIE",
		"provincia": "TA"
	}
	,
	{
		"codMec": "taic85900x",
		"tipo": "ISTITUTO COMPRENSIVO",
		"nome": "PIGNATELLI-GROTTAGLIE",
		"indirizzo": "VIA  DON MINZONI, 1",
		"cap": "74023",
		"comune": "GROTTAGLIE",
		"provincia": "TA"
	}
	,
	{
		"codMec": "taic84200e",
		"tipo": "ISTITUTO COMPRENSIVO",
		"nome": "DE AMICIS - GROTTAGLIE",
		"indirizzo": "VIA V. CALO,  37",
		"cap": "74023",
		"comune": "GROTTAGLIE",
		"provincia": "TA"
	}
	,
	{
		"codMec": "taic84100p",
		"tipo": "ISTITUTO COMPRENSIVO",
		"nome": "DON BOSCO - GROTTAGLIE",
		"indirizzo": "VIA OBERDAN N.2",
		"cap": "74023",
		"comune": "GROTTAGLIE",
		"provincia": "TA"
	}
	,
	{
		"codMec": "taic858004",
		"tipo": "ISTITUTO COMPRENSIVO",
		"nome": "\"MARCONI-MICHELANGELO\" -LATERZA",
		"indirizzo": "VIA SELVA SAN VITO, 2",
		"cap": "74014",
		"comune": "LATERZA",
		"provincia": "TA"
	}
	,
	{
		"codMec": "tais023009",
		"tipo": "ISTITUTO SUPERIORE",
		"nome": "G. B. VICO",
		"indirizzo": "CONTRADA   CICIVIZZO-S.S.580",
		"cap": "74014",
		"comune": "LATERZA",
		"provincia": "TA"
	}
	,
	{
		"codMec": "taic84300a",
		"tipo": "ISTITUTO COMPRENSIVO",
		"nome": "DIAZ - LATERZA",
		"indirizzo": "VIA ROMA, 59",
		"cap": "74014",
		"comune": "LATERZA",
		"provincia": "TA"
	}
	,
	{
		"codMec": "taic815006",
		"tipo": "ISTITUTO COMPRENSIVO",
		"nome": "PADRE GEMELLI",
		"indirizzo": "VIA DANTE, 41",
		"cap": "74020",
		"comune": "LEPORANO",
		"provincia": "TA"
	}
	,
	{
		"codMec": "taic844006",
		"tipo": "ISTITUTO COMPRENSIVO",
		"nome": "ALESSANDRO MANZONI - LIZZANO",
		"indirizzo": "PIAZZA MATTEOTTI, 11",
		"cap": "74020",
		"comune": "LIZZANO",
		"provincia": "TA"
	}
	,
	{
		"codMec": "tapc11000a",
		"tipo": "LICEO CLASSICO",
		"nome": "L.C.DE SANCTIS - L.S. GALILEI",
		"indirizzo": "VIA        SORANI, N.33",
		"cap": "74024",
		"comune": "MANDURIA",
		"provincia": "TA"
	}
	,
	{
		"codMec": "taic84800d",
		"tipo": "ISTITUTO COMPRENSIVO",
		"nome": "I.C. \"MICHELE GRECO\" - MANDURIA",
		"indirizzo": "VIA PRIMO MAGGIO, 3",
		"cap": "74024",
		"comune": "MANDURIA",
		"provincia": "TA"
	}
	,
	{
		"codMec": "taic84700n",
		"tipo": "ISTITUTO COMPRENSIVO",
		"nome": "DON BOSCO - MANDURIA",
		"indirizzo": "VIA DEL MACELLO",
		"cap": "74024",
		"comune": "MANDURIA",
		"provincia": "TA"
	}
	,
	{
		"codMec": "taic84600t",
		"tipo": "ISTITUTO COMPRENSIVO",
		"nome": "PRUDENZANO - MANDURIA",
		"indirizzo": "VIALE MANCINI 3",
		"cap": "74024",
		"comune": "MANDURIA",
		"provincia": "TA"
	}
	,
	{
		"codMec": "tais02600r",
		"tipo": "ISTITUTO SUPERIORE",
		"nome": "LUIGI EINAUDI",
		"indirizzo": "VIA P.BORSELLINO,20",
		"cap": "74024",
		"comune": "MANDURIA",
		"provincia": "TA"
	}
	,
	{
		"codMec": "tais037007",
		"tipo": "ISTITUTO SUPERIORE",
		"nome": "MAJORANA",
		"indirizzo": "CONTRADA PERGOLO",
		"cap": "74015",
		"comune": "MARTINA FRANCA",
		"provincia": "TA"
	}
	,
	{
		"codMec": "tapc040009",
		"tipo": "LICEO CLASSICO",
		"nome": "LICEO STATALE \"TITO LIVIO\"",
		"indirizzo": "PIAZZA  VITTORIO VENETO 7",
		"cap": "74015",
		"comune": "MARTINA FRANCA",
		"provincia": "TA"
	}
	,
	{
		"codMec": "taic865007",
		"tipo": "ISTITUTO COMPRENSIVO",
		"nome": "I.C. GIOVANNI XXIII",
		"indirizzo": "PIAZZA SAN FRANCESCO DA PAOLA,3",
		"cap": "74015",
		"comune": "MARTINA FRANCA",
		"provincia": "TA"
	}
	,
	{
		"codMec": "taic86400b",
		"tipo": "ISTITUTO COMPRENSIVO",
		"nome": "G. MARCONI - MARTINA FRANCA",
		"indirizzo": "PIAZZA MARCONI 4",
		"cap": "74015",
		"comune": "MARTINA FRANCA",
		"provincia": "TA"
	}
	,
	{
		"codMec": "taic86300g",
		"tipo": "ISTITUTO COMPRENSIVO",
		"nome": "I.C. AOSTA - MARTINA FRANCA",
		"indirizzo": "P.ZZA VITTORIO VENETO, 6",
		"cap": "74015",
		"comune": "MARTINA FRANCA",
		"provincia": "TA"
	}
	,
	{
		"codMec": "taic86200q",
		"tipo": "ISTITUTO COMPRENSIVO",
		"nome": "\"A.R. CHIARELLI\" MARTINA FRANCA",
		"indirizzo": "VIA CARMINE, 4",
		"cap": "74015",
		"comune": "MARTINA FRANCA",
		"provincia": "TA"
	}
	,
	{
		"codMec": "taic86100x",
		"tipo": "ISTITUTO COMPRENSIVO",
		"nome": "G. GRASSI",
		"indirizzo": "VIALE      STAZIONE",
		"cap": "74015",
		"comune": "MARTINA FRANCA",
		"provincia": "TA"
	}
	,
	{
		"codMec": "tais03600b",
		"tipo": "ISTITUTO SUPERIORE",
		"nome": "LEONARDO DA VINCI",
		"indirizzo": "CONTRADA   PERGOLO",
		"cap": "74015",
		"comune": "MARTINA FRANCA",
		"provincia": "TA"
	}
	,
	{
		"codMec": "taic80600b",
		"tipo": "ISTITUTO COMPRENSIVO",
		"nome": "DEL BENE - MARUGGIO",
		"indirizzo": "P.ZZA MARCONI 17",
		"cap": "74020",
		"comune": "MARUGGIO",
		"provincia": "TA"
	}
	,
	{
		"codMec": "taic851009",
		"tipo": "ISTITUTO COMPRENSIVO",
		"nome": "SAN G.BOSCO - MASSAFRA",
		"indirizzo": "VIA NUOVA",
		"cap": "74016",
		"comune": "MASSAFRA",
		"provincia": "TA"
	}
	,
	{
		"codMec": "taic85000d",
		"tipo": "ISTITUTO COMPRENSIVO",
		"nome": "PASCOLI - MASSAFRA",
		"indirizzo": "C.SO ROMA",
		"cap": "74016",
		"comune": "MASSAFRA",
		"provincia": "TA"
	}
	,
	{
		"codMec": "tais02800c",
		"tipo": "ISTITUTO SUPERIORE",
		"nome": "D.DE RUGGIERI",
		"indirizzo": "VIA PER CRISPIANO S.N.C.",
		"cap": "74016",
		"comune": "MASSAFRA",
		"provincia": "TA"
	}
	,
	{
		"codMec": "tais02700l",
		"tipo": "ISTITUTO SUPERIORE",
		"nome": "C. MONDELLI",
		"indirizzo": "VIA CHIATONA - C.DA   AMENDOLECCHIA",
		"cap": "74016",
		"comune": "MASSAFRA",
		"provincia": "TA"
	}
	,
	{
		"codMec": "taic849009",
		"tipo": "ISTITUTO COMPRENSIVO",
		"nome": "PRIMO I.C. DE AMICIS-MANZONI",
		"indirizzo": "P.ZZA CORSICA 1",
		"cap": "74016",
		"comune": "MASSAFRA",
		"provincia": "TA"
	}
	,
	{
		"codMec": "taic810003",
		"tipo": "ISTITUTO COMPRENSIVO",
		"nome": "I.C.L. DA VINCI",
		"indirizzo": "VIA LEONARDO DA VINCI N.  21",
		"cap": "74020",
		"comune": "MONTEIASI",
		"provincia": "TA"
	}
	,
	{
		"codMec": "taic81200p",
		"tipo": "ISTITUTO COMPRENSIVO",
		"nome": "MADON. DELLA CAMERA-MONTEPARANO",
		"indirizzo": "VIA SANTA MARIA DI CAMERA",
		"cap": "74020",
		"comune": "MONTEPARANO",
		"provincia": "TA"
	}
	,
	{
		"codMec": "taic845002",
		"tipo": "ISTITUTO COMPRENSIVO",
		"nome": "VIOLA - TARANTO",
		"indirizzo": "VIA ZARA 35",
		"cap": "74121",
		"comune": "TARANTO",
		"provincia": "TA"
	}
	,
	{
		"codMec": "taic866003",
		"tipo": "ISTITUTO COMPRENSIVO",
		"nome": "SAN G.BOSCO - TARANTO",
		"indirizzo": "VIA UMBRIA 34",
		"cap": "74121",
		"comune": "TARANTO",
		"provincia": "TA"
	}
	,
	{
		"codMec": "taic86800p",
		"tipo": "ISTITUTO COMPRENSIVO",
		"nome": "VICO-DE CAROLIS - TARANTO",
		"indirizzo": "VIA SS. ANGELI CUSTODI",
		"cap": "74123",
		"comune": "TARANTO",
		"provincia": "TA"
	}
	,
	{
		"codMec": "tais024005",
		"tipo": "ISTITUTO SUPERIORE",
		"nome": "IISS ARCHIMEDE",
		"indirizzo": "VIA        LAGO TRASIMENO, 10",
		"cap": "74100",
		"comune": "TARANTO",
		"provincia": "TA"
	}
	,
	{
		"codMec": "tais029008",
		"tipo": "ISTITUTO SUPERIORE",
		"nome": "A. PACINOTTI",
		"indirizzo": "VIA  LAGO TRASIMENO, S.N.C.",
		"cap": "74121",
		"comune": "TARANTO",
		"provincia": "TA"
	}
	,
	{
		"codMec": "tais03300x",
		"tipo": "ISTITUTO SUPERIORE",
		"nome": "I.I.S.S. \"GALILEO FERRARIS\"",
		"indirizzo": "VIA ABRUZZO 13",
		"cap": "74121",
		"comune": "TARANTO",
		"provincia": "TA"
	}
	,
	{
		"codMec": "tais03400q",
		"tipo": "ISTITUTO SUPERIORE",
		"nome": "LISIDE",
		"indirizzo": "VIA ANCONA N.91",
		"cap": "74121",
		"comune": "TARANTO",
		"provincia": "TA"
	}
	,
	{
		"codMec": "tais038003",
		"tipo": "ISTITUTO SUPERIORE",
		"nome": "ISTITUTO ISTR. SUPERIORE \"AUGUSTO RIGHI\"",
		"indirizzo": "VIA D\\'ALO\\' ALFIERI 51",
		"cap": "74121",
		"comune": "TARANTO",
		"provincia": "TA"
	}
	,
	{
		"codMec": "tais04200p",
		"tipo": "ISTITUTO SUPERIORE",
		"nome": "P.SSA MARIA PIA",
		"indirizzo": "VIA GALILEI N.27",
		"cap": "74121",
		"comune": "TARANTO",
		"provincia": "TA"
	}
	,
	{
		"codMec": "tamm00600c",
		"tipo": "SCUOLA PRIMO GRADO",
		"nome": "COLOMBO - TARANTO",
		"indirizzo": "VIA MEDAGLIE D\\'ORO 117",
		"cap": "74121",
		"comune": "TARANTO",
		"provincia": "TA"
	}
	,
	{
		"codMec": "tamm02000p",
		"tipo": "SCUOLA PRIMO GRADO",
		"nome": "VOLTA - TARANTO",
		"indirizzo": "VIA        VENEZIA             75",
		"cap": "74100",
		"comune": "TARANTO",
		"provincia": "TA"
	}
	,
	{
		"codMec": "tamm128006",
		"tipo": "SCUOLA PRIMO GRADO",
		"nome": "CPIA 1 TARANTO",
		"indirizzo": "VIA LAGO DI COMO,  9",
		"cap": "74121",
		"comune": "TARANTO",
		"provincia": "TA"
	}
	,
	{
		"codMec": "tapc10000q",
		"tipo": "LICEO CLASSICO",
		"nome": "L.C. ARCHITA - I.M. ANDRONICO",
		"indirizzo": "CORSO UMBERTO I, 106/B",
		"cap": "74123",
		"comune": "TARANTO",
		"provincia": "TA"
	}
	,
	{
		"codMec": "tapc070005",
		"tipo": "LICEO CLASSICO",
		"nome": "LICEO GINNASIO ARISTOSSENO",
		"indirizzo": "VIALE VIRGILIO N.15",
		"cap": "74123",
		"comune": "TARANTO",
		"provincia": "TA"
	}
	,
	{
		"codMec": "tapm020008",
		"tipo": "ISTITUTO MAGISTRALE",
		"nome": "VITTORINO DA FELTRE",
		"indirizzo": "VIA        POLIBIO,44",
		"cap": "74121",
		"comune": "TARANTO",
		"provincia": "TA"
	}
	,
	{
		"codMec": "taee01200r",
		"tipo": "CIRCOLO DIDATTICO",
		"nome": "XII CIRCOLO TEMPESTA - TARANTO",
		"indirizzo": "VIA LAGO DI COMO 12",
		"cap": "74121",
		"comune": "TARANTO",
		"provincia": "TA"
	}
	,
	{
		"codMec": "taee01300l",
		"tipo": "CIRCOLO DIDATTICO",
		"nome": "XIII CIRC. S.PERTINI-TARANTO",
		"indirizzo": "VIA PASTORE, 3",
		"cap": "74123",
		"comune": "TARANTO",
		"provincia": "TA"
	}
	,
	{
		"codMec": "taee016004",
		"tipo": "CIRCOLO DIDATTICO",
		"nome": "XVI CIRCOLO EUROPA - TARANTO",
		"indirizzo": "VIA PIO DODICESIMO 3",
		"cap": "74121",
		"comune": "TARANTO",
		"provincia": "TA"
	}
	,
	{
		"codMec": "taee023007",
		"tipo": "CIRCOLO DIDATTICO",
		"nome": "XXIII CIRC. R.CARRIERI-TARANTO",
		"indirizzo": "VIA MEDAGLIE D\\'ORO 46",
		"cap": "74121",
		"comune": "TARANTO",
		"provincia": "TA"
	}
	,
	{
		"codMec": "taic802004",
		"tipo": "ISTITUTO COMPRENSIVO",
		"nome": "G. GALILEI - TARANTO",
		"indirizzo": "VICO       CARDUCCI            9",
		"cap": "74123",
		"comune": "TARANTO",
		"provincia": "TA"
	}
	,
	{
		"codMec": "taic80300x",
		"tipo": "ISTITUTO COMPRENSIVO",
		"nome": "PIRANDELLO - TARANTO",
		"indirizzo": "VIA PASTORE - Q.RE PAOLO VI",
		"cap": "74100",
		"comune": "TARANTO",
		"provincia": "TA"
	}
	,
	{
		"codMec": "taic81700t",
		"tipo": "ISTITUTO COMPRENSIVO",
		"nome": "VITTORIO ALFIERI - TARANTO",
		"indirizzo": "CORSO ITALIA, 159 (ANG. VIA CAMPANIA)",
		"cap": "74121",
		"comune": "TARANTO",
		"provincia": "TA"
	}
	,
	{
		"codMec": "taic81900d",
		"tipo": "ISTITUTO COMPRENSIVO",
		"nome": "MARTELLOTTA - TARANTO",
		"indirizzo": "VIA SCOGLIO DEL TONNO, 4",
		"cap": "74121",
		"comune": "TARANTO",
		"provincia": "TA"
	}
	,
	{
		"codMec": "taic829004",
		"tipo": "ISTITUTO COMPRENSIVO",
		"nome": "G.SALVEMINI - TARANTO",
		"indirizzo": "VIA GREGORIO VII S.N.",
		"cap": "74122",
		"comune": "TARANTO",
		"provincia": "TA"
	}
	,
	{
		"codMec": "taic830008",
		"tipo": "ISTITUTO COMPRENSIVO",
		"nome": "RENATO FRASCOLLA",
		"indirizzo": "VIALE JONIO 513",
		"cap": "74122",
		"comune": "TARANTO",
		"provincia": "TA"
	}
	,
	{
		"codMec": "taic831004",
		"tipo": "ISTITUTO COMPRENSIVO",
		"nome": "D.ALIGHIERI - TARANTO",
		"indirizzo": "VIA DANTE, 139",
		"cap": "74121",
		"comune": "TARANTO",
		"provincia": "TA"
	}
	,
	{
		"codMec": "taic83200x",
		"tipo": "ISTITUTO COMPRENSIVO",
		"nome": "LEONARDO SCIASCIA - TARANTO",
		"indirizzo": "VIA MARTINI 2/4",
		"cap": "74122",
		"comune": "TARANTO",
		"provincia": "TA"
	}
	,
	{
		"codMec": "taic83800v",
		"tipo": "ISTITUTO COMPRENSIVO",
		"nome": "DE AMICIS - TARANTO",
		"indirizzo": "VIA DOMENICO SAVINO 59/A",
		"cap": "74122",
		"comune": "TARANTO",
		"provincia": "TA"
	}
	,
	{
		"codMec": "taic83900p",
		"tipo": "ISTITUTO COMPRENSIVO",
		"nome": "XXV LUGLIO -BETTOLO - TARANTO",
		"indirizzo": "VIA PITAGORA 73",
		"cap": "74123",
		"comune": "TARANTO",
		"provincia": "TA"
	}
	,
	{
		"codMec": "taic84000v",
		"tipo": "ISTITUTO COMPRENSIVO",
		"nome": "RENATO MORO - TARANTO",
		"indirizzo": "VIA UMBRIA 261",
		"cap": "74121",
		"comune": "TARANTO",
		"provincia": "TA"
	}
	,
	{
		"codMec": "tais00600g",
		"tipo": "ISTITUTO SUPERIORE",
		"nome": "IPSS LENTINI - L.S.EINSTEIN",
		"indirizzo": "VIA GIUSTI N.1",
		"cap": "74017",
		"comune": "MOTTOLA",
		"provincia": "TA"
	}
	,
	{
		"codMec": "taic86900e",
		"tipo": "ISTITUTO COMPRENSIVO",
		"nome": "S.GIOVANNI BOSCO",
		"indirizzo": "VIA PAGANINI",
		"cap": "74017",
		"comune": "MOTTOLA",
		"provincia": "TA"
	}
	,
	{
		"codMec": "taic852005",
		"tipo": "ISTITUTO COMPRENSIVO",
		"nome": "MANZONI - MOTTOLA",
		"indirizzo": "VIA GERLONI, 23",
		"cap": "74017",
		"comune": "MOTTOLA",
		"provincia": "TA"
	}
	,
	{
		"codMec": "taic808003",
		"tipo": "ISTITUTO COMPRENSIVO",
		"nome": "MARCONI - PALAGIANELLO",
		"indirizzo": "VIA MATTEOTTI, 52",
		"cap": "74018",
		"comune": "PALAGIANELLO",
		"provincia": "TA"
	}
	,
	{
		"codMec": "taic85600c",
		"tipo": "ISTITUTO COMPRENSIVO",
		"nome": "GIANNI RODARI - PALAGIANO",
		"indirizzo": "VIA BACHELET",
		"cap": "74019",
		"comune": "PALAGIANO",
		"provincia": "TA"
	}
	,
	{
		"codMec": "taic85500l",
		"tipo": "ISTITUTO COMPRENSIVO",
		"nome": "GIOVANNI XXIII - PALAGIANO",
		"indirizzo": "VIALE STAZIONE 29",
		"cap": "74019",
		"comune": "PALAGIANO",
		"provincia": "TA"
	}
	,
	{
		"codMec": "tais032004",
		"tipo": "ISTITUTO SUPERIORE",
		"nome": "MEDITERRANEO - PULSANO",
		"indirizzo": "VIA CHIESA, 49",
		"cap": "74026",
		"comune": "PULSANO",
		"provincia": "TA"
	}
	,
	{
		"codMec": "taic86700v",
		"tipo": "ISTITUTO COMPRENSIVO",
		"nome": "GIANNONE - PULSANO",
		"indirizzo": "VIA DEGLI ORTI, 45",
		"cap": "74026",
		"comune": "PULSANO",
		"provincia": "TA"
	}
	,
	{
		"codMec": "taic80400q",
		"tipo": "ISTITUTO COMPRENSIVO",
		"nome": "G.PASCOLI - SAN GIORGIO IONICO",
		"indirizzo": "VIA        IV NOVEMBRE         S.N.",
		"cap": "74027",
		"comune": "SAN GIORGIO IONICO",
		"provincia": "TA"
	}
	,
	{
		"codMec": "taee08300v",
		"tipo": "CIRCOLO DIDATTICO",
		"nome": "MARIA PIA - SAN GIORGIO IONICO",
		"indirizzo": "VIA QUATTRO NOVEMBRE 1",
		"cap": "74027",
		"comune": "SAN GIORGIO IONICO",
		"provincia": "TA"
	}
	,
	{
		"codMec": "taic822009",
		"tipo": "ISTITUTO COMPRENSIVO",
		"nome": "CASALINI - SAN MARZANO",
		"indirizzo": "VIA LAZIO 3",
		"cap": "74020",
		"comune": "SAN MARZANO DI SAN GIUSEPPE",
		"provincia": "TA"
	}
	,
	{
		"codMec": "taic853001",
		"tipo": "ISTITUTO COMPRENSIVO",
		"nome": "GIOVANNI XXIII - SAVA",
		"indirizzo": "CORSO ITALIA",
		"cap": "74028",
		"comune": "SAVA",
		"provincia": "TA"
	}
	,
	{
		"codMec": "taic857008",
		"tipo": "ISTITUTO COMPRENSIVO",
		"nome": "BONSEGNA - TONIOLO",
		"indirizzo": "P.ZZA RISORGIMENTO, 7",
		"cap": "74028",
		"comune": "SAVA",
		"provincia": "TA"
	}
	,
	{
		"codMec": "tais04100v",
		"tipo": "ISTITUTO SUPERIORE",
		"nome": "DEL PRETE - FALCONE",
		"indirizzo": "VIA MAZZINI",
		"cap": "74028",
		"comune": "SAVA",
		"provincia": "TA"
	}
	,
	{
		"codMec": "taic85400r",
		"tipo": "ISTITUTO COMPRENSIVO",
		"nome": "GIOVANNI XXIII - STATTE",
		"indirizzo": "VIA  BAINSIZZA SNC",
		"cap": "74010",
		"comune": "STATTE",
		"provincia": "TA"
	}
]