[
	{
		"codMec": "tsic800002",
		"tipo": "ISTITUTO COMPRENSIVO",
		"nome": "IST. COMPR. RAINER MARIA RILKE",
		"indirizzo": "SISTIANA 225",
		"cap": "34011",
		"comune": "DUINO AURISINA",
		"provincia": "TS"
	}
	,
	{
		"codMec": "tsic819003",
		"tipo": "ISTITUTO COMPRENSIVO",
		"nome": "IC AURISINA-NABREZINA-L.INS.SLO",
		"indirizzo": "AURISINA CAVE 85",
		"cap": "34011",
		"comune": "DUINO AURISINA",
		"provincia": "TS"
	}
	,
	{
		"codMec": "tsic804009",
		"tipo": "ISTITUTO COMPRENSIVO",
		"nome": "IST. COMPR. GIOVANNI LUCIO",
		"indirizzo": "VIA G. D\\'ANNUNZIO 48",
		"cap": "34015",
		"comune": "MUGGIA",
		"provincia": "TS"
	}
	,
	{
		"codMec": "tsic820007",
		"tipo": "ISTITUTO COMPRENSIVO",
		"nome": "IC JOSIP PANGERC - L.INS.SLOV.",
		"indirizzo": "DOLINA 210",
		"cap": "34018",
		"comune": "SAN DORLIGO DELLA VALLE",
		"provincia": "TS"
	}
	,
	{
		"codMec": "tsic806001",
		"tipo": "ISTITUTO COMPRENSIVO",
		"nome": "IST. COMPR. ALTIPIANO",
		"indirizzo": "VIA DI BASOVIZZA N. 5",
		"cap": "34151",
		"comune": "TRIESTE",
		"provincia": "TS"
	}
	,
	{
		"codMec": "tsic80700r",
		"tipo": "ISTITUTO COMPRENSIVO",
		"nome": "IST. COMPR. GIANCARLO ROLI",
		"indirizzo": "VIA SERGIO FORTI 15",
		"cap": "34148",
		"comune": "TRIESTE",
		"provincia": "TS"
	}
	,
	{
		"codMec": "tsic80800l",
		"tipo": "ISTITUTO COMPRENSIVO",
		"nome": "IST. COMPR. DANTE ALIGHIERI",
		"indirizzo": "VIA GIUSTINIANO 7",
		"cap": "34133",
		"comune": "TRIESTE",
		"provincia": "TS"
	}
	,
	{
		"codMec": "tsic80900c",
		"tipo": "ISTITUTO COMPRENSIVO",
		"nome": "IST. COMPR. ANTONIO BERGAMAS",
		"indirizzo": "VIA DELL\\'ISTRIA 45",
		"cap": "34137",
		"comune": "TRIESTE",
		"provincia": "TS"
	}
	,
	{
		"codMec": "tsic81000l",
		"tipo": "ISTITUTO COMPRENSIVO",
		"nome": "IST. COMPR. ITALO SVEVO",
		"indirizzo": "VIA ITALO SVEVO 15",
		"cap": "34145",
		"comune": "TRIESTE",
		"provincia": "TS"
	}
	,
	{
		"codMec": "tsic81100c",
		"tipo": "ISTITUTO COMPRENSIVO",
		"nome": "IST. COMPR. VALMAURA",
		"indirizzo": "SALITA DI ZUGNANO 5",
		"cap": "34148",
		"comune": "TRIESTE",
		"provincia": "TS"
	}
	,
	{
		"codMec": "tsic812008",
		"tipo": "ISTITUTO COMPRENSIVO",
		"nome": "IST. COMPR. SAN GIOVANNI",
		"indirizzo": "VIA DEI CUNICOLI 8",
		"cap": "34126",
		"comune": "TRIESTE",
		"provincia": "TS"
	}
	,
	{
		"codMec": "tsic813004",
		"tipo": "ISTITUTO COMPRENSIVO",
		"nome": "IST. COMPR. DIVISIONE JULIA",
		"indirizzo": "VIALE XX SETTEMBRE 26",
		"cap": "34125",
		"comune": "TRIESTE",
		"provincia": "TS"
	}
	,
	{
		"codMec": "tsic81400x",
		"tipo": "ISTITUTO COMPRENSIVO",
		"nome": "IST. COMPR. ROIANO GRETTA",
		"indirizzo": "SALITA DI GRETTA 34/2",
		"cap": "34136",
		"comune": "TRIESTE",
		"provincia": "TS"
	}
	,
	{
		"codMec": "tsic81500q",
		"tipo": "ISTITUTO COMPRENSIVO",
		"nome": "IST. COMPR. AI CAMPI ELISI",
		"indirizzo": "VIA G.RINALDO CARLI 1",
		"cap": "34143",
		"comune": "TRIESTE",
		"provincia": "TS"
	}
	,
	{
		"codMec": "tsic81600g",
		"tipo": "ISTITUTO COMPRENSIVO",
		"nome": "IC SAN GIACOMO-L.INS.SLOV.",
		"indirizzo": "VIA FRAUSIN 12",
		"cap": "34137",
		"comune": "TRIESTE",
		"provincia": "TS"
	}
	,
	{
		"codMec": "tsic805005",
		"tipo": "ISTITUTO COMPRENSIVO",
		"nome": "IST. COMPR. VIA COMMERCIALE",
		"indirizzo": "VIA SANT\\'ANASTASIO 15",
		"cap": "34134",
		"comune": "TRIESTE",
		"provincia": "TS"
	}
	,
	{
		"codMec": "tsic80300d",
		"tipo": "ISTITUTO COMPRENSIVO",
		"nome": "IST. COMPR. TIZIANA WEISS",
		"indirizzo": "STRADA DI ROZZOL 61",
		"cap": "34139",
		"comune": "TRIESTE",
		"provincia": "TS"
	}
	,
	{
		"codMec": "tsic80200n",
		"tipo": "ISTITUTO COMPRENSIVO",
		"nome": "IST. COMPR. IQBAL MASIH",
		"indirizzo": "VIA FORLANINI 32",
		"cap": "34139",
		"comune": "TRIESTE",
		"provincia": "TS"
	}
	,
	{
		"codMec": "tstf010008",
		"tipo": "ISTITUTO TECNICO INDUSTRIALE",
		"nome": "ALESSANDRO VOLTA",
		"indirizzo": "VIA MONTE GRAPPA 1",
		"cap": "34127",
		"comune": "TRIESTE",
		"provincia": "TS"
	}
	,
	{
		"codMec": "tsic80100t",
		"tipo": "ISTITUTO COMPRENSIVO",
		"nome": "IST. COMPR. MARCO POLO",
		"indirizzo": "VIA DONADONI 28",
		"cap": "34141",
		"comune": "TRIESTE",
		"provincia": "TS"
	}
	,
	{
		"codMec": "tsic81700b",
		"tipo": "ISTITUTO COMPRENSIVO",
		"nome": "IC V. BARTOL-L.INS.SLOV.",
		"indirizzo": "VIA CARAVAGGIO 4",
		"cap": "34128",
		"comune": "TRIESTE",
		"provincia": "TS"
	}
	,
	{
		"codMec": "tsic818007",
		"tipo": "ISTITUTO COMPRENSIVO",
		"nome": "IC OPICINA-OPCINE-L.INS.SLOV.",
		"indirizzo": "PIAZZALE MONTE RE 2",
		"cap": "34151",
		"comune": "TRIESTE",
		"provincia": "TS"
	}
	,
	{
		"codMec": "tsis001002",
		"tipo": "ISTITUTO SUPERIORE",
		"nome": "DA VINCI - CARLI - DE SANDRINELLI",
		"indirizzo": "VIA VERONESE 3",
		"cap": "34131",
		"comune": "TRIESTE",
		"provincia": "TS"
	}
	,
	{
		"codMec": "tsis00200t",
		"tipo": "ISTITUTO SUPERIORE",
		"nome": "NAUTICO T. DI SAVOIA  - L. GALVANI",
		"indirizzo": "PIAZZA HORTIS 1",
		"cap": "34123",
		"comune": "TRIESTE",
		"provincia": "TS"
	}
	,
	{
		"codMec": "tsis00300n",
		"tipo": "ISTITUTO SUPERIORE",
		"nome": "J.STEFAN-L.INS.SLOVENA",
		"indirizzo": "STRADA DI GUARDIELLA 13/2",
		"cap": "34128",
		"comune": "TRIESTE",
		"provincia": "TS"
	}
	,
	{
		"codMec": "tsis00400d",
		"tipo": "ISTITUTO SUPERIORE",
		"nome": "ISIS CARDUCCI - DANTE",
		"indirizzo": "VIA GIUSTINIANO 3",
		"cap": "34133",
		"comune": "TRIESTE",
		"provincia": "TS"
	}
	,
	{
		"codMec": "tsmm042005",
		"tipo": "SCUOLA PRIMO GRADO",
		"nome": "CPIA 1 TRIESTE",
		"indirizzo": "VIA C. BATTISTI 27",
		"cap": "34124",
		"comune": "TRIESTE",
		"provincia": "TS"
	}
	,
	{
		"codMec": "tspc02000n",
		"tipo": "LICEO CLASSICO",
		"nome": "FRANCESCO PETRARCA",
		"indirizzo": "VIA ROSSETTI 74",
		"cap": "34139",
		"comune": "TRIESTE",
		"provincia": "TS"
	}
	,
	{
		"codMec": "tspm02000t",
		"tipo": "ISTITUTO MAGISTRALE",
		"nome": "A.M. SLOMSEK-L.INS.SLOVENA",
		"indirizzo": "VIA CARAVAGGIO 4",
		"cap": "34128",
		"comune": "TRIESTE",
		"provincia": "TS"
	}
	,
	{
		"codMec": "tsps010006",
		"tipo": "LICEO SCIENTIFICO",
		"nome": "F.PRESEREN-L.INS.SLOVENA",
		"indirizzo": "STRADA DI GUARDIELLA 13/1",
		"cap": "34128",
		"comune": "TRIESTE",
		"provincia": "TS"
	}
	,
	{
		"codMec": "tsps02000r",
		"tipo": "LICEO SCIENTIFICO",
		"nome": "GALILEO GALILEI",
		"indirizzo": "VIA MAMELI, 4",
		"cap": "34139",
		"comune": "TRIESTE",
		"provincia": "TS"
	}
	,
	{
		"codMec": "tsps03000b",
		"tipo": "LICEO SCIENTIFICO",
		"nome": "GUGLIELMO OBERDAN",
		"indirizzo": "VIA VERONESE 1",
		"cap": "34144",
		"comune": "TRIESTE",
		"provincia": "TS"
	}
	,
	{
		"codMec": "tssd01000l",
		"tipo": "ISTITUTO D\\'ARTE",
		"nome": "ENRICO E UMBERTO NORDIO",
		"indirizzo": "VIA DI CALVOLA 2",
		"cap": "34143",
		"comune": "TRIESTE",
		"provincia": "TS"
	}
	,
	{
		"codMec": "tstd030007",
		"tipo": "IST TEC COMMERCIALE E PER GEOMETRI",
		"nome": "ZIGA ZOIS-L.INS.SLOVENA",
		"indirizzo": "VIA WEISS 15",
		"cap": "34128",
		"comune": "TRIESTE",
		"provincia": "TS"
	}
	,
	{
		"codMec": "tste03000p",
		"tipo": "ISTITUTO TECNICO PER ATTIVITA\\' SOCIALI (GIA\\' ITF)",
		"nome": "GRAZIA DELEDDA - MAX FABIANI",
		"indirizzo": "VIA MONTE SAN GABRIELE 48",
		"cap": "34134",
		"comune": "TRIESTE",
		"provincia": "TS"
	}
]