[
	{
		"codMec": "udtd010004",
		"tipo": "IST TEC COMMERCIALE E PER GEOMETRI",
		"nome": "ITC \"A. ZANON \" UDINE",
		"indirizzo": "PIAZZALE   CAVEDALIS 7",
		"cap": "33100",
		"comune": "UDINE",
		"provincia": "UD"
	}
	,
	{
		"codMec": "udtd02000p",
		"tipo": "IST TEC COMMERCIALE E PER GEOMETRI",
		"nome": "DEGANUTTI",
		"indirizzo": "VIALE      ARMANDO DIAZ 60/A",
		"cap": "33100",
		"comune": "UDINE",
		"provincia": "UD"
	}
	,
	{
		"codMec": "udic84100a",
		"tipo": "ISTITUTO COMPRENSIVO",
		"nome": "I - UDINE",
		"indirizzo": "VIA VAL DI RESIA, 13",
		"cap": "33100",
		"comune": "UDINE",
		"provincia": "UD"
	}
	,
	{
		"codMec": "udic842006",
		"tipo": "ISTITUTO COMPRENSIVO",
		"nome": "II - UDINE",
		"indirizzo": "VIA F. PETRARCA, 19",
		"cap": "33100",
		"comune": "UDINE",
		"provincia": "UD"
	}
	,
	{
		"codMec": "udic85800q",
		"tipo": "ISTITUTO COMPRENSIVO",
		"nome": "VI - UDINE",
		"indirizzo": "VIA XXV APRILE, 1",
		"cap": "33100",
		"comune": "UDINE",
		"provincia": "UD"
	}
	,
	{
		"codMec": "udic85700x",
		"tipo": "ISTITUTO COMPRENSIVO",
		"nome": "III - UDINE",
		"indirizzo": "VIA MAGRINI, 6",
		"cap": "33100",
		"comune": "UDINE",
		"provincia": "UD"
	}
	,
	{
		"codMec": "udic843002",
		"tipo": "ISTITUTO COMPRENSIVO",
		"nome": "IV - UDINE",
		"indirizzo": "VIA PRADAMANO, 21",
		"cap": "33100",
		"comune": "UDINE",
		"provincia": "UD"
	}
	,
	{
		"codMec": "udic84400t",
		"tipo": "ISTITUTO COMPRENSIVO",
		"nome": "V - UDINE",
		"indirizzo": "VIA DIVISIONE JULIA 1",
		"cap": "33100",
		"comune": "UDINE",
		"provincia": "UD"
	}
	,
	{
		"codMec": "udve01000b",
		"tipo": "EDUCANDATO",
		"nome": "UCCELLIS",
		"indirizzo": "VIA        GIOVANNI DA UDINE   20",
		"cap": "33100",
		"comune": "UDINE",
		"provincia": "UD"
	}
	,
	{
		"codMec": "udic856004",
		"tipo": "ISTITUTO COMPRENSIVO",
		"nome": "PASIAN DI PRATO",
		"indirizzo": "VIA L. DA VINCI, 23",
		"cap": "33037",
		"comune": "PASIAN DI PRATO",
		"provincia": "UD"
	}
	,
	{
		"codMec": "udic814002",
		"tipo": "ISTITUTO COMPRENSIVO",
		"nome": "ARTA E PAULARO",
		"indirizzo": "VIA        ROMA                37",
		"cap": "33027",
		"comune": "PAULARO",
		"provincia": "UD"
	}
	,
	{
		"codMec": "udic826008",
		"tipo": "ISTITUTO COMPRENSIVO",
		"nome": "ANTONIO COCEANI - PAVIA DI U",
		"indirizzo": "PIAZZA ZANFAGNINI, 2",
		"cap": "33050",
		"comune": "PAVIA DI UDINE",
		"provincia": "UD"
	}
	,
	{
		"codMec": "udic855008",
		"tipo": "ISTITUTO COMPRENSIVO",
		"nome": "POZZUOLO DEL FRIULI",
		"indirizzo": "VIA V? NOVARA 10/C",
		"cap": "33050",
		"comune": "POZZUOLO DEL FRIULI",
		"provincia": "UD"
	}
	,
	{
		"codMec": "udic83100q",
		"tipo": "ISTITUTO COMPRENSIVO",
		"nome": "PREMARIACCO",
		"indirizzo": "VIA MERCATO VECCHIO, 17",
		"cap": "33040",
		"comune": "PREMARIACCO",
		"provincia": "UD"
	}
	,
	{
		"codMec": "udic822001",
		"tipo": "ISTITUTO COMPRENSIVO",
		"nome": "CUORE DELLO STELLA - RIVIGNANO",
		"indirizzo": "VIA ALDO MORO, 1",
		"cap": "33061",
		"comune": "RIVIGNANO TEOR",
		"provincia": "UD"
	}
	,
	{
		"codMec": "udic85200r",
		"tipo": "ISTITUTO COMPRENSIVO",
		"nome": "SAN DANIELE DEL FRIULI",
		"indirizzo": "VIALE KENNEDY, 11",
		"cap": "33038",
		"comune": "SAN DANIELE DEL FRIULI",
		"provincia": "UD"
	}
	,
	{
		"codMec": "udis01200e",
		"tipo": "ISTITUTO SUPERIORE",
		"nome": "IS V. MANZINI",
		"indirizzo": "IV NOVEMBRE 4",
		"cap": "33038",
		"comune": "SAN DANIELE DEL FRIULI",
		"provincia": "UD"
	}
	,
	{
		"codMec": "udic83700p",
		"tipo": "ISTITUTO COMPRENSIVO",
		"nome": "\"UNIVERSITA\\' CASTRENSE\"",
		"indirizzo": "VIA GIOVANNI DA UDINE, 7",
		"cap": "33058",
		"comune": "SAN GIORGIO DI NOGARO",
		"provincia": "UD"
	}
	,
	{
		"codMec": "udic834007",
		"tipo": "ISTITUTO COMPRENSIVO",
		"nome": "I.C. BILINGUE",
		"indirizzo": "VIALE AZZIDA, 9",
		"cap": "33049",
		"comune": "SAN PIETRO AL NATISONE",
		"provincia": "UD"
	}
	,
	{
		"codMec": "udic813006",
		"tipo": "ISTITUTO COMPRENSIVO",
		"nome": "D. ALIGHIERI - SAN PIETRO AL N.",
		"indirizzo": "VIA CENTRO STUDI, 1",
		"cap": "33049",
		"comune": "SAN PIETRO AL NATISONE",
		"provincia": "UD"
	}
	,
	{
		"codMec": "udic819005",
		"tipo": "ISTITUTO COMPRENSIVO",
		"nome": "BASILIANO - SEDEGLIANO",
		"indirizzo": "VIA MARTIRI DELLA LIBERTA 19",
		"cap": "33039",
		"comune": "SEDEGLIANO",
		"provincia": "UD"
	}
	,
	{
		"codMec": "udic83000x",
		"tipo": "ISTITUTO COMPRENSIVO",
		"nome": "TARCENTO",
		"indirizzo": "VIALE MATTEOTTI, 56",
		"cap": "33017",
		"comune": "TARCENTO",
		"provincia": "UD"
	}
	,
	{
		"codMec": "udis00900p",
		"tipo": "ISTITUTO SUPERIORE",
		"nome": "ISTITUTO OMNICOMPRENSIVO I. BACHMANN",
		"indirizzo": "VIA  VITTORIO VENETO, 62",
		"cap": "33018",
		"comune": "TARVISIO",
		"provincia": "UD"
	}
	,
	{
		"codMec": "udic82900q",
		"tipo": "ISTITUTO COMPRENSIVO",
		"nome": "TAVAGNACCO",
		"indirizzo": "VIA MAZZINI 3",
		"cap": "33010",
		"comune": "TAVAGNACCO",
		"provincia": "UD"
	}
	,
	{
		"codMec": "udic821005",
		"tipo": "ISTITUTO COMPRENSIVO",
		"nome": "DESTRA TORRE - AIELLO DEL FR.",
		"indirizzo": "VIA MANZONI, 1",
		"cap": "33041",
		"comune": "AIELLO DEL FRIULI",
		"provincia": "UD"
	}
	,
	{
		"codMec": "udic82300r",
		"tipo": "ISTITUTO COMPRENSIVO",
		"nome": "VAL TAGLIAMENTO - AMPEZZO",
		"indirizzo": "VIA DELLA MAINA N.29",
		"cap": "33021",
		"comune": "AMPEZZO",
		"provincia": "UD"
	}
	,
	{
		"codMec": "udic84600d",
		"tipo": "ISTITUTO COMPRENSIVO",
		"nome": "DON LORENZO MILANI - AQUILEIA",
		"indirizzo": "VIA FERMI 4",
		"cap": "33051",
		"comune": "AQUILEIA",
		"provincia": "UD"
	}
	,
	{
		"codMec": "udic82800x",
		"tipo": "ISTITUTO COMPRENSIVO",
		"nome": "BUJA",
		"indirizzo": "VIA BRIGATA ROSSELLI, 6",
		"cap": "33030",
		"comune": "BUJA",
		"provincia": "UD"
	}
	,
	{
		"codMec": "udic847009",
		"tipo": "ISTITUTO COMPRENSIVO",
		"nome": "CERVIGNANO",
		"indirizzo": "VIA UDINE 37",
		"cap": "33052",
		"comune": "CERVIGNANO DEL FRIULI",
		"provincia": "UD"
	}
	,
	{
		"codMec": "udis01300a",
		"tipo": "ISTITUTO SUPERIORE",
		"nome": "DELLA BASSA FRIULANA",
		"indirizzo": "VIA RAMAZZOTTI, 41",
		"cap": "33052",
		"comune": "CERVIGNANO DEL FRIULI",
		"provincia": "UD"
	}
	,
	{
		"codMec": "udis007003",
		"tipo": "ISTITUTO SUPERIORE",
		"nome": "D\\'AQUILEIA",
		"indirizzo": "VIA ISTITUTO TECNICO AGRARIO 42 CORTE 1",
		"cap": "33043",
		"comune": "CIVIDALE DEL FRIULI",
		"provincia": "UD"
	}
	,
	{
		"codMec": "udic851001",
		"tipo": "ISTITUTO COMPRENSIVO",
		"nome": "CIVIDALE DEL FRIULI",
		"indirizzo": "VIA UDINE 15/2",
		"cap": "33043",
		"comune": "CIVIDALE DEL FRIULI",
		"provincia": "UD"
	}
	,
	{
		"codMec": "udvc01000c",
		"tipo": "CONVITTO ANNESSO",
		"nome": "CONVITTO NAZIONALE P. DIACONO",
		"indirizzo": "P.TTA CHIAROTTINI,         8",
		"cap": "33043",
		"comune": "CIVIDALE DEL FRIULI",
		"provincia": "UD"
	}
	,
	{
		"codMec": "udis01100p",
		"tipo": "ISTITUTO SUPERIORE",
		"nome": "IS J. LINUSSIO",
		"indirizzo": "VIA        CIRCONVALLAZIONE SUD N.29",
		"cap": "33033",
		"comune": "CODROIPO",
		"provincia": "UD"
	}
	,
	{
		"codMec": "udic849001",
		"tipo": "ISTITUTO COMPRENSIVO",
		"nome": "CODROIPO",
		"indirizzo": "VIA FRIULI, 14",
		"cap": "33033",
		"comune": "CODROIPO",
		"provincia": "UD"
	}
	,
	{
		"codMec": "udic80900e",
		"tipo": "ISTITUTO COMPRENSIVO",
		"nome": "M. GORTANI - COMEGLIANS",
		"indirizzo": "VIA ROMA 49/A",
		"cap": "33023",
		"comune": "COMEGLIANS",
		"provincia": "UD"
	}
	,
	{
		"codMec": "udic827004",
		"tipo": "ISTITUTO COMPRENSIVO",
		"nome": "ISTITUTO COMPRENSIVO DI FAEDIS",
		"indirizzo": "FAEDIS",
		"cap": "33040",
		"comune": "FAEDIS",
		"provincia": "UD"
	}
	,
	{
		"codMec": "udic818009",
		"tipo": "ISTITUTO COMPRENSIVO",
		"nome": "DIVISIONE JULIA - FAGAGNA",
		"indirizzo": "VIA        CASTELLO   N.1",
		"cap": "33034",
		"comune": "FAGAGNA",
		"provincia": "UD"
	}
	,
	{
		"codMec": "udis01800d",
		"tipo": "ISTITUTO SUPERIORE",
		"nome": "MAGRINI MARCHETTI",
		"indirizzo": "VIA PRAVIOLAI N.18",
		"cap": "33013",
		"comune": "GEMONA DEL FRIULI",
		"provincia": "UD"
	}
	,
	{
		"codMec": "udis006007",
		"tipo": "ISTITUTO SUPERIORE",
		"nome": "D\\'ARONCO",
		"indirizzo": "VIA        BATTIFERRO  7",
		"cap": "33013",
		"comune": "GEMONA DEL FRIULI",
		"provincia": "UD"
	}
	,
	{
		"codMec": "udic85300l",
		"tipo": "ISTITUTO COMPRENSIVO",
		"nome": "GEMONA DEL FRIULI",
		"indirizzo": "VIA DEI PIOPPI, 45",
		"cap": "33013",
		"comune": "GEMONA DEL FRIULI",
		"provincia": "UD"
	}
	,
	{
		"codMec": "udic83200g",
		"tipo": "ISTITUTO COMPRENSIVO",
		"nome": "GONARS",
		"indirizzo": "VIA VENEZIA, 2",
		"cap": "33050",
		"comune": "GONARS",
		"provincia": "UD"
	}
	,
	{
		"codMec": "udic835003",
		"tipo": "ISTITUTO COMPRENSIVO",
		"nome": "CECILIA DEGANUTTI - LATISANA",
		"indirizzo": "VIALE STAZIONE, 35",
		"cap": "33053",
		"comune": "LATISANA",
		"provincia": "UD"
	}
	,
	{
		"codMec": "udis00400g",
		"tipo": "ISTITUTO SUPERIORE",
		"nome": "\"E.MATTEI\"",
		"indirizzo": "VIA G.BOTTARI N.10",
		"cap": "33053",
		"comune": "LATISANA",
		"provincia": "UD"
	}
	,
	{
		"codMec": "udic83800e",
		"tipo": "ISTITUTO COMPRENSIVO",
		"nome": "LESTIZZA - TALMASSONS",
		"indirizzo": "VIA DELLE SCUOLE, 6",
		"cap": "33050",
		"comune": "LESTIZZA",
		"provincia": "UD"
	}
	,
	{
		"codMec": "udic81600n",
		"tipo": "ISTITUTO COMPRENSIVO",
		"nome": "G.CARDUCCI - LIGNANO SABBIADORO",
		"indirizzo": "VIALE EUROPA, 98",
		"cap": "33054",
		"comune": "LIGNANO-SABBIADORO",
		"provincia": "UD"
	}
	,
	{
		"codMec": "udic81500t",
		"tipo": "ISTITUTO COMPRENSIVO",
		"nome": "MAJANO E FORGARIA",
		"indirizzo": "VIALE G. SCHIRATTI, 1",
		"cap": "33030",
		"comune": "MAJANO",
		"provincia": "UD"
	}
	,
	{
		"codMec": "udic848005",
		"tipo": "ISTITUTO COMPRENSIVO",
		"nome": "MANZANO",
		"indirizzo": "VIA LIBERTA\\' 25",
		"cap": "33044",
		"comune": "MANZANO",
		"provincia": "UD"
	}
	,
	{
		"codMec": "udic850005",
		"tipo": "ISTITUTO COMPRENSIVO",
		"nome": "MARTIGNACCO",
		"indirizzo": "VIA LICINIANA, 78",
		"cap": "33035",
		"comune": "MARTIGNACCO",
		"provincia": "UD"
	}
	,
	{
		"codMec": "udic83900a",
		"tipo": "ISTITUTO COMPRENSIVO",
		"nome": "MORTEGLIANO-CASTIONS DI STRADA",
		"indirizzo": "VIA L. DA VINCI, 11",
		"cap": "33050",
		"comune": "MORTEGLIANO",
		"provincia": "UD"
	}
	,
	{
		"codMec": "udic81700d",
		"tipo": "ISTITUTO COMPRENSIVO",
		"nome": "G.B. TIEPOLO - PAGNACCO",
		"indirizzo": "PIAZZALE MARTIRI DELLE FOIBE, 2",
		"cap": "33010",
		"comune": "PAGNACCO",
		"provincia": "UD"
	}
	,
	{
		"codMec": "udic81100e",
		"tipo": "ISTITUTO COMPRENSIVO",
		"nome": "C.CAVOUR - PALAZZOLO",
		"indirizzo": "VIA    ROMA   20",
		"cap": "33056",
		"comune": "PALAZZOLO DELLO STELLA",
		"provincia": "UD"
	}
	,
	{
		"codMec": "udic83300b",
		"tipo": "ISTITUTO COMPRENSIVO",
		"nome": "PALMANOVA",
		"indirizzo": "VIA DANTE, 3",
		"cap": "33057",
		"comune": "PALMANOVA",
		"provincia": "UD"
	}
	,
	{
		"codMec": "udic81200a",
		"tipo": "ISTITUTO COMPRENSIVO",
		"nome": "A. MATIZ  -  PALUZZA",
		"indirizzo": "VIA        ROMA                42",
		"cap": "33026",
		"comune": "PALUZZA",
		"provincia": "UD"
	}
	,
	{
		"codMec": "udis019009",
		"tipo": "ISTITUTO SUPERIORE",
		"nome": "PASCHINI - LINUSSIO",
		"indirizzo": "VIA AMPEZZO N. 18",
		"cap": "33028",
		"comune": "TOLMEZZO",
		"provincia": "UD"
	}
	,
	{
		"codMec": "udis014006",
		"tipo": "ISTITUTO SUPERIORE",
		"nome": "F.SOLARI",
		"indirizzo": "VIA        A. MORO, 30",
		"cap": "33028",
		"comune": "TOLMEZZO",
		"provincia": "UD"
	}
	,
	{
		"codMec": "udic85400c",
		"tipo": "ISTITUTO COMPRENSIVO",
		"nome": "TOLMEZZO",
		"indirizzo": "VIA C. BATTISTI 10",
		"cap": "33028",
		"comune": "TOLMEZZO",
		"provincia": "UD"
	}
	,
	{
		"codMec": "udic84500n",
		"tipo": "ISTITUTO COMPRENSIVO",
		"nome": "TRASAGHIS",
		"indirizzo": "CENTRO STUDI - VIA LIBERTA\\', 13",
		"cap": "33010",
		"comune": "TRASAGHIS",
		"provincia": "UD"
	}
	,
	{
		"codMec": "udic820009",
		"tipo": "ISTITUTO COMPRENSIVO",
		"nome": "GIOVANNI XXIII - TRICESIMO",
		"indirizzo": "VIA VOLONTARI LIBERTA\\'  20",
		"cap": "33019",
		"comune": "TRICESIMO",
		"provincia": "UD"
	}
	,
	{
		"codMec": "udtl01000e",
		"tipo": "ISTITUTO TECNICO PER GEOMETRI",
		"nome": "ITG \"G.G. MARINONI\" UDINE",
		"indirizzo": "VIALE MONS. NOGARA, 2",
		"cap": "33100",
		"comune": "UDINE",
		"provincia": "UD"
	}
	,
	{
		"codMec": "udis01600t",
		"tipo": "ISTITUTO SUPERIORE",
		"nome": "ISIS \"A. MALIGNANI\" UDINE",
		"indirizzo": "VIALE LEONARDO DA VINCI 10",
		"cap": "33100",
		"comune": "UDINE",
		"provincia": "UD"
	}
	,
	{
		"codMec": "udis01700n",
		"tipo": "ISTITUTO SUPERIORE",
		"nome": "ISIS BONALDO STRINGHER",
		"indirizzo": "VIALE MONSIGNOR NOGARA",
		"cap": "33100",
		"comune": "UDINE",
		"provincia": "UD"
	}
	,
	{
		"codMec": "udmm098007",
		"tipo": "SCUOLA PRIMO GRADO",
		"nome": "CPIA 1 UDINE",
		"indirizzo": "VIA A.DIAZ 60",
		"cap": "33100",
		"comune": "UDINE",
		"provincia": "UD"
	}
	,
	{
		"codMec": "udpc010005",
		"tipo": "LICEO CLASSICO",
		"nome": "LICEO CLASSICO \"J. STELLINI\" UDINE",
		"indirizzo": "PIAZZA     I MAGGIO 26",
		"cap": "33100",
		"comune": "UDINE",
		"provincia": "UD"
	}
	,
	{
		"codMec": "udpm010009",
		"tipo": "ISTITUTO MAGISTRALE",
		"nome": "LICEO \"CATERINA PERCOTO\"",
		"indirizzo": "VIA PIER SILVERIO LEICHT",
		"cap": "33100",
		"comune": "UDINE",
		"provincia": "UD"
	}
	,
	{
		"codMec": "udps010008",
		"tipo": "LICEO SCIENTIFICO",
		"nome": "LICEO SCIENTIFICO  \"G. MARINELLI\" UDINE",
		"indirizzo": "VIALE LEONARDO DA VINCI, 4",
		"cap": "33100",
		"comune": "UDINE",
		"provincia": "UD"
	}
	,
	{
		"codMec": "udps05000p",
		"tipo": "LICEO SCIENTIFICO",
		"nome": "LICEO SCIENTIFICO \"N. COPERNICO\" UDINE",
		"indirizzo": "VIA  PLANIS, 25",
		"cap": "33100",
		"comune": "UDINE",
		"provincia": "UD"
	}
	,
	{
		"codMec": "udri040009",
		"tipo": "IST PROF INDUSTRIA E ARTIGIANATO",
		"nome": "IPSIA \"G. CECONI\" UDINE",
		"indirizzo": "VIA        MANZONI 6",
		"cap": "33100",
		"comune": "UDINE",
		"provincia": "UD"
	}
	,
	{
		"codMec": "udsd01000p",
		"tipo": "ISTITUTO D\\'ARTE",
		"nome": "LICEO ARTISTICO \"G. SELLO \" UD",
		"indirizzo": "PIAZZA       I MAGGIO 12/B",
		"cap": "33100",
		"comune": "UDINE",
		"provincia": "UD"
	}
]