[
	{
		"codMec": "vtis01100l",
		"tipo": "ISTITUTO SUPERIORE",
		"nome": "IST. OMNICOMPRENSIVO \"L. DA VINCI\"",
		"indirizzo": "VIA G. CARDUCCI SNC",
		"cap": "01021",
		"comune": "ACQUAPENDENTE",
		"provincia": "VT"
	}
	,
	{
		"codMec": "vtta020006",
		"tipo": "ISTITUTO TECNICO AGRARIO",
		"nome": "IST.  OMNICOMPRENSIVO \"F.LLI AGOSTI\"",
		"indirizzo": "VIALE  FRATELLI AGOSTI   7",
		"cap": "01022",
		"comune": "BAGNOREGIO",
		"provincia": "VT"
	}
	,
	{
		"codMec": "vtic82400e",
		"tipo": "ISTITUTO COMPRENSIVO",
		"nome": "I.C. BASSANO ROMANO",
		"indirizzo": "VIA        S.GRATILIANO        20",
		"cap": "01030",
		"comune": "BASSANO ROMANO",
		"provincia": "VT"
	}
	,
	{
		"codMec": "vtic804009",
		"tipo": "ISTITUTO COMPRENSIVO",
		"nome": "PAOLO III CANINO",
		"indirizzo": "VIA VULCI SNC",
		"cap": "01011",
		"comune": "CANINO",
		"provincia": "VT"
	}
	,
	{
		"codMec": "vtic82500a",
		"tipo": "ISTITUTO COMPRENSIVO",
		"nome": "I.C. CAPRANICA",
		"indirizzo": "VIA MADRE TERESA DI CALCUTTA",
		"cap": "01012",
		"comune": "CAPRANICA",
		"provincia": "VT"
	}
	,
	{
		"codMec": "vtrh01000x",
		"tipo": "IST PROF  ALBERGHIERO",
		"nome": "\"A. FARNESE\" - CAPRAROLA",
		"indirizzo": "VIALE REGINA MARGHERITA 2",
		"cap": "01032",
		"comune": "CAPRAROLA",
		"provincia": "VT"
	}
	,
	{
		"codMec": "vtic80900c",
		"tipo": "ISTITUTO COMPRENSIVO",
		"nome": "I.C. ROBERTO MARCHINI",
		"indirizzo": "VIALE DELLA REPUBBLICA S.N.C.",
		"cap": "01032",
		"comune": "CAPRAROLA",
		"provincia": "VT"
	}
	,
	{
		"codMec": "vtic81700b",
		"tipo": "ISTITUTO COMPRENSIVO",
		"nome": "I.C. D. ALIGHIERI CIVITA CASTEL",
		"indirizzo": "VIA  PALMIRO TOGLIATTI 1",
		"cap": "01033",
		"comune": "CIVITA CASTELLANA",
		"provincia": "VT"
	}
	,
	{
		"codMec": "vtic81600g",
		"tipo": "ISTITUTO COMPRENSIVO",
		"nome": "IST.COMPR. XXV APRILE",
		"indirizzo": "VIALE A. GRAMSCI 2.4.6",
		"cap": "01033",
		"comune": "CIVITA CASTELLANA",
		"provincia": "VT"
	}
	,
	{
		"codMec": "vtis006005",
		"tipo": "ISTITUTO SUPERIORE",
		"nome": "IST.SUP.STAT.\"GIUSEPPE COLASANTI\"",
		"indirizzo": "VIA ENRICO BERLINGUER S.N.C.",
		"cap": "01033",
		"comune": "CIVITA CASTELLANA",
		"provincia": "VT"
	}
	,
	{
		"codMec": "vtis007001",
		"tipo": "ISTITUTO SUPERIORE",
		"nome": "U. MIDOSSI",
		"indirizzo": "VIA    PETRARCA SNC",
		"cap": "01033",
		"comune": "CIVITA CASTELLANA",
		"provincia": "VT"
	}
	,
	{
		"codMec": "vtic812008",
		"tipo": "ISTITUTO COMPRENSIVO",
		"nome": "I.C.  FABRICA DI ROMA",
		"indirizzo": "PIAZZA     DANTE ALIGHIERI",
		"cap": "01034",
		"comune": "FABRICA DI ROMA",
		"provincia": "VT"
	}
	,
	{
		"codMec": "vtic819003",
		"tipo": "ISTITUTO COMPRENSIVO",
		"nome": "I.C. GROTTE DI CASTRO",
		"indirizzo": "VIA A. RUSPANTINI,11",
		"cap": "01025",
		"comune": "GROTTE DI CASTRO",
		"provincia": "VT"
	}
	,
	{
		"codMec": "vtic805005",
		"tipo": "ISTITUTO COMPRENSIVO",
		"nome": "I.C. MONTALTO DI CASTRO",
		"indirizzo": "VIALE GIULIO CESARE  S.N.C.",
		"cap": "01014",
		"comune": "MONTALTO DI CASTRO",
		"provincia": "VT"
	}
	,
	{
		"codMec": "vtis00900l",
		"tipo": "ISTITUTO SUPERIORE",
		"nome": "C.A. DALLA CHIESA",
		"indirizzo": "VIA A. MORO 1",
		"cap": "01027",
		"comune": "MONTEFIASCONE",
		"provincia": "VT"
	}
	,
	{
		"codMec": "vtic813004",
		"tipo": "ISTITUTO COMPRENSIVO",
		"nome": "IC VIGNANELLO",
		"indirizzo": "VIA DEI DONATORI DI SANGUE, 3",
		"cap": "01039",
		"comune": "VIGNANELLO",
		"provincia": "VT"
	}
	,
	{
		"codMec": "vttd07000n",
		"tipo": "IST TEC COMMERCIALE E PER GEOMETRI",
		"nome": "\"P. SAVI\" - VITERBO",
		"indirizzo": "V.LE R. CAPOCCI, 36",
		"cap": "01100",
		"comune": "VITERBO",
		"provincia": "VT"
	}
	,
	{
		"codMec": "vtps010006",
		"tipo": "LICEO SCIENTIFICO",
		"nome": "\"P. RUFFINI\" - VITERBO",
		"indirizzo": "PIAZZA DANTE ALIGHIERI N. 13",
		"cap": "01100",
		"comune": "VITERBO",
		"provincia": "VT"
	}
	,
	{
		"codMec": "vtpm010007",
		"tipo": "ISTITUTO MAGISTRALE",
		"nome": "\"S. ROSA DA VITERBO\"",
		"indirizzo": "VIA        S.PIETRO 27",
		"cap": "01100",
		"comune": "VITERBO",
		"provincia": "VT"
	}
	,
	{
		"codMec": "vtpc010003",
		"tipo": "LICEO CLASSICO",
		"nome": "\"M.  BURATTI\" - VITERBO",
		"indirizzo": "VIA T. CARLETTI, 8",
		"cap": "01100",
		"comune": "VITERBO",
		"provincia": "VT"
	}
	,
	{
		"codMec": "vtmm047008",
		"tipo": "SCUOLA PRIMO GRADO",
		"nome": "CPIA 6 - VITERBO",
		"indirizzo": "VIA DEL PARADISO 4",
		"cap": "01100",
		"comune": "VITERBO",
		"provincia": "VT"
	}
	,
	{
		"codMec": "vtis00800r",
		"tipo": "ISTITUTO SUPERIORE",
		"nome": "I.I.S. \"F. ORIOLI\"",
		"indirizzo": "VIA        VILLANOVA S.N.C.",
		"cap": "01100",
		"comune": "VITERBO",
		"provincia": "VT"
	}
	,
	{
		"codMec": "vtic835001",
		"tipo": "ISTITUTO COMPRENSIVO",
		"nome": "I.C.CARMINE VITERBO",
		"indirizzo": "STRADA SALAMARO SNC",
		"cap": "01100",
		"comune": "VITERBO",
		"provincia": "VT"
	}
	,
	{
		"codMec": "vtic834005",
		"tipo": "ISTITUTO COMPRENSIVO",
		"nome": "I.C. ELLERA VITERBO",
		"indirizzo": "PIAZZA GUSTAVO ADOLFO 1",
		"cap": "01100",
		"comune": "VITERBO",
		"provincia": "VT"
	}
	,
	{
		"codMec": "vtic833009",
		"tipo": "ISTITUTO COMPRENSIVO",
		"nome": "I.C. CANEVARI  VITERBO",
		"indirizzo": "VIA  C.CATTANEO 5/7",
		"cap": "01100",
		"comune": "VITERBO",
		"provincia": "VT"
	}
	,
	{
		"codMec": "vtic83200d",
		"tipo": "ISTITUTO COMPRENSIVO",
		"nome": "I.C VANNI  VITERBO",
		"indirizzo": "VIA  CARLO CATTANEO, 9",
		"cap": "01100",
		"comune": "VITERBO",
		"provincia": "VT"
	}
	,
	{
		"codMec": "vttf010008",
		"tipo": "ISTITUTO TECNICO INDUSTRIALE",
		"nome": "\"L. DA VINCI\" - VITERBO",
		"indirizzo": "VIA ALESSANDRO VOLTA 26",
		"cap": "01100",
		"comune": "VITERBO",
		"provincia": "VT"
	}
	,
	{
		"codMec": "vtic82900n",
		"tipo": "ISTITUTO COMPRENSIVO",
		"nome": "I.C. LUIGI FANTAPPIE VITERBO",
		"indirizzo": "VIA     VETULONIA    44",
		"cap": "01100",
		"comune": "VITERBO",
		"provincia": "VT"
	}
	,
	{
		"codMec": "vtic80800l",
		"tipo": "ISTITUTO COMPRENSIVO",
		"nome": "I.C. PIO FEDI GROTTE S STEFANO",
		"indirizzo": "VIA        PUGLIA  25",
		"cap": "01026",
		"comune": "VITERBO",
		"provincia": "VT"
	}
	,
	{
		"codMec": "vtic83100n",
		"tipo": "ISTITUTO COMPRENSIVO",
		"nome": "I.C. EGIDI VITERBO",
		"indirizzo": "PIAZZA     GUSTAVO VI ADOLFO SNC",
		"cap": "01100",
		"comune": "VITERBO",
		"provincia": "VT"
	}
	,
	{
		"codMec": "vtic82800t",
		"tipo": "ISTITUTO COMPRENSIVO",
		"nome": "I.C. MONTEFIASCONE",
		"indirizzo": "VIA CASSIA NUOVA, 1",
		"cap": "01027",
		"comune": "MONTEFIASCONE",
		"provincia": "VT"
	}
	,
	{
		"codMec": "vtic81400x",
		"tipo": "ISTITUTO COMPRENSIVO",
		"nome": "I.C. STRADELLA NEPI",
		"indirizzo": "VIA  ROMA   N.  71",
		"cap": "01036",
		"comune": "NEPI",
		"provincia": "VT"
	}
	,
	{
		"codMec": "vtis00400d",
		"tipo": "ISTITUTO SUPERIORE",
		"nome": "IST. OMNICOMPRENSIVO ORTE",
		"indirizzo": "VIA DEL CAMPO SPORTIVO 22",
		"cap": "01028",
		"comune": "ORTE",
		"provincia": "VT"
	}
	,
	{
		"codMec": "vtps03000b",
		"tipo": "LICEO SCIENTIFICO",
		"nome": "\" A. MEUCCI\" - RONCIGLIONE",
		"indirizzo": "CORSO UMBERTO I N.24",
		"cap": "01037",
		"comune": "RONCIGLIONE",
		"provincia": "VT"
	}
	,
	{
		"codMec": "vtic81000l",
		"tipo": "ISTITUTO COMPRENSIVO",
		"nome": "I.C. VIRGILI RONCIGLIONE",
		"indirizzo": "VIA DELLE VIGNE",
		"cap": "01037",
		"comune": "RONCIGLIONE",
		"provincia": "VT"
	}
	,
	{
		"codMec": "vtic82200v",
		"tipo": "ISTITUTO COMPRENSIVO",
		"nome": "I.C. MONACI  SORIANO NEL CIMINO",
		"indirizzo": "VIALE E. MONACI 37",
		"cap": "01038",
		"comune": "SORIANO NEL CIMINO",
		"provincia": "VT"
	}
	,
	{
		"codMec": "vtic81100c",
		"tipo": "ISTITUTO COMPRENSIVO",
		"nome": "I.C. ALDO MORO SUTRI",
		"indirizzo": "VIA        MARTIRI DI VIA FANI,18",
		"cap": "01015",
		"comune": "SUTRI",
		"provincia": "VT"
	}
	,
	{
		"codMec": "vtis001002",
		"tipo": "ISTITUTO SUPERIORE",
		"nome": "VINCENZO CARDARELLI",
		"indirizzo": "STRADA PROV.LE PORTO CLEMENTINO, SNC",
		"cap": "01016",
		"comune": "TARQUINIA",
		"provincia": "VT"
	}
	,
	{
		"codMec": "vtic821003",
		"tipo": "ISTITUTO COMPRENSIVO",
		"nome": "I.C. SACCONI TARQUINIA",
		"indirizzo": "VIA UMBERTO I, 7",
		"cap": "01016",
		"comune": "TARQUINIA",
		"provincia": "VT"
	}
	,
	{
		"codMec": "vtic820007",
		"tipo": "ISTITUTO COMPRENSIVO",
		"nome": "I.C. RIDOLFI TUSCANIA",
		"indirizzo": "VIALE TRIESTE 2",
		"cap": "01017",
		"comune": "TUSCANIA",
		"provincia": "VT"
	}
	,
	{
		"codMec": "vtic80100t",
		"tipo": "ISTITUTO COMPRENSIVO",
		"nome": "I.C. \" PAOLO RUFFINI \"",
		"indirizzo": "VIA DEL POGGIO N.30",
		"cap": "01018",
		"comune": "VALENTANO",
		"provincia": "VT"
	}
	,
	{
		"codMec": "vtic826006",
		"tipo": "ISTITUTO COMPRENSIVO",
		"nome": "I.C.VASANELLO",
		"indirizzo": "VIA        I.SILONE",
		"cap": "01030",
		"comune": "VASANELLO",
		"provincia": "VT"
	}
	,
	{
		"codMec": "vtic83600r",
		"tipo": "ISTITUTO COMPRENSIVO",
		"nome": "I.C. PZZA MARCONI VETRALLA",
		"indirizzo": "PIAZZA MARCONI 37",
		"cap": "01019",
		"comune": "VETRALLA",
		"provincia": "VT"
	}
	,
	{
		"codMec": "vtic82300p",
		"tipo": "ISTITUTO COMPRENSIVO",
		"nome": "I.C. VETRALLA",
		"indirizzo": "VIA CASSIA SUTRINA SNC",
		"cap": "01019",
		"comune": "VETRALLA",
		"provincia": "VT"
	}
	,
	{
		"codMec": "vtis00200t",
		"tipo": "ISTITUTO SUPERIORE",
		"nome": "PIETRO CANONICA",
		"indirizzo": "VIA DONATORI DEL SANGUE, S.N.C.",
		"cap": "01019",
		"comune": "VETRALLA",
		"provincia": "VT"
	}
]