[
	{
		"codMec": "agis00800p",
		"tipo": "ISTITUTO SUPERIORE",
		"nome": "IS        TOMMASO FAZELLO",
		"indirizzo": "VIA        ALCIDE DE GASPERI 10",
		"cap": "92019",
		"comune": "SCIACCA",
		"provincia": "AG"
	}
	,
	{
		"codMec": "agic84500d",
		"tipo": "ISTITUTO COMPRENSIVO",
		"nome": "IC     MARIANO ROSSI",
		"indirizzo": "VIA  E. DE NICOLA, 2/C",
		"cap": "92019",
		"comune": "SCIACCA",
		"provincia": "AG"
	}
	,
	{
		"codMec": "agic84400n",
		"tipo": "ISTITUTO COMPRENSIVO",
		"nome": "IC DANTE ALIGHIERI",
		"indirizzo": "VIA        MODIGLIANI          43",
		"cap": "92019",
		"comune": "SCIACCA",
		"provincia": "AG"
	}
	,
	{
		"codMec": "agee035001",
		"tipo": "CIRCOLO DIDATTICO",
		"nome": "DD 2? CIRCOLO - S.AGOSTINO",
		"indirizzo": "VIALE DELLA VITTORIA",
		"cap": "92019",
		"comune": "SCIACCA",
		"provincia": "AG"
	}
	,
	{
		"codMec": "agee034005",
		"tipo": "CIRCOLO DIDATTICO",
		"nome": "DD 1? CIRCOLO - GIOVANNI XXIII",
		"indirizzo": "VIA G. LICATA 18",
		"cap": "92019",
		"comune": "SCIACCA",
		"provincia": "AG"
	}
	,
	{
		"codMec": "agic84900r",
		"tipo": "ISTITUTO COMPRENSIVO",
		"nome": "IC      SALVATORE QUASIMODO",
		"indirizzo": "VIA CAPPELLINI N.1",
		"cap": "92027",
		"comune": "LICATA",
		"provincia": "AG"
	}
	,
	{
		"codMec": "agis01100e",
		"tipo": "ISTITUTO SUPERIORE",
		"nome": "I.I.S. E. FERMI",
		"indirizzo": "VIA F.RE GRILLO SN",
		"cap": "92027",
		"comune": "LICATA",
		"provincia": "AG"
	}
	,
	{
		"codMec": "agic83600p",
		"tipo": "ISTITUTO COMPRENSIVO",
		"nome": "IC S.BIVONA",
		"indirizzo": "C/DA       SOCCORSO",
		"cap": "92013",
		"comune": "MENFI",
		"provincia": "AG"
	}
	,
	{
		"codMec": "agic85300c",
		"tipo": "ISTITUTO COMPRENSIVO",
		"nome": "I.C.    \"  S.G.BOSCO \"",
		"indirizzo": "VIA DANTE,",
		"cap": "92028",
		"comune": "NARO",
		"provincia": "AG"
	}
	,
	{
		"codMec": "agic847005",
		"tipo": "ISTITUTO COMPRENSIVO",
		"nome": "IC      LORENZO MILANI",
		"indirizzo": "VIA PIETRO NENNI",
		"cap": "92020",
		"comune": "PALMA DI MONTECHIARO",
		"provincia": "AG"
	}
	,
	{
		"codMec": "agee02400e",
		"tipo": "CIRCOLO DIDATTICO",
		"nome": "CD     PROVENZANI",
		"indirizzo": "VIA LEONARDO DA VINCI, 50",
		"cap": "92020",
		"comune": "PALMA DI MONTECHIARO",
		"provincia": "AG"
	}
	,
	{
		"codMec": "agic83800a",
		"tipo": "ISTITUTO COMPRENSIVO",
		"nome": "IC      \"F.E. CANGIAMILA\"",
		"indirizzo": "CORSA     BRANCATELLO",
		"cap": "92020",
		"comune": "PALMA DI MONTECHIARO",
		"provincia": "AG"
	}
	,
	{
		"codMec": "agic850001",
		"tipo": "ISTITUTO COMPRENSIVO",
		"nome": "IC A. D\\'ARRIGO- G. TOMASI LAMP.",
		"indirizzo": "VIALE PIRANDELLO, 3",
		"cap": "92020",
		"comune": "PALMA DI MONTECHIARO",
		"provincia": "AG"
	}
	,
	{
		"codMec": "agis022001",
		"tipo": "ISTITUTO SUPERIORE",
		"nome": "IS G.B. ODIERNA",
		"indirizzo": "CORSO SICILIA",
		"cap": "92020",
		"comune": "PALMA DI MONTECHIARO",
		"provincia": "AG"
	}
	,
	{
		"codMec": "agic84000a",
		"tipo": "ISTITUTO COMPRENSIVO",
		"nome": "IC      PIRANDELLO",
		"indirizzo": "VIA MOLO, 2",
		"cap": "92014",
		"comune": "PORTO EMPEDOCLE",
		"provincia": "AG"
	}
	,
	{
		"codMec": "agic86400v",
		"tipo": "ISTITUTO COMPRENSIVO",
		"nome": "IC     LIVATINO",
		"indirizzo": "VIA ALDO MORO,1",
		"cap": "92014",
		"comune": "PORTO EMPEDOCLE",
		"provincia": "AG"
	}
	,
	{
		"codMec": "agic85100r",
		"tipo": "ISTITUTO COMPRENSIVO",
		"nome": "I.C.  GEN.LE  MACALUSO",
		"indirizzo": "VIA GARIBALDI N. 37",
		"cap": "92020",
		"comune": "RACALMUTO",
		"provincia": "AG"
	}
	,
	{
		"codMec": "agic863003",
		"tipo": "ISTITUTO COMPRENSIVO",
		"nome": "I.C. GARIBALDI - CAPUANA",
		"indirizzo": "VIA P.PALERMO,223",
		"cap": "92015",
		"comune": "RAFFADALI",
		"provincia": "AG"
	}
	,
	{
		"codMec": "agic854008",
		"tipo": "ISTITUTO COMPRENSIVO",
		"nome": "I.C. \"   MANZONI   \"",
		"indirizzo": "VIA BELLINI",
		"cap": "92015",
		"comune": "RAFFADALI",
		"provincia": "AG"
	}
	,
	{
		"codMec": "agic805003",
		"tipo": "ISTITUTO COMPRENSIVO",
		"nome": "IC       \"G. GALILEI\"",
		"indirizzo": "VIA      VENEZUELA",
		"cap": "92015",
		"comune": "RAFFADALI",
		"provincia": "AG"
	}
	,
	{
		"codMec": "agis02400l",
		"tipo": "ISTITUTO SUPERIORE",
		"nome": "IS ENRICO FERMI",
		"indirizzo": "VIA MINIERA TACCIA CACI PIRANDELLO S.N.C.",
		"cap": "92021",
		"comune": "ARAGONA",
		"provincia": "AG"
	}
	,
	{
		"codMec": "agic846009",
		"tipo": "ISTITUTO COMPRENSIVO",
		"nome": "IC L. CAPUANA",
		"indirizzo": "VIA GARIBALDI 234",
		"cap": "92021",
		"comune": "ARAGONA",
		"provincia": "AG"
	}
	,
	{
		"codMec": "agis01700d",
		"tipo": "ISTITUTO SUPERIORE",
		"nome": "I.I.S.S.  \"LUIGI PIRANDELLO\"",
		"indirizzo": "CONTRADA   PARATORE N. 135",
		"cap": "92010",
		"comune": "BIVONA",
		"provincia": "AG"
	}
	,
	{
		"codMec": "agic826004",
		"tipo": "ISTITUTO COMPRENSIVO",
		"nome": "IC      A.G.RONCALLI",
		"indirizzo": "VIA        LEONE 11",
		"cap": "92010",
		"comune": "BURGIO",
		"provincia": "AG"
	}
	,
	{
		"codMec": "agic82700x",
		"tipo": "ISTITUTO COMPRENSIVO",
		"nome": "IC GIOVANNI XXIII",
		"indirizzo": "LARGO DEI PINI S.N.",
		"cap": "92022",
		"comune": "CAMMARATA",
		"provincia": "AG"
	}
	,
	{
		"codMec": "agis026008",
		"tipo": "ISTITUTO SUPERIORE",
		"nome": "II.SS.    ARCHIMEDE\"",
		"indirizzo": "VIA G. BONFIGLIO,44",
		"cap": "92022",
		"comune": "CAMMARATA",
		"provincia": "AG"
	}
	,
	{
		"codMec": "agic82800q",
		"tipo": "ISTITUTO COMPRENSIVO",
		"nome": "IC S. G. BOSCO",
		"indirizzo": "VIA GE. CASCINO 128",
		"cap": "92023",
		"comune": "CAMPOBELLO DI LICATA",
		"provincia": "AG"
	}
	,
	{
		"codMec": "agee01100c",
		"tipo": "CIRCOLO DIDATTICO",
		"nome": "CD      DON BOSCO",
		"indirizzo": "VIA PIRANDELLO",
		"cap": "92024",
		"comune": "CANICATTI\\'",
		"provincia": "AG"
	}
	,
	{
		"codMec": "agic81500n",
		"tipo": "ISTITUTO COMPRENSIVO",
		"nome": "IC    \"GANGITANO\"  CANICATTI\\'",
		"indirizzo": "VIA PIRANDELLO,1",
		"cap": "92024",
		"comune": "CANICATTI\\'",
		"provincia": "AG"
	}
	,
	{
		"codMec": "agic82900g",
		"tipo": "ISTITUTO COMPRENSIVO",
		"nome": "IC  MARIO RAPISARDI",
		"indirizzo": "VIA  ROSOLINO PILO",
		"cap": "92024",
		"comune": "CANICATTI\\'",
		"provincia": "AG"
	}
	,
	{
		"codMec": "agic83000q",
		"tipo": "ISTITUTO COMPRENSIVO",
		"nome": "IC    G.VERGA",
		"indirizzo": "VIA VERGA, 1",
		"cap": "92024",
		"comune": "CANICATTI\\'",
		"provincia": "AG"
	}
	,
	{
		"codMec": "agic862007",
		"tipo": "ISTITUTO COMPRENSIVO",
		"nome": "IC    DON BOSCO",
		"indirizzo": "VIA PIRANDELLO",
		"cap": "92024",
		"comune": "CANICATTI\\'",
		"provincia": "AG"
	}
	,
	{
		"codMec": "agis00100x",
		"tipo": "ISTITUTO SUPERIORE",
		"nome": "IS        UGO FOSCOLO",
		"indirizzo": "VIA PIRANDELLO, 6",
		"cap": "92024",
		"comune": "CANICATTI\\'",
		"provincia": "AG"
	}
	,
	{
		"codMec": "agis027004",
		"tipo": "ISTITUTO SUPERIORE",
		"nome": "II.SS.  GALILEO GALILEI",
		"indirizzo": "VIA        PIRANDELLO 4",
		"cap": "92024",
		"comune": "CANICATTI\\'",
		"provincia": "AG"
	}
	,
	{
		"codMec": "agis00200q",
		"tipo": "ISTITUTO SUPERIORE",
		"nome": "IS       \"MADRE TERESA DI CALCUTTA\"",
		"indirizzo": "VIALE      KENNEDY  29",
		"cap": "92025",
		"comune": "CASTELTERMINI",
		"provincia": "AG"
	}
	,
	{
		"codMec": "agic85200l",
		"tipo": "ISTITUTO COMPRENSIVO",
		"nome": "IC DE COSMI",
		"indirizzo": "PIAZZA MAZZINI",
		"cap": "92025",
		"comune": "CASTELTERMINI",
		"provincia": "AG"
	}
	,
	{
		"codMec": "agic80700p",
		"tipo": "ISTITUTO COMPRENSIVO",
		"nome": "IC \"E. CONTINO\"",
		"indirizzo": "LARGO PERTINI",
		"cap": "92011",
		"comune": "CATTOLICA ERACLEA",
		"provincia": "AG"
	}
	,
	{
		"codMec": "agpm02000q",
		"tipo": "ISTITUTO MAGISTRALE",
		"nome": "LICEO STATALE \" MARTIN LUTHER KING\"",
		"indirizzo": "VIALE PIETRO NENNI 136",
		"cap": "92026",
		"comune": "FAVARA",
		"provincia": "AG"
	}
	,
	{
		"codMec": "agic86100b",
		"tipo": "ISTITUTO COMPRENSIVO",
		"nome": "I.C. \"FALCONE  -  BORSELLINO\"",
		"indirizzo": "RAG.ANGELA D\\'ORO",
		"cap": "92026",
		"comune": "FAVARA",
		"provincia": "AG"
	}
	,
	{
		"codMec": "agic85900b",
		"tipo": "ISTITUTO COMPRENSIVO",
		"nome": "IC GAETANO GUARINO",
		"indirizzo": "VIA CAPITANO EMANUELE BASILE  S.N.C.",
		"cap": "92026",
		"comune": "FAVARA",
		"provincia": "AG"
	}
	,
	{
		"codMec": "agic85800g",
		"tipo": "ISTITUTO COMPRENSIVO",
		"nome": "I.C. BERSAGLIERE URSO - MENDOLA",
		"indirizzo": "VIA BERSAGLIERE URSO",
		"cap": "92026",
		"comune": "FAVARA",
		"provincia": "AG"
	}
	,
	{
		"codMec": "agrh02000c",
		"tipo": "IST PROF  ALBERGHIERO",
		"nome": "IPSSA           G.AMBROSINI",
		"indirizzo": "VIA CHE GUEVARA",
		"cap": "92026",
		"comune": "FAVARA",
		"provincia": "AG"
	}
	,
	{
		"codMec": "agic83100g",
		"tipo": "ISTITUTO COMPRENSIVO",
		"nome": "IC     \"V.BRANCATI\"",
		"indirizzo": "VIA GROTTE",
		"cap": "92026",
		"comune": "FAVARA",
		"provincia": "AG"
	}
	,
	{
		"codMec": "agic83200b",
		"tipo": "ISTITUTO COMPRENSIVO",
		"nome": "IC   \"A. RONCALLI\"",
		"indirizzo": "VIA ACQUANOVA SNC",
		"cap": "92020",
		"comune": "GROTTE",
		"provincia": "AG"
	}
	,
	{
		"codMec": "agic81000e",
		"tipo": "ISTITUTO COMPRENSIVO",
		"nome": "IC L. PIRANDELLO",
		"indirizzo": "VIA        ENNA",
		"cap": "92010",
		"comune": "LAMPEDUSA E LINOSA",
		"provincia": "AG"
	}
	,
	{
		"codMec": "agic833007",
		"tipo": "ISTITUTO COMPRENSIVO",
		"nome": "IC     GIACOMO LEOPARDI",
		"indirizzo": "VIA        A. LICATA      S.N.C.",
		"cap": "92027",
		"comune": "LICATA",
		"provincia": "AG"
	}
	,
	{
		"codMec": "agic848001",
		"tipo": "ISTITUTO COMPRENSIVO",
		"nome": "IC      FRANCESCO GIORGIO",
		"indirizzo": "VIA DANTE 14",
		"cap": "92027",
		"comune": "LICATA",
		"provincia": "AG"
	}
	,
	{
		"codMec": "agis013006",
		"tipo": "ISTITUTO SUPERIORE",
		"nome": "I.I.S.S \"F. RE CAPRIATA\"",
		"indirizzo": "VIA   CAMPOBELLO",
		"cap": "92027",
		"comune": "LICATA",
		"provincia": "AG"
	}
	,
	{
		"codMec": "agpc060002",
		"tipo": "LICEO CLASSICO",
		"nome": "LICEO \"VINCENZO LINARES\"",
		"indirizzo": "VIA  PROF. S. MALFITANO, 2",
		"cap": "92027",
		"comune": "LICATA",
		"provincia": "AG"
	}
	,
	{
		"codMec": "agic834003",
		"tipo": "ISTITUTO COMPRENSIVO",
		"nome": "IC     G.MARCONI",
		"indirizzo": "VIA EGITTO",
		"cap": "92027",
		"comune": "LICATA",
		"provincia": "AG"
	}
	,
	{
		"codMec": "agic841006",
		"tipo": "ISTITUTO COMPRENSIVO",
		"nome": "IC     A.MANZONI",
		"indirizzo": "VIA        TINTORIA",
		"cap": "92029",
		"comune": "RAVANUSA",
		"provincia": "AG"
	}
	,
	{
		"codMec": "agis018009",
		"tipo": "ISTITUTO SUPERIORE",
		"nome": "I.I.S.    GIUDICI SAETTA E LIVATINO",
		"indirizzo": "VIA        LAURICELLA   2",
		"cap": "92029",
		"comune": "RAVANUSA",
		"provincia": "AG"
	}
	,
	{
		"codMec": "agic819001",
		"tipo": "ISTITUTO COMPRENSIVO",
		"nome": "IC \"G. GARIBALDI\"",
		"indirizzo": "VIA PORTELLA GINESTRA, 12",
		"cap": "92010",
		"comune": "REALMONTE",
		"provincia": "AG"
	}
	,
	{
		"codMec": "agic85600x",
		"tipo": "ISTITUTO COMPRENSIVO",
		"nome": "I.C.   DON BOSCO",
		"indirizzo": "VIA PLATANIA  N. 13",
		"cap": "92016",
		"comune": "RIBERA",
		"provincia": "AG"
	}
	,
	{
		"codMec": "agic85700q",
		"tipo": "ISTITUTO COMPRENSIVO",
		"nome": "I.C. F. CRISPI",
		"indirizzo": "P.ZZA G.CESARE 1",
		"cap": "92016",
		"comune": "RIBERA",
		"provincia": "AG"
	}
	,
	{
		"codMec": "agic84300t",
		"tipo": "ISTITUTO COMPRENSIVO",
		"nome": "IC    VINCENZO NAVARRO",
		"indirizzo": "VIA   IMBORNONE",
		"cap": "92016",
		"comune": "RIBERA",
		"provincia": "AG"
	}
	,
	{
		"codMec": "agis021005",
		"tipo": "ISTITUTO SUPERIORE",
		"nome": "I.I.S.S.   FRANCESCO CRISPI",
		"indirizzo": "VIA PRESTI, 2",
		"cap": "92016",
		"comune": "RIBERA",
		"provincia": "AG"
	}
	,
	{
		"codMec": "agic817009",
		"tipo": "ISTITUTO COMPRENSIVO",
		"nome": "IC      F. FELICE DA SAMBUCA",
		"indirizzo": "VIA E. BERLINGUER, 40",
		"cap": "92017",
		"comune": "SAMBUCA DI SICILIA",
		"provincia": "AG"
	}
	,
	{
		"codMec": "agic818005",
		"tipo": "ISTITUTO COMPRENSIVO",
		"nome": "IC       GIOVANNI PHILIPPONE",
		"indirizzo": "VIA SACRAMENTO, 106",
		"cap": "92020",
		"comune": "SAN GIOVANNI GEMINI",
		"provincia": "AG"
	}
	,
	{
		"codMec": "agic80800e",
		"tipo": "ISTITUTO COMPRENSIVO",
		"nome": "IC      G.T.LAMPEDUSA",
		"indirizzo": "VIA PORDENONE",
		"cap": "92018",
		"comune": "SANTA MARGHERITA DI BELICE",
		"provincia": "AG"
	}
	,
	{
		"codMec": "agic813002",
		"tipo": "ISTITUTO COMPRENSIVO",
		"nome": "IC      MAESTRO L. PANEPINTO",
		"indirizzo": "VIA LIBERO ATTARDI, 29",
		"cap": "92020",
		"comune": "SANTO STEFANO QUISQUINA",
		"provincia": "AG"
	}
	,
	{
		"codMec": "agps02000p",
		"tipo": "LICEO SCIENTIFICO",
		"nome": "LS          ENRICO FERMI",
		"indirizzo": "VIA PARMA N. 1",
		"cap": "92019",
		"comune": "SCIACCA",
		"provincia": "AG"
	}
	,
	{
		"codMec": "agmm054009",
		"tipo": "SCUOLA PRIMO GRADO",
		"nome": "SMS A.INVEGES",
		"indirizzo": "VIA        A.DE GASPERI        N.8/A",
		"cap": "92019",
		"comune": "SCIACCA",
		"provincia": "AG"
	}
	,
	{
		"codMec": "agis01600n",
		"tipo": "ISTITUTO SUPERIORE",
		"nome": "I.I.S. \"DON MICHELE ARENA\"",
		"indirizzo": "VIA NENNI",
		"cap": "92019",
		"comune": "SCIACCA",
		"provincia": "AG"
	}
	,
	{
		"codMec": "agis01200a",
		"tipo": "ISTITUTO SUPERIORE",
		"nome": "I.I.S.S.  \"CALOGERO AMATO VETRANO\"",
		"indirizzo": "CONTRADA MARCHESA",
		"cap": "92019",
		"comune": "SCIACCA",
		"provincia": "AG"
	}
	,
	{
		"codMec": "agic820005",
		"tipo": "ISTITUTO COMPRENSIVO",
		"nome": "IC ANNA FRANK",
		"indirizzo": "VIA MATTEO CIMARRA 5/A",
		"cap": "92100",
		"comune": "AGRIGENTO",
		"provincia": "AG"
	}
	,
	{
		"codMec": "agps060005",
		"tipo": "LICEO SCIENTIFICO",
		"nome": "LS      E. MAJORANA",
		"indirizzo": "VIA PLATONE. 11",
		"cap": "92100",
		"comune": "AGRIGENTO",
		"provincia": "AG"
	}
	,
	{
		"codMec": "agps030009",
		"tipo": "LICEO SCIENTIFICO",
		"nome": "LS    \"LEONARDO\"",
		"indirizzo": "VIALE DELLA VITTORIA",
		"cap": "92100",
		"comune": "AGRIGENTO",
		"provincia": "AG"
	}
	,
	{
		"codMec": "agpm03000a",
		"tipo": "ISTITUTO MAGISTRALE",
		"nome": "LICEO SCIENTIFICO E SCIENZE UMANE POLITI",
		"indirizzo": "VIA  ACRONE 12",
		"cap": "92100",
		"comune": "AGRIGENTO",
		"provincia": "AG"
	}
	,
	{
		"codMec": "agpc010001",
		"tipo": "LICEO CLASSICO",
		"nome": "LICEO CLASSICO \"EMPEDOCLE\"",
		"indirizzo": "VIA EMPEDOCLE 169",
		"cap": "92100",
		"comune": "AGRIGENTO",
		"provincia": "AG"
	}
	,
	{
		"codMec": "agmm083009",
		"tipo": "SCUOLA PRIMO GRADO",
		"nome": "CPIA  DI  AGRIGENTO",
		"indirizzo": "VIA QUARTARARO PITTORE N. 5",
		"cap": "92100",
		"comune": "AGRIGENTO",
		"provincia": "AG"
	}
	,
	{
		"codMec": "agis02300r",
		"tipo": "ISTITUTO SUPERIORE",
		"nome": "IP SERV COMM. ENOG. OSPIT. ALB. \"GALLO\"",
		"indirizzo": "VIA        F. QUARTARARO PITTORE S.N.",
		"cap": "92100",
		"comune": "AGRIGENTO",
		"provincia": "AG"
	}
	,
	{
		"codMec": "agis014002",
		"tipo": "ISTITUTO SUPERIORE",
		"nome": "I.I.S.S. \"MICHELE FODERA\\'\"",
		"indirizzo": "VIA M. CIMARRA 5",
		"cap": "92100",
		"comune": "AGRIGENTO",
		"provincia": "AG"
	}
	,
	{
		"codMec": "agtd09000r",
		"tipo": "IST TEC COMMERCIALE E PER GEOMETRI",
		"nome": "I.T.C.E.T.     LEONARDO SCIASCIA",
		"indirizzo": "VIA QUARTARARO PITTORE S.N.C.",
		"cap": "92100",
		"comune": "AGRIGENTO",
		"provincia": "AG"
	}
	,
	{
		"codMec": "agic821001",
		"tipo": "ISTITUTO COMPRENSIVO",
		"nome": "IC    AGRIGENTO CENTRO",
		"indirizzo": "VIALE DELLA VITTORIA, 5",
		"cap": "92100",
		"comune": "AGRIGENTO",
		"provincia": "AG"
	}
	,
	{
		"codMec": "agic82200r",
		"tipo": "ISTITUTO COMPRENSIVO",
		"nome": "IC  \"ESSENETO\"",
		"indirizzo": "VIA   MANZONI, 219",
		"cap": "92100",
		"comune": "AGRIGENTO",
		"provincia": "AG"
	}
	,
	{
		"codMec": "agic82300l",
		"tipo": "ISTITUTO COMPRENSIVO",
		"nome": "IC  \"AGRIGENTO - FONTANELLE\"",
		"indirizzo": "VIA ALESSIO DI GIOVANNI, 35",
		"cap": "92100",
		"comune": "AGRIGENTO",
		"provincia": "AG"
	}
	,
	{
		"codMec": "agic82400c",
		"tipo": "ISTITUTO COMPRENSIVO",
		"nome": "I.C. \" S.QUASIMODO\"",
		"indirizzo": "VIA AMARI N?4",
		"cap": "92100",
		"comune": "AGRIGENTO",
		"provincia": "AG"
	}
	,
	{
		"codMec": "agic855004",
		"tipo": "ISTITUTO COMPRENSIVO",
		"nome": "IC RITA LEVI-MONTALCINI",
		"indirizzo": "VIA VITTORIO DE SICA",
		"cap": "92100",
		"comune": "AGRIGENTO",
		"provincia": "AG"
	}
	,
	{
		"codMec": "agic812006",
		"tipo": "ISTITUTO COMPRENSIVO",
		"nome": "IC      A.MANZONI",
		"indirizzo": "VIA        PORTELLA,1",
		"cap": "92010",
		"comune": "ALESSANDRIA DELLA ROCCA",
		"provincia": "AG"
	}
]