[
	{
		"codMec": "peic806007",
		"tipo": "ISTITUTO COMPRENSIVO",
		"nome": "I.C.  SPOLTORE",
		"indirizzo": "VIA MONTESECCO, 33",
		"cap": "65010",
		"comune": "SPOLTORE",
		"provincia": "PE"
	}
	,
	{
		"codMec": "peee052003",
		"tipo": "CIRCOLO DIDATTICO",
		"nome": "D.D. SPOLTORE",
		"indirizzo": "VIA ALENTO 1",
		"cap": "65010",
		"comune": "SPOLTORE",
		"provincia": "PE"
	}
	,
	{
		"codMec": "peic807003",
		"tipo": "ISTITUTO COMPRENSIVO",
		"nome": "I.C . TORRE DE PASSERI",
		"indirizzo": "VIA D. ALIGHIERI, 10",
		"cap": "65029",
		"comune": "TORRE DE\\' PASSERI",
		"provincia": "PE"
	}
	,
	{
		"codMec": "peic81200e",
		"tipo": "ISTITUTO COMPRENSIVO",
		"nome": "I. OMNICOMPRENSIVO ALANNO",
		"indirizzo": "VIA XX SETTEMBRE, 96",
		"cap": "65020",
		"comune": "ALANNO",
		"provincia": "PE"
	}
	,
	{
		"codMec": "peic828004",
		"tipo": "ISTITUTO COMPRENSIVO",
		"nome": "I. C. I.SILONE-MONTESILVANO",
		"indirizzo": "VIA SAN GOTTARDO",
		"cap": "65010",
		"comune": "CAPPELLE SUL TAVO",
		"provincia": "PE"
	}
	,
	{
		"codMec": "pemm107001",
		"tipo": "SCUOLA PRIMO GRADO",
		"nome": "C.P.I.A.  PESCARA - CHIETI",
		"indirizzo": "VIA ELSA MORANTE, 4",
		"cap": "65012",
		"comune": "CEPAGATTI",
		"provincia": "PE"
	}
	,
	{
		"codMec": "peic82000d",
		"tipo": "ISTITUTO COMPRENSIVO",
		"nome": "I. C. CEPAGATTI",
		"indirizzo": "VIA DANTE ALIGHIERI, 25",
		"cap": "65012",
		"comune": "CEPAGATTI",
		"provincia": "PE"
	}
	,
	{
		"codMec": "peic82900x",
		"tipo": "ISTITUTO COMPRENSIVO",
		"nome": "I. C. CITTA\\' SANT ANGELO",
		"indirizzo": "VIA CIRCONVALLAZIONE, 17",
		"cap": "65013",
		"comune": "CITTA\\' SANT\\'ANGELO",
		"provincia": "PE"
	}
	,
	{
		"codMec": "peis00400q",
		"tipo": "ISTITUTO SUPERIORE",
		"nome": "ISTITUTO OMNICOMPRENSIVO",
		"indirizzo": "LARGO MAZZINI, 1",
		"cap": "65013",
		"comune": "CITTA\\' SANT\\'ANGELO",
		"provincia": "PE"
	}
	,
	{
		"codMec": "peic81300a",
		"tipo": "ISTITUTO COMPRENSIVO",
		"nome": "I.C . CIVITELLA CASANOVA",
		"indirizzo": "VIA MARCONI , 48/50",
		"cap": "65010",
		"comune": "CIVITELLA CASANOVA",
		"provincia": "PE"
	}
	,
	{
		"codMec": "peic821009",
		"tipo": "ISTITUTO COMPRENSIVO",
		"nome": "I.C. COLLECORVINO",
		"indirizzo": "VIA DE IULIIS, 1",
		"cap": "65010",
		"comune": "COLLECORVINO",
		"provincia": "PE"
	}
	,
	{
		"codMec": "peic822005",
		"tipo": "ISTITUTO COMPRENSIVO",
		"nome": "I.C. LORETO APRUTINO",
		"indirizzo": "VIA  ROMA,44",
		"cap": "65014",
		"comune": "LORETO APRUTINO",
		"provincia": "PE"
	}
	,
	{
		"codMec": "peic81700n",
		"tipo": "ISTITUTO COMPRENSIVO",
		"nome": "I.C. MANOPPELLO",
		"indirizzo": "VIA S.VITTORIA, 11",
		"cap": "65024",
		"comune": "MANOPPELLO",
		"provincia": "PE"
	}
	,
	{
		"codMec": "peps05000v",
		"tipo": "LICEO SCIENTIFICO",
		"nome": "\"C.D\\'ASCANIO\"",
		"indirizzo": "VIA LUIGI POLACCHI, S.N.",
		"cap": "65015",
		"comune": "MONTESILVANO",
		"provincia": "PE"
	}
	,
	{
		"codMec": "peic83900e",
		"tipo": "ISTITUTO COMPRENSIVO",
		"nome": "I. C. \"RODARI\" -MONTESILVANO",
		"indirizzo": "VIA MAGELLANO N.10",
		"cap": "65016",
		"comune": "MONTESILVANO",
		"provincia": "PE"
	}
	,
	{
		"codMec": "peic827008",
		"tipo": "ISTITUTO COMPRENSIVO",
		"nome": "VILLA VERROCCHIO",
		"indirizzo": "VIA   OLONA, 9",
		"cap": "65015",
		"comune": "MONTESILVANO",
		"provincia": "PE"
	}
	,
	{
		"codMec": "peic82600c",
		"tipo": "ISTITUTO COMPRENSIVO",
		"nome": "I.C. DELFICO - MONTESILVANO",
		"indirizzo": "VIA S. FRANCESCO, 1",
		"cap": "65016",
		"comune": "MONTESILVANO",
		"provincia": "PE"
	}
	,
	{
		"codMec": "peee037001",
		"tipo": "CIRCOLO DIDATTICO",
		"nome": "D.D. MONTESILVANO",
		"indirizzo": "VIA CAMPO IMPERATORE",
		"cap": "65015",
		"comune": "MONTESILVANO",
		"provincia": "PE"
	}
	,
	{
		"codMec": "peis00300x",
		"tipo": "ISTITUTO SUPERIORE",
		"nome": "\"E.ALESSANDRINI\"",
		"indirizzo": "VIA C. D\\'AGNESE",
		"cap": "65015",
		"comune": "MONTESILVANO",
		"provincia": "PE"
	}
	,
	{
		"codMec": "peic81100p",
		"tipo": "ISTITUTO COMPRENSIVO",
		"nome": "IC .\"P.GIOVANNI XXIII\"-PIANELLA",
		"indirizzo": "VIA VILLA DE FELICI, 11",
		"cap": "65019",
		"comune": "MOSCUFO",
		"provincia": "PE"
	}
	,
	{
		"codMec": "peis01100v",
		"tipo": "ISTITUTO SUPERIORE",
		"nome": "I.I.S. \"L. DA PENNE\"- \"M. DEI FIORI\"",
		"indirizzo": "VIA DANTE ALIGHIERI 8",
		"cap": "65017",
		"comune": "PENNE",
		"provincia": "PE"
	}
	,
	{
		"codMec": "peic80500b",
		"tipo": "ISTITUTO COMPRENSIVO",
		"nome": "I.C. \" L. C. PARATORE\"-PENNE",
		"indirizzo": "VIA VERROTTI, 44",
		"cap": "65017",
		"comune": "PENNE",
		"provincia": "PE"
	}
	,
	{
		"codMec": "peic82500l",
		"tipo": "ISTITUTO COMPRENSIVO",
		"nome": "I.C. M.GIARDINI - PENNE",
		"indirizzo": "VIA A.CASELLI,  40",
		"cap": "65017",
		"comune": "PENNE",
		"provincia": "PE"
	}
	,
	{
		"codMec": "petd03000d",
		"tipo": "IST TEC COMMERCIALE E PER GEOMETRI",
		"nome": "\"G. MARCONI\"",
		"indirizzo": "VIA MARTIRI PENNESI DEL 1837, N. 6",
		"cap": "65017",
		"comune": "PENNE",
		"provincia": "PE"
	}
	,
	{
		"codMec": "peic83800p",
		"tipo": "ISTITUTO COMPRENSIVO",
		"nome": "I.C. PESCARA 10",
		"indirizzo": "STRADA VICINALE BOSCO 43",
		"cap": "65124",
		"comune": "PESCARA",
		"provincia": "PE"
	}
	,
	{
		"codMec": "peic83700v",
		"tipo": "ISTITUTO COMPRENSIVO",
		"nome": "I.C. PESCARA 9",
		"indirizzo": "VIA DI SOTTO, 56",
		"cap": "65125",
		"comune": "PESCARA",
		"provincia": "PE"
	}
	,
	{
		"codMec": "peic836003",
		"tipo": "ISTITUTO COMPRENSIVO",
		"nome": "I.C. PESCARA 4",
		"indirizzo": "VIA MILANO, 58",
		"cap": "65122",
		"comune": "PESCARA",
		"provincia": "PE"
	}
	,
	{
		"codMec": "peic835007",
		"tipo": "ISTITUTO COMPRENSIVO",
		"nome": "I.C. PESCARA 8",
		"indirizzo": "VIA TORINO, 19",
		"cap": "65121",
		"comune": "PESCARA",
		"provincia": "PE"
	}
	,
	{
		"codMec": "peic83400b",
		"tipo": "ISTITUTO COMPRENSIVO",
		"nome": "I.C. PESCARA  5",
		"indirizzo": "VIA GIOBERTI, 15",
		"cap": "65123",
		"comune": "PESCARA",
		"provincia": "PE"
	}
	,
	{
		"codMec": "peic83300g",
		"tipo": "ISTITUTO COMPRENSIVO",
		"nome": "I.C. PESCARA 3",
		"indirizzo": "VIA REGINA ELENA, 135",
		"cap": "65123",
		"comune": "PESCARA",
		"provincia": "PE"
	}
	,
	{
		"codMec": "petd07000x",
		"tipo": "IST TEC COMMERCIALE E PER GEOMETRI",
		"nome": "I.T.C.G. \" ATERNO - MANTHONE\\' \"",
		"indirizzo": "TIBURTINA 202",
		"cap": "65129",
		"comune": "PESCARA",
		"provincia": "PE"
	}
	,
	{
		"codMec": "peic83100x",
		"tipo": "ISTITUTO COMPRENSIVO",
		"nome": "I.C. PESCARA 2",
		"indirizzo": "VIA CERULLI, 15",
		"cap": "65126",
		"comune": "PESCARA",
		"provincia": "PE"
	}
	,
	{
		"codMec": "peic830004",
		"tipo": "ISTITUTO COMPRENSIVO",
		"nome": "I.C. PESCARA 7",
		"indirizzo": "VIA VIRGILIO, 27",
		"cap": "65127",
		"comune": "PESCARA",
		"provincia": "PE"
	}
	,
	{
		"codMec": "peic823001",
		"tipo": "ISTITUTO COMPRENSIVO",
		"nome": "I.C. PESCARA 1",
		"indirizzo": "VIA EINAUDI, 1",
		"cap": "65129",
		"comune": "PESCARA",
		"provincia": "PE"
	}
	,
	{
		"codMec": "peic83200q",
		"tipo": "ISTITUTO COMPRENSIVO",
		"nome": "I.C. PESCARA 6",
		"indirizzo": "VIA SCARFOGLIO, 35",
		"cap": "65129",
		"comune": "PESCARA",
		"provincia": "PE"
	}
	,
	{
		"codMec": "petd010008",
		"tipo": "IST TEC COMMERCIALE E PER GEOMETRI",
		"nome": "\"T. ACERBO\"",
		"indirizzo": "VIA  PIZZOFERRATO 1",
		"cap": "65124",
		"comune": "PESCARA",
		"provincia": "PE"
	}
	,
	{
		"codMec": "pesl03000e",
		"tipo": "LICEO ARTISTICO",
		"nome": "L.ARTIST.-MUS.-COR. MISTICONI-BELLISARIO",
		"indirizzo": "VIA L.EINAUDI, 2",
		"cap": "65129",
		"comune": "PESCARA",
		"provincia": "PE"
	}
	,
	{
		"codMec": "peri03000v",
		"tipo": "IST PROF INDUSTRIA E ARTIGIANATO",
		"nome": "I.P.S.I.A.S.  \"DI MARZIO-MICHETTI\"",
		"indirizzo": "VIA ARAPIETRA, 112",
		"cap": "65124",
		"comune": "PESCARA",
		"provincia": "PE"
	}
	,
	{
		"codMec": "perh010006",
		"tipo": "IST PROF  ALBERGHIERO",
		"nome": "IPSSEOA \"FILIPPO DE CECCO\"",
		"indirizzo": "VIA DEI SABINI 53",
		"cap": "65127",
		"comune": "PESCARA",
		"provincia": "PE"
	}
	,
	{
		"codMec": "peps03000n",
		"tipo": "LICEO SCIENTIFICO",
		"nome": "\" G.GALILEI\"",
		"indirizzo": "VIA BALILLA, 34",
		"cap": "65121",
		"comune": "PESCARA",
		"provincia": "PE"
	}
	,
	{
		"codMec": "peps01000c",
		"tipo": "LICEO SCIENTIFICO",
		"nome": "\" L. DA VINCI\"",
		"indirizzo": "COLLE      MARINO 73",
		"cap": "65125",
		"comune": "PESCARA",
		"provincia": "PE"
	}
	,
	{
		"codMec": "peis00600b",
		"tipo": "ISTITUTO SUPERIORE",
		"nome": "\"A. VOLTA\"",
		"indirizzo": "VIA VOLTA  15",
		"cap": "65129",
		"comune": "PESCARA",
		"provincia": "PE"
	}
	,
	{
		"codMec": "pepc010009",
		"tipo": "LICEO CLASSICO",
		"nome": "LC \"GABRIELE D\\'ANNUNZIO\"",
		"indirizzo": "VIA        VENEZIA 41",
		"cap": "65121",
		"comune": "PESCARA",
		"provincia": "PE"
	}
	,
	{
		"codMec": "pepm020004",
		"tipo": "ISTITUTO MAGISTRALE",
		"nome": "LICEO \"G. MARCONI\"",
		"indirizzo": "VIA MARINO DA CARAMANICO, 26",
		"cap": "65126",
		"comune": "PESCARA",
		"provincia": "PE"
	}
	,
	{
		"codMec": "peis001008",
		"tipo": "ISTITUTO SUPERIORE",
		"nome": "I. OMNICOMPRENSIVO POPOLI",
		"indirizzo": "VIALE B. BUOZZI",
		"cap": "65026",
		"comune": "POPOLI",
		"provincia": "PE"
	}
	,
	{
		"codMec": "peic819009",
		"tipo": "ISTITUTO COMPRENSIVO",
		"nome": "I. C. ROSCIANO",
		"indirizzo": "PIAZZA BERLINGUER, 1",
		"cap": "65020",
		"comune": "ROSCIANO",
		"provincia": "PE"
	}
	,
	{
		"codMec": "peic81000v",
		"tipo": "ISTITUTO COMPRENSIVO",
		"nome": "I.C.  SAN VALENTINO",
		"indirizzo": "VIA LARGO S. NICOLA",
		"cap": "65020",
		"comune": "SAN VALENTINO IN ABRUZZO CITER",
		"provincia": "PE"
	}
	,
	{
		"codMec": "peic815002",
		"tipo": "ISTITUTO COMPRENSIVO",
		"nome": "I.C.  SCAFA",
		"indirizzo": "VIA DELLA STAZIONE",
		"cap": "65027",
		"comune": "SCAFA",
		"provincia": "PE"
	}
]