[
	{
		"codMec": "rcic82300d",
		"tipo": "ISTITUTO COMPRENSIVO",
		"nome": "ANOIA-MAROPATI-GIFFONE",
		"indirizzo": "VIA ROMA",
		"cap": "89020",
		"comune": "ANOIA",
		"provincia": "RC"
	}
	,
	{
		"codMec": "rcic81500e",
		"tipo": "ISTITUTO COMPRENSIVO",
		"nome": "ARDORE BENESTARE CARERI CIMINA\\'",
		"indirizzo": "VIA  ALCIDE DE GASPERI SNC",
		"cap": "89037",
		"comune": "ARDORE",
		"provincia": "RC"
	}
	,
	{
		"codMec": "rcic84300p",
		"tipo": "ISTITUTO COMPRENSIVO",
		"nome": "ISTITUTO COMPRENSIVO FOSCOLO",
		"indirizzo": "CORSO VITTORIO EMANUELE II",
		"cap": "89011",
		"comune": "BAGNARA CALABRA",
		"provincia": "RC"
	}
	,
	{
		"codMec": "rcis01700a",
		"tipo": "ISTITUTO SUPERIORE",
		"nome": "IS \"E. FERMI\"",
		"indirizzo": "VIA  GIACOMO DENARO, 24",
		"cap": "89011",
		"comune": "BAGNARA CALABRA",
		"provincia": "RC"
	}
	,
	{
		"codMec": "rcic84400e",
		"tipo": "ISTITUTO COMPRENSIVO",
		"nome": "\"M. MACRI\"",
		"indirizzo": "VIA DROMO 2",
		"cap": "89032",
		"comune": "BIANCO",
		"provincia": "RC"
	}
	,
	{
		"codMec": "rcic85200d",
		"tipo": "ISTITUTO COMPRENSIVO",
		"nome": "BOVA MARINA - CONDOFURI",
		"indirizzo": "VIA MONTESANTO 26",
		"cap": "89035",
		"comune": "BOVA MARINA",
		"provincia": "RC"
	}
	,
	{
		"codMec": "rcis01600e",
		"tipo": "ISTITUTO SUPERIORE",
		"nome": "ISTITUTO SUPERIORE \"EUCLIDE\"",
		"indirizzo": "C/DA MONOSCALCO",
		"cap": "89035",
		"comune": "BOVA MARINA",
		"provincia": "RC"
	}
	,
	{
		"codMec": "rcic84500a",
		"tipo": "ISTITUTO COMPRENSIVO",
		"nome": "ISTITUTO COMPRENSIVO BOVALINO",
		"indirizzo": "VIA  VENTIQUATTRO MAGGIO",
		"cap": "89034",
		"comune": "BOVALINO",
		"provincia": "RC"
	}
	,
	{
		"codMec": "rcis00700q",
		"tipo": "ISTITUTO SUPERIORE",
		"nome": "IS   F.SCO LA CAVA",
		"indirizzo": "VIA      ROSARIO PROCOPIO",
		"cap": "89034",
		"comune": "BOVALINO",
		"provincia": "RC"
	}
	,
	{
		"codMec": "rcic81000b",
		"tipo": "ISTITUTO COMPRENSIVO",
		"nome": "BRANCALEONE AFRICO",
		"indirizzo": "VIA ALTALIA",
		"cap": "89036",
		"comune": "BRANCALEONE",
		"provincia": "RC"
	}
	,
	{
		"codMec": "rcic83400x",
		"tipo": "ISTITUTO COMPRENSIVO",
		"nome": "CAMPO CALABRO-SAN ROBERTO",
		"indirizzo": "VIA V. RANIERI TRAV. 2 N 1",
		"cap": "89052",
		"comune": "CAMPO CALABRO",
		"provincia": "RC"
	}
	,
	{
		"codMec": "rcic826001",
		"tipo": "ISTITUTO COMPRENSIVO",
		"nome": "\"G. FALCONE-P. BORSELLINO",
		"indirizzo": "VIA CORRADO ALVARO 2",
		"cap": "89040",
		"comune": "CAULONIA",
		"provincia": "RC"
	}
	,
	{
		"codMec": "rcic846006",
		"tipo": "ISTITUTO COMPRENSIVO",
		"nome": "F. DELLA SCALA",
		"indirizzo": "CINQUEFRONDI",
		"cap": "89021",
		"comune": "CINQUEFRONDI",
		"provincia": "RC"
	}
	,
	{
		"codMec": "rcis02300n",
		"tipo": "ISTITUTO SUPERIORE",
		"nome": "\"V. GERACE\" CITTANOVA",
		"indirizzo": "PIAZZA     SAN ROCCO",
		"cap": "89022",
		"comune": "CITTANOVA",
		"provincia": "RC"
	}
	,
	{
		"codMec": "rcic80200c",
		"tipo": "ISTITUTO COMPRENSIVO",
		"nome": "CITTANOVA  S. G. MORGE TO",
		"indirizzo": "VIA GALILEO GALILEI 5",
		"cap": "89022",
		"comune": "CITTANOVA",
		"provincia": "RC"
	}
	,
	{
		"codMec": "rcic847002",
		"tipo": "ISTITUTO COMPRENSIVO",
		"nome": "\"CHITTI\"",
		"indirizzo": "VIA GALILEI,7",
		"cap": "89022",
		"comune": "CITTANOVA",
		"provincia": "RC"
	}
	,
	{
		"codMec": "rcps060002",
		"tipo": "LICEO SCIENTIFICO",
		"nome": "L.S.S.  \"MICHELE GUERRISI\"",
		"indirizzo": "C.DA CASCIARI SNC",
		"cap": "89022",
		"comune": "CITTANOVA",
		"provincia": "RC"
	}
	,
	{
		"codMec": "rcic817006",
		"tipo": "ISTITUTO COMPRENSIVO",
		"nome": "ISTITUTO COMPRENSIVO DELIANUOVA",
		"indirizzo": "VIA CARMELIA, 24",
		"cap": "89012",
		"comune": "DELIANUOVA",
		"provincia": "RC"
	}
	,
	{
		"codMec": "rcic81600a",
		"tipo": "ISTITUTO COMPRENSIVO",
		"nome": "GERACE \"MARTIRI DI GERACE\"",
		"indirizzo": "VIA CASTELLO",
		"cap": "89040",
		"comune": "GERACE",
		"provincia": "RC"
	}
	,
	{
		"codMec": "rcic859008",
		"tipo": "ISTITUTO COMPRENSIVO",
		"nome": "1 F. PENTIMALLI  GIOIA TAURO",
		"indirizzo": "VIA DANTE ALIGHIERI, 13",
		"cap": "89013",
		"comune": "GIOIA TAURO",
		"provincia": "RC"
	}
	,
	{
		"codMec": "rcic862004",
		"tipo": "ISTITUTO COMPRENSIVO",
		"nome": "PAOLO VI - CAMPANELLA",
		"indirizzo": "PIAZZA DUOMO 1",
		"cap": "89013",
		"comune": "GIOIA TAURO",
		"provincia": "RC"
	}
	,
	{
		"codMec": "rcis013003",
		"tipo": "ISTITUTO SUPERIORE",
		"nome": "I.I.S. \"F. SEVERI/GUERRISI\"GIOIA/PALMI",
		"indirizzo": "VIA GALLUPPI 1",
		"cap": "89013",
		"comune": "GIOIA TAURO",
		"provincia": "RC"
	}
	,
	{
		"codMec": "rcic839003",
		"tipo": "ISTITUTO COMPRENSIVO",
		"nome": "I.C.  GIOIOSA IONICA -GROTTERIA",
		"indirizzo": "VIA RUBINA",
		"cap": "89042",
		"comune": "GIOIOSA IONICA",
		"provincia": "RC"
	}
	,
	{
		"codMec": "rcic84800t",
		"tipo": "ISTITUTO COMPRENSIVO",
		"nome": "LAUREANA GALATRO FEROLETO",
		"indirizzo": "PIAZZA KENNEDI  1",
		"cap": "89023",
		"comune": "LAUREANA DI BORRELLO",
		"provincia": "RC"
	}
	,
	{
		"codMec": "rcrh080001",
		"tipo": "IST PROF  ALBERGHIERO",
		"nome": "I.P.S.S.A.R. \"DEA PERSEFONE\"",
		"indirizzo": "VIA TEVERE N.01",
		"cap": "89044",
		"comune": "LOCRI",
		"provincia": "RC"
	}
	,
	{
		"codMec": "rcps04000r",
		"tipo": "LICEO SCIENTIFICO",
		"nome": "\"ZALEUCO\" LOCRI",
		"indirizzo": "VIA FRANCESCO PANZERA",
		"cap": "89044",
		"comune": "LOCRI",
		"provincia": "RC"
	}
	,
	{
		"codMec": "rcpm02000l",
		"tipo": "ISTITUTO MAGISTRALE",
		"nome": "LICEO SCIENZE UMANE\"G.MAZZINI\" LOCRI",
		"indirizzo": "VIA MATTEOTTI 23",
		"cap": "89044",
		"comune": "LOCRI",
		"provincia": "RC"
	}
	,
	{
		"codMec": "rcis02900l",
		"tipo": "ISTITUTO SUPERIORE",
		"nome": "I.I.S.\"IVO OLIVETI\"/I.A.\" PANETTA\" LOCRI",
		"indirizzo": "VIA CRISTOFORO COLOMBO 4",
		"cap": "89044",
		"comune": "LOCRI",
		"provincia": "RC"
	}
	,
	{
		"codMec": "rcic853009",
		"tipo": "ISTITUTO COMPRENSIVO",
		"nome": "DE AMICIS MARESCA LOCRI",
		"indirizzo": "VIA  DANTE  6",
		"cap": "89044",
		"comune": "LOCRI",
		"provincia": "RC"
	}
	,
	{
		"codMec": "rcis01100b",
		"tipo": "ISTITUTO SUPERIORE",
		"nome": "ZANOTTI BIANCO MARINA DI GIOIOSA",
		"indirizzo": "VIA GIACOMO MATTEOTTI 47",
		"cap": "89046",
		"comune": "MARINA DI GIOIOSA IONICA",
		"provincia": "RC"
	}
	,
	{
		"codMec": "rcic81300v",
		"tipo": "ISTITUTO COMPRENSIVO",
		"nome": "MARINA  DI GIOIOSA IONICA",
		"indirizzo": "VIA FRATELLI ROSSELLI,22",
		"cap": "89046",
		"comune": "MARINA DI GIOIOSA IONICA",
		"provincia": "RC"
	}
	,
	{
		"codMec": "rcic84900n",
		"tipo": "ISTITUTO COMPRENSIVO",
		"nome": "ISTITUTO COMPRENSIVO MELICUCCO",
		"indirizzo": "VIA ROMA 11",
		"cap": "89020",
		"comune": "MELICUCCO",
		"provincia": "RC"
	}
	,
	{
		"codMec": "rcis00100r",
		"tipo": "ISTITUTO SUPERIORE",
		"nome": "\"FAMILIARI\" MELITO P.S.",
		"indirizzo": "VIALE DELLA LIBERTA\\', SNC",
		"cap": "89063",
		"comune": "MELITO DI PORTO SALVO",
		"provincia": "RC"
	}
	,
	{
		"codMec": "rcic875006",
		"tipo": "ISTITUTO COMPRENSIVO",
		"nome": "SAN SPERATO CARDETO",
		"indirizzo": "VIA RIPARO CANNAVO, 24",
		"cap": "89133",
		"comune": "MELITO DI PORTO SALVO",
		"provincia": "RC"
	}
	,
	{
		"codMec": "rcic841003",
		"tipo": "ISTITUTO COMPRENSIVO",
		"nome": "DE AMICIS BAGALADI-S. LORENZO",
		"indirizzo": "VIA   FILIPPO TURATI 44",
		"cap": "89063",
		"comune": "MELITO DI PORTO SALVO",
		"provincia": "RC"
	}
	,
	{
		"codMec": "rcic86000c",
		"tipo": "ISTITUTO COMPRENSIVO",
		"nome": "MEGALI MELITO ROCCAFORTE",
		"indirizzo": "VIALE RIMEMBRANZE 33",
		"cap": "89063",
		"comune": "MELITO DI PORTO SALVO",
		"provincia": "RC"
	}
	,
	{
		"codMec": "rcic82900c",
		"tipo": "ISTITUTO COMPRENSIVO",
		"nome": "MONASTERACE-RIACE",
		"indirizzo": "VIA ASPROMONTE",
		"cap": "89040",
		"comune": "MONASTERACE",
		"provincia": "RC"
	}
	,
	{
		"codMec": "rcic812003",
		"tipo": "ISTITUTO COMPRENSIVO",
		"nome": "MONTEBELLO JONICO",
		"indirizzo": "VIA FICARELLE 8 - SALINE IONICHE",
		"cap": "89060",
		"comune": "MONTEBELLO IONICO",
		"provincia": "RC"
	}
	,
	{
		"codMec": "rcic80800b",
		"tipo": "ISTITUTO COMPRENSIVO",
		"nome": "ISTITUTO COMPRENSIVO MOTTA S.G.",
		"indirizzo": "VIA G. VERSACE N. 3",
		"cap": "89065",
		"comune": "MOTTA SAN GIOVANNI",
		"provincia": "RC"
	}
	,
	{
		"codMec": "rcis02200t",
		"tipo": "ISTITUTO SUPERIORE",
		"nome": "GEMELLI CARERI",
		"indirizzo": "CORSO ASPROMONTE, 69",
		"cap": "89014",
		"comune": "OPPIDO MAMERTINA",
		"provincia": "RC"
	}
	,
	{
		"codMec": "rcic832008",
		"tipo": "ISTITUTO COMPRENSIVO",
		"nome": "OPPIDO -  MOLOCHIO- VARAPODIO",
		"indirizzo": "VIA CAVOUR",
		"cap": "89014",
		"comune": "OPPIDO MAMERTINA",
		"provincia": "RC"
	}
	,
	{
		"codMec": "rcic82100t",
		"tipo": "ISTITUTO COMPRENSIVO",
		"nome": "DE ZERBI-MILONE",
		"indirizzo": "CORSO GARIBALDI, 2",
		"cap": "89015",
		"comune": "PALMI",
		"provincia": "RC"
	}
	,
	{
		"codMec": "rcic861008",
		"tipo": "ISTITUTO COMPRENSIVO",
		"nome": "I.C. \"SAN FRANCESCO\"",
		"indirizzo": "VIA CONCORDATO, 62",
		"cap": "89015",
		"comune": "PALMI",
		"provincia": "RC"
	}
	,
	{
		"codMec": "rcis019002",
		"tipo": "ISTITUTO SUPERIORE",
		"nome": "IS \"N. PIZI\" PALMI",
		"indirizzo": "VIA SAN GAETANO",
		"cap": "89015",
		"comune": "PALMI",
		"provincia": "RC"
	}
	,
	{
		"codMec": "rcpm010002",
		"tipo": "ISTITUTO MAGISTRALE",
		"nome": "L.SCIENZE UMANE\"CORRADO ALVARO\" PALMI",
		"indirizzo": "VIA CAMPANELLA",
		"cap": "89015",
		"comune": "PALMI",
		"provincia": "RC"
	}
	,
	{
		"codMec": "rcis03200c",
		"tipo": "ISTITUTO SUPERIORE",
		"nome": "IST.ISTR.SUP.\"EINAUDI\" PALMI",
		"indirizzo": "VIA G. GUERRERA",
		"cap": "89015",
		"comune": "PALMI",
		"provincia": "RC"
	}
	,
	{
		"codMec": "rcic83700b",
		"tipo": "ISTITUTO COMPRENSIVO",
		"nome": "PLATI \"DE AMICIS\"",
		"indirizzo": "VIA ROMA N.20",
		"cap": "89039",
		"comune": "PLATI\\'",
		"provincia": "RC"
	}
	,
	{
		"codMec": "rcic85000t",
		"tipo": "ISTITUTO COMPRENSIVO",
		"nome": "FRANCESCO JERACE",
		"indirizzo": "VIA ESPERIA  N. 9",
		"cap": "89024",
		"comune": "POLISTENA",
		"provincia": "RC"
	}
	,
	{
		"codMec": "rcis00300c",
		"tipo": "ISTITUTO SUPERIORE",
		"nome": "\"G.RENDA\" POLISTENA",
		"indirizzo": "VIA VESCOVO MORABITO,19",
		"cap": "89024",
		"comune": "POLISTENA",
		"provincia": "RC"
	}
	,
	{
		"codMec": "rcic86300x",
		"tipo": "ISTITUTO COMPRENSIVO",
		"nome": "CAPOLUOGO BROGNA",
		"indirizzo": "VIA ON.LUIGI LONGO 24",
		"cap": "89024",
		"comune": "POLISTENA",
		"provincia": "RC"
	}
	,
	{
		"codMec": "rcpm05000c",
		"tipo": "ISTITUTO MAGISTRALE",
		"nome": "LICEO STAT.\"G.RECHICHI\" POLISTENA",
		"indirizzo": "VIA  G. LOMBARDI",
		"cap": "89024",
		"comune": "POLISTENA",
		"provincia": "RC"
	}
	,
	{
		"codMec": "rctf030008",
		"tipo": "ISTITUTO TECNICO INDUSTRIALE",
		"nome": "\"M.M.MILANO\" POLISTENA",
		"indirizzo": "VIA DELLO SPORT",
		"cap": "89024",
		"comune": "POLISTENA",
		"provincia": "RC"
	}
	,
	{
		"codMec": "rcic804004",
		"tipo": "ISTITUTO COMPRENSIVO",
		"nome": "I.C. \"ORAZIO LAZZARINO\" GALLICO",
		"indirizzo": "VIA DEL TORRENTE, 59 GALLICO",
		"cap": "89135",
		"comune": "REGGIO CALABRIA",
		"provincia": "RC"
	}
	,
	{
		"codMec": "rcic80500x",
		"tipo": "ISTITUTO COMPRENSIVO",
		"nome": "\"FALCOMATA\\' - ARCHI\"",
		"indirizzo": "VIA MONTELLO N. 7",
		"cap": "89122",
		"comune": "REGGIO CALABRIA",
		"provincia": "RC"
	}
	,
	{
		"codMec": "rcic80600q",
		"tipo": "ISTITUTO COMPRENSIVO",
		"nome": "CATANOSO DE GASPERI",
		"indirizzo": "VIA REGGIO CAMPI II TRONCO 164",
		"cap": "89126",
		"comune": "REGGIO CALABRIA",
		"provincia": "RC"
	}
	,
	{
		"codMec": "rcic80700g",
		"tipo": "ISTITUTO COMPRENSIVO",
		"nome": "GIUSEPPE MOSCATO",
		"indirizzo": "PIAZZA S FRANCESCO DI SALES 4 GALLINA",
		"cap": "89131",
		"comune": "REGGIO CALABRIA",
		"provincia": "RC"
	}
	,
	{
		"codMec": "rcic809007",
		"tipo": "ISTITUTO COMPRENSIVO",
		"nome": "DE AMICIS-BOLANI",
		"indirizzo": "VIA ASPROMONTE 35",
		"cap": "89127",
		"comune": "REGGIO CALABRIA",
		"provincia": "RC"
	}
	,
	{
		"codMec": "rcic84200v",
		"tipo": "ISTITUTO COMPRENSIVO",
		"nome": "\"TELESIO\" REGGIO CAL.",
		"indirizzo": "VIA MODENA SAN SPERATO, 1",
		"cap": "89133",
		"comune": "REGGIO CALABRIA",
		"provincia": "RC"
	}
	,
	{
		"codMec": "rcic85700l",
		"tipo": "ISTITUTO COMPRENSIVO",
		"nome": "GALILEO GALILEI -PASCOLI",
		"indirizzo": "VIA  BOTTARI 1  PIAZZA CASTELLO",
		"cap": "89125",
		"comune": "REGGIO CALABRIA",
		"provincia": "RC"
	}
	,
	{
		"codMec": "rcic867007",
		"tipo": "ISTITUTO COMPRENSIVO",
		"nome": "CARDUCCI - V. DA FELTRE",
		"indirizzo": "VIA  CANNIZZARO, 12",
		"cap": "89123",
		"comune": "REGGIO CALABRIA",
		"provincia": "RC"
	}
	,
	{
		"codMec": "rcic86500g",
		"tipo": "ISTITUTO COMPRENSIVO",
		"nome": "M.BELLO-PEDULLA\\'-AGNANA",
		"indirizzo": "VIA TURATI, 4",
		"cap": "89048",
		"comune": "SIDERNO",
		"provincia": "RC"
	}
	,
	{
		"codMec": "rcis03100l",
		"tipo": "ISTITUTO SUPERIORE",
		"nome": "I. I. SUP. \"G.MARCONI\" SIDERNO",
		"indirizzo": "VIALE SASSO MARCONI",
		"cap": "89048",
		"comune": "SIDERNO",
		"provincia": "RC"
	}
	,
	{
		"codMec": "rcic876002",
		"tipo": "ISTITUTO COMPRENSIVO",
		"nome": "STILO  BIVONGI",
		"indirizzo": "VIALE ROMA VICO II N.5",
		"cap": "89049",
		"comune": "STILO",
		"provincia": "RC"
	}
	,
	{
		"codMec": "rcic86400q",
		"tipo": "ISTITUTO COMPRENSIVO",
		"nome": "MONTELEONE PASCOLI",
		"indirizzo": "VIA DELLA PACE",
		"cap": "89029",
		"comune": "TAURIANOVA",
		"provincia": "RC"
	}
	,
	{
		"codMec": "rcic87400a",
		"tipo": "ISTITUTO COMPRENSIVO",
		"nome": "2 S. ALESSIO CONTESTABILE",
		"indirizzo": "VIA CORRADO ALVARO, 1",
		"cap": "89029",
		"comune": "TAURIANOVA",
		"provincia": "RC"
	}
	,
	{
		"codMec": "rcrh100001",
		"tipo": "IST PROF  ALBERGHIERO",
		"nome": "IPALB - TUR VILLA SG.-",
		"indirizzo": "VIA DE GASPERI - LOC BOTTARO",
		"cap": "89018",
		"comune": "VILLA SAN GIOVANNI",
		"provincia": "RC"
	}
	,
	{
		"codMec": "rcis03600q",
		"tipo": "ISTITUTO SUPERIORE",
		"nome": "IST.ISTR.SUP. \"L. NOSTRO/L.REPACI\"",
		"indirizzo": "VIA MARCONI, 77",
		"cap": "89018",
		"comune": "VILLA SAN GIOVANNI",
		"provincia": "RC"
	}
	,
	{
		"codMec": "rcic855001",
		"tipo": "ISTITUTO COMPRENSIVO",
		"nome": "GIOVANNI XXIII",
		"indirizzo": "VIA AMMIRAGLIO CURZON 34",
		"cap": "89018",
		"comune": "VILLA SAN GIOVANNI",
		"provincia": "RC"
	}
	,
	{
		"codMec": "rctd050007",
		"tipo": "IST TEC COMMERCIALE E PER GEOMETRI",
		"nome": "\"RAFFAELE PIRIA\" REGGIO CAL.",
		"indirizzo": "VIA PIRIA 2",
		"cap": "89127",
		"comune": "REGGIO CALABRIA",
		"provincia": "RC"
	}
	,
	{
		"codMec": "rctd09000n",
		"tipo": "IST TEC COMMERCIALE E PER GEOMETRI",
		"nome": "ITC \"FERRARIS/DA EMPOLI\"",
		"indirizzo": "VIA PIO XI RIONE MODENA 317",
		"cap": "89133",
		"comune": "REGGIO CALABRIA",
		"provincia": "RC"
	}
	,
	{
		"codMec": "rctf05000d",
		"tipo": "ISTITUTO TECNICO INDUSTRIALE",
		"nome": "ITI \"PANELLA /VALLAURI\" REGGIO CALABRIA",
		"indirizzo": "VIA E. CUZZOCREA 22",
		"cap": "89128",
		"comune": "REGGIO CALABRIA",
		"provincia": "RC"
	}
	,
	{
		"codMec": "rcvc010005",
		"tipo": "CONVITTO ANNESSO",
		"nome": "CONVITTO NAZ.LE DI STATO \"T. CAMPANELLA\"",
		"indirizzo": "VIA ASCHENEZ, 180",
		"cap": "89125",
		"comune": "REGGIO CALABRIA",
		"provincia": "RC"
	}
	,
	{
		"codMec": "rcic85100n",
		"tipo": "ISTITUTO COMPRENSIVO",
		"nome": "RIZZICONI",
		"indirizzo": "VIA MERIDIANA 1",
		"cap": "89016",
		"comune": "RIZZICONI",
		"provincia": "RC"
	}
	,
	{
		"codMec": "rcic854005",
		"tipo": "ISTITUTO COMPRENSIVO",
		"nome": "ROCCELLA JONICA",
		"indirizzo": "VIA TRASTEVERE 41",
		"cap": "89047",
		"comune": "ROCCELLA IONICA",
		"provincia": "RC"
	}
	,
	{
		"codMec": "rcps19000p",
		"tipo": "LICEO SCIENTIFICO",
		"nome": "\"P.MAZZONE\" ROCCELLA - GIOIOSA IONICA",
		"indirizzo": "VIA F. CILEA S.N.C.",
		"cap": "89047",
		"comune": "ROCCELLA IONICA",
		"provincia": "RC"
	}
	,
	{
		"codMec": "rcic825005",
		"tipo": "ISTITUTO COMPRENSIVO",
		"nome": "\"MARVASI\" ROSARNO S. FERDINANDO",
		"indirizzo": "PIAZZA DUOMO. 8",
		"cap": "89025",
		"comune": "ROSARNO",
		"provincia": "RC"
	}
	,
	{
		"codMec": "rcis01400v",
		"tipo": "ISTITUTO SUPERIORE",
		"nome": "\"R. PIRIA\" ROSARNO",
		"indirizzo": "VIA MODIGLIANI SNC",
		"cap": "89025",
		"comune": "ROSARNO",
		"provincia": "RC"
	}
	,
	{
		"codMec": "rcic85800c",
		"tipo": "ISTITUTO COMPRENSIVO",
		"nome": "SCOPELLITI- GREEN",
		"indirizzo": "VIA NAZIONALE NORD 44",
		"cap": "89025",
		"comune": "ROSARNO",
		"provincia": "RC"
	}
	,
	{
		"codMec": "rcic81400p",
		"tipo": "ISTITUTO COMPRENSIVO",
		"nome": "SAN LUCA BOVALINO",
		"indirizzo": "VIA POTAMIA 1",
		"cap": "89030",
		"comune": "SAN LUCA",
		"provincia": "RC"
	}
	,
	{
		"codMec": "rcic81900t",
		"tipo": "ISTITUTO COMPRENSIVO",
		"nome": "S.EUFEMIA SINOPOLI MELICUCCA\\'",
		"indirizzo": "VIA MAGGIORE CUTRI\\' 61",
		"cap": "89027",
		"comune": "SANT\\'EUFEMIA D\\'ASPROMONTE",
		"provincia": "RC"
	}
	,
	{
		"codMec": "rcic83500q",
		"tipo": "ISTITUTO COMPRENSIVO",
		"nome": "SCILLA \"R.PIRIA\"",
		"indirizzo": "VIA PARCO",
		"cap": "89058",
		"comune": "SCILLA",
		"provincia": "RC"
	}
	,
	{
		"codMec": "rcic86600b",
		"tipo": "ISTITUTO COMPRENSIVO",
		"nome": "PASCOLI ALVARO",
		"indirizzo": "CORSO GARIBALDI 122",
		"cap": "89040",
		"comune": "SIDERNO",
		"provincia": "RC"
	}
	,
	{
		"codMec": "rcri010006",
		"tipo": "IST PROF INDUSTRIA E ARTIGIANATO",
		"nome": "I.P.S.I.ARTIGIANATO SIDERNO",
		"indirizzo": "VIA G. MAZZINI, 2",
		"cap": "89048",
		"comune": "SIDERNO",
		"provincia": "RC"
	}
	,
	{
		"codMec": "rcic868003",
		"tipo": "ISTITUTO COMPRENSIVO",
		"nome": "CATONA RADICE  ALIGHIERI",
		"indirizzo": "FIGURELLE 27",
		"cap": "89135",
		"comune": "REGGIO CALABRIA",
		"provincia": "RC"
	}
	,
	{
		"codMec": "rcic86900v",
		"tipo": "ISTITUTO COMPRENSIVO",
		"nome": "NOSSIDE  PYTHAGORAS",
		"indirizzo": "SALITA AEROPORTO RAVAGNESE",
		"cap": "89131",
		"comune": "REGGIO CALABRIA",
		"provincia": "RC"
	}
	,
	{
		"codMec": "rcic870003",
		"tipo": "ISTITUTO COMPRENSIVO",
		"nome": "ALVARO -GEBBIONE",
		"indirizzo": "VIA BOTTEGHELLE 29",
		"cap": "89129",
		"comune": "REGGIO CALABRIA",
		"provincia": "RC"
	}
	,
	{
		"codMec": "rcic87100v",
		"tipo": "ISTITUTO COMPRENSIVO",
		"nome": "CASSIODORO - DON BOSCO",
		"indirizzo": "VIA NAZIONALE TV. G PELLARO",
		"cap": "89134",
		"comune": "REGGIO CALABRIA",
		"provincia": "RC"
	}
	,
	{
		"codMec": "rcic87200p",
		"tipo": "ISTITUTO COMPRENSIVO",
		"nome": "GALLUPPI COLLODI  BEVACQUA",
		"indirizzo": "VIA SBARRE C.LI BOTT.LLE",
		"cap": "89132",
		"comune": "REGGIO CALABRIA",
		"provincia": "RC"
	}
	,
	{
		"codMec": "rcic87300e",
		"tipo": "ISTITUTO COMPRENSIVO",
		"nome": "VITRIOLI -PRINCIPE DI PIEMONTE",
		"indirizzo": "VIA        POSSIDONEA          19",
		"cap": "89125",
		"comune": "REGGIO CALABRIA",
		"provincia": "RC"
	}
	,
	{
		"codMec": "rcis026005",
		"tipo": "ISTITUTO SUPERIORE",
		"nome": "IST. D\\'ISTR.SUP.\"U.BOCCIONI/FERMI\"",
		"indirizzo": "VIA SBARRE SUP.DIR. LABOCCETTA,25",
		"cap": "89133",
		"comune": "REGGIO CALABRIA",
		"provincia": "RC"
	}
	,
	{
		"codMec": "rcis034004",
		"tipo": "ISTITUTO SUPERIORE",
		"nome": "IST. ISTR. SUP.\"AUGUSTO RIGHI\"",
		"indirizzo": "VIA TRABOCCHETTO II TRONCO",
		"cap": "89126",
		"comune": "REGGIO CALABRIA",
		"provincia": "RC"
	}
	,
	{
		"codMec": "rcmm19800r",
		"tipo": "SCUOLA PRIMO GRADO",
		"nome": "CPIA STRETTO TIRRENO",
		"indirizzo": "VIA PIO XI 317",
		"cap": "89129",
		"comune": "REGGIO CALABRIA",
		"provincia": "RC"
	}
	,
	{
		"codMec": "rcmm19900l",
		"tipo": "SCUOLA PRIMO GRADO",
		"nome": "CPIA STRETTO IONIO",
		"indirizzo": "VIA FRANGIPANE 9",
		"cap": "89129",
		"comune": "REGGIO CALABRIA",
		"provincia": "RC"
	}
	,
	{
		"codMec": "rcpc050008",
		"tipo": "LICEO CLASSICO",
		"nome": "LICEO CLASSICO \"TOMMASO CAMPANELLA\"",
		"indirizzo": "VIA TOMMASO CAMPANELLA N. 27",
		"cap": "89125",
		"comune": "REGGIO CALABRIA",
		"provincia": "RC"
	}
	,
	{
		"codMec": "rcpm04000t",
		"tipo": "ISTITUTO MAGISTRALE",
		"nome": "LICEO SCIENZE UMANE \"T.GULLI\"",
		"indirizzo": "CORSO VITTORIO EMANUELE 69",
		"cap": "89125",
		"comune": "REGGIO CALABRIA",
		"provincia": "RC"
	}
	,
	{
		"codMec": "rcps010001",
		"tipo": "LICEO SCIENTIFICO",
		"nome": "LICEO SCIENTIFICO \"LEONARDO DA VINCI\"",
		"indirizzo": "VIA POSSIDONEA, 8",
		"cap": "89125",
		"comune": "REGGIO CALABRIA",
		"provincia": "RC"
	}
	,
	{
		"codMec": "rcps030006",
		"tipo": "LICEO SCIENTIFICO",
		"nome": "LICEO SCIENTIFICO  \"A. VOLTA\"",
		"indirizzo": "VIA MODENA SAN SPERATO",
		"cap": "89133",
		"comune": "REGGIO CALABRIA",
		"provincia": "RC"
	}
	,
	{
		"codMec": "rcsl030003",
		"tipo": "LICEO ARTISTICO",
		"nome": "LICEO ARTISTICO \"M.PRETI/A.FRANGIPANE\"",
		"indirizzo": "VIA ALFONSO FRANGIPANE, 9",
		"cap": "89129",
		"comune": "REGGIO CALABRIA",
		"provincia": "RC"
	}
]